AgentID,Date,ArrivalTime,EntryPoint,TargetTerminal,UserType,ReservationStatus,DisabilityStatus,LotID,ParkingFee,ParkingDurationForecast
10001,8/1/25,0.22,Van Wyck Expressway,T4,Business,False,False,,0,372.0
10002,8/1/25,0.27,Van Wyck Expressway,T8,Staff,True,False,,0,480.0
10003,8/1/25,1.2,Van Wyck Expressway,T5,Short-Term,False,False,,0,88.0
10004,8/1/25,1.34,Van Wyck Expressway,T1,Short-Term,False,False,,0,118.0
10005,8/1/25,1.48,Van Wyck Expressway,T4,Short-Term,False,False,,0,67.0
10006,8/1/25,1.75,Van Wyck Expressway,T4,Vacationer,False,False,,0,1237.0
10007,8/1/25,1.96,Van Wyck Expressway,T4,Short-Term,False,False,,0,56.0
10008,8/1/25,1.97,Van Wyck Expressway,T5,Business,True,False,,0,205.0
10009,8/1/25,1.97,Van Wyck Expressway,T4,Vacationer,True,False,,0,3155.0
10010,8/1/25,2.07,Van Wyck Expressway,T8,Short-Term,False,False,,0,88.0
10011,8/1/25,2.39,Van Wyck Expressway,T4,Vacationer,False,False,,0,4190.0
10012,8/1/25,2.42,Van Wyck Expressway,T8,Vacationer,False,False,,0,1167.0
10013,8/1/25,2.92,Van Wyck Expressway,T1,Staff,False,False,,0,480.0
10014,8/1/25,2.98,Van Wyck Expressway,T8,Short-Term,True,False,,0,67.0
10015,8/1/25,3.19,Van Wyck Expressway,T8,Staff,False,False,,0,480.0
10016,8/1/25,3.49,Van Wyck Expressway,T1,Business,False,False,,0,229.0
10017,8/1/25,3.75,Van Wyck Expressway,T8,Staff,False,False,,0,480.0
10018,8/1/25,4.22,Van Wyck Expressway,T8,Vacationer,False,False,,0,3633.0
10019,8/1/25,4.72,Van Wyck Expressway,T1,Short-Term,False,False,,0,41.0
10020,8/1/25,4.83,Van Wyck Expressway,T5,Vacationer,False,False,,0,778.0
10021,8/1/25,5.02,Van Wyck Expressway,T1,Short-Term,False,False,,0,81.0
10022,8/1/25,5.09,Van Wyck Expressway,T5,Business,False,False,,0,179.0
10023,8/1/25,5.14,Van Wyck Expressway,T5,Business,False,False,,0,237.0
10024,8/1/25,5.2,Van Wyck Expressway,T8,Short-Term,False,False,,0,53.0
10025,8/1/25,6.28,Van Wyck Expressway,T1,Short-Term,False,False,,0,118.0
10026,8/1/25,6.47,Van Wyck Expressway,T5,Vacationer,False,False,,0,1674.0
10027,8/1/25,6.48,Van Wyck Expressway,T8,Vacationer,True,False,,0,1425.0
10028,8/1/25,6.79,Van Wyck Expressway,T8,Business,False,False,,0,358.0
10029,8/1/25,6.93,Van Wyck Expressway,T4,Vacationer,False,False,,0,3792.0
10030,8/1/25,6.98,Van Wyck Expressway,T4,Short-Term,False,False,,0,86.0
10031,8/1/25,7.16,Van Wyck Expressway,T8,Business,False,False,,0,458.0
10032,8/1/25,7.18,Van Wyck Expressway,T1,Business,False,False,,0,183.0
10033,8/1/25,7.41,Van Wyck Expressway,T8,Vacationer,False,False,,0,424.0
10034,8/1/25,7.43,Van Wyck Expressway,T4,Vacationer,False,False,,0,505.0
10035,8/1/25,7.75,Van Wyck Expressway,T4,Short-Term,False,False,,0,100.0
10036,8/1/25,9.14,Van Wyck Expressway,T4,Staff,False,False,,0,480.0
10037,8/1/25,9.25,Van Wyck Expressway,T8,Short-Term,False,False,,0,50.0
10038,8/1/25,9.65,Van Wyck Expressway,T4,Short-Term,False,False,,0,37.0
10039,8/1/25,9.79,Van Wyck Expressway,T5,Staff,False,False,,0,480.0
10040,8/1/25,9.86,Van Wyck Expressway,T1,Short-Term,False,False,,0,91.0
10041,8/1/25,9.91,Van Wyck Expressway,T5,Business,False,False,,0,195.0
10042,8/1/25,10.33,Van Wyck Expressway,T1,Business,False,False,,0,188.0
10043,8/1/25,10.43,Van Wyck Expressway,T1,Vacationer,False,False,,0,3925.0
10044,8/1/25,10.6,Van Wyck Expressway,T8,Business,False,False,,0,339.0
10045,8/1/25,10.98,Van Wyck Expressway,T4,Business,False,False,,0,327.0
10046,8/1/25,11.0,Van Wyck Expressway,T5,Business,False,False,,0,238.0
10047,8/1/25,11.17,Van Wyck Expressway,T5,Vacationer,False,False,,0,434.0
10048,8/1/25,11.24,Van Wyck Expressway,T8,Vacationer,True,False,,0,1920.0
10049,8/1/25,11.42,Van Wyck Expressway,T8,Business,False,False,,0,443.0
10050,8/1/25,12.48,Van Wyck Expressway,T1,Short-Term,False,False,,0,68.0
10051,8/1/25,12.89,Van Wyck Expressway,T1,Short-Term,False,False,,0,79.0
10052,8/1/25,13.74,Van Wyck Expressway,T8,Business,False,False,,0,258.0
10053,8/1/25,13.75,Van Wyck Expressway,T8,Business,False,False,,0,237.0
10054,8/1/25,13.78,Van Wyck Expressway,T8,Business,False,False,,0,298.0
10055,8/1/25,13.9,Van Wyck Expressway,T4,Staff,False,False,,0,480.0
10056,8/1/25,14.03,Van Wyck Expressway,T5,Short-Term,False,False,,0,56.0
10057,8/1/25,14.1,Van Wyck Expressway,T1,Short-Term,False,False,,0,107.0
10058,8/1/25,14.32,Van Wyck Expressway,T4,Vacationer,False,False,,0,4229.0
10059,8/1/25,14.34,Van Wyck Expressway,T5,Business,False,False,,0,310.0
10060,8/1/25,14.44,Van Wyck Expressway,T4,Short-Term,False,False,,0,88.0
10061,8/1/25,14.46,Van Wyck Expressway,T4,Business,False,False,,0,444.0
10062,8/1/25,14.68,Van Wyck Expressway,T5,Short-Term,False,False,,0,56.0
10063,8/1/25,15.3,Van Wyck Expressway,T8,Short-Term,False,False,,0,97.0
10064,8/1/25,15.36,Van Wyck Expressway,T5,Vacationer,False,False,,0,3389.0
10065,8/1/25,16.83,Van Wyck Expressway,T1,Business,True,False,,0,245.0
10066,8/1/25,16.97,Van Wyck Expressway,T5,Business,False,False,,0,316.0
10067,8/1/25,17.36,Van Wyck Expressway,T8,Business,False,False,,0,425.0
10068,8/1/25,17.36,Van Wyck Expressway,T1,Business,False,False,,0,256.0
10069,8/1/25,17.65,Van Wyck Expressway,T8,Short-Term,False,False,,0,104.0
10070,8/1/25,18.01,Van Wyck Expressway,T1,Business,False,False,,0,261.0
10071,8/1/25,18.27,Van Wyck Expressway,T8,Short-Term,False,False,,0,98.0
10072,8/1/25,18.27,Van Wyck Expressway,T4,Staff,False,False,,0,480.0
10073,8/1/25,18.53,Van Wyck Expressway,T4,Business,False,False,,0,242.0
10074,8/1/25,18.55,Van Wyck Expressway,T8,Short-Term,False,False,,0,103.0
10075,8/1/25,18.61,Van Wyck Expressway,T8,Short-Term,False,False,,0,109.0
10076,8/1/25,18.73,Van Wyck Expressway,T1,Vacationer,False,False,,0,4141.0
10077,8/1/25,19.05,Van Wyck Expressway,T4,Short-Term,False,False,,0,64.0
10078,8/1/25,19.2,Van Wyck Expressway,T8,Short-Term,False,False,,0,44.0
10079,8/1/25,19.46,Van Wyck Expressway,T8,Business,True,False,,0,456.0
10080,8/1/25,19.49,Van Wyck Expressway,T8,Vacationer,False,False,,0,796.0
10081,8/1/25,19.92,Van Wyck Expressway,T1,Short-Term,False,False,,0,113.0
10082,8/1/25,20.17,Van Wyck Expressway,T5,Business,False,False,,0,132.0
10083,8/1/25,21.61,Van Wyck Expressway,T8,Business,False,False,,0,123.0
10084,8/1/25,21.65,Van Wyck Expressway,T5,Vacationer,False,False,,0,2203.0
10085,8/1/25,21.82,Van Wyck Expressway,T4,Short-Term,False,False,,0,82.0
10086,8/1/25,21.83,Van Wyck Expressway,T1,Short-Term,False,False,,0,106.0
10087,8/1/25,22.53,Van Wyck Expressway,T4,Short-Term,False,False,,0,103.0
10088,8/1/25,23.05,Van Wyck Expressway,T5,Business,False,False,,0,190.0
10089,8/1/25,23.35,Van Wyck Expressway,T1,Vacationer,False,False,,0,3868.0
10090,8/1/25,23.39,Van Wyck Expressway,T1,Vacationer,False,False,,0,1273.0
10091,8/1/25,23.43,Van Wyck Expressway,T8,Short-Term,False,False,,0,101.0
10092,8/1/25,23.54,Van Wyck Expressway,T1,Business,False,False,,0,178.0
10093,8/1/25,23.57,Van Wyck Expressway,T4,Vacationer,False,False,,0,1788.0
10094,8/1/25,23.64,Van Wyck Expressway,T4,Short-Term,False,False,,0,66.0
10095,8/1/25,23.86,Van Wyck Expressway,T4,Short-Term,False,False,,0,36.0
10096,8/1/25,23.89,Van Wyck Expressway,T5,Business,False,False,,0,469.0
10097,8/1/25,24.08,Van Wyck Expressway,T8,Vacationer,False,False,,0,3363.0
10098,8/1/25,24.24,Van Wyck Expressway,T8,Business,True,False,,0,416.0
10099,8/1/25,24.52,Van Wyck Expressway,T5,Staff,True,False,,0,480.0
10100,8/1/25,24.53,Van Wyck Expressway,T4,Business,False,False,,0,214.0
10101,8/1/25,25.8,Van Wyck Expressway,T5,Staff,False,False,,0,480.0
10102,8/1/25,25.82,Van Wyck Expressway,T4,Business,False,False,,0,168.0
10103,8/1/25,25.96,Van Wyck Expressway,T8,Staff,False,False,,0,480.0
10104,8/1/25,26.05,Van Wyck Expressway,T5,Short-Term,False,False,,0,41.0
10105,8/1/25,26.29,Van Wyck Expressway,T8,Staff,False,False,,0,480.0
10106,8/1/25,26.37,Van Wyck Expressway,T5,Short-Term,False,False,,0,50.0
10107,8/1/25,26.44,Van Wyck Expressway,T4,Business,False,False,,0,258.0
10108,8/1/25,26.48,Van Wyck Expressway,T8,Business,False,False,,0,232.0
10109,8/1/25,26.59,Van Wyck Expressway,T5,Vacationer,False,False,,0,544.0
10110,8/1/25,26.64,Van Wyck Expressway,T5,Business,False,False,,0,152.0
10111,8/1/25,27.18,Van Wyck Expressway,T5,Staff,False,False,,0,480.0
10112,8/1/25,27.21,Van Wyck Expressway,T4,Business,False,False,,0,158.0
10113,8/1/25,27.31,Van Wyck Expressway,T4,Short-Term,False,False,,0,43.0
10114,8/1/25,27.7,Van Wyck Expressway,T8,Business,False,False,,0,463.0
10115,8/1/25,27.87,Van Wyck Expressway,T4,Business,True,False,,0,217.0
10116,8/1/25,28.1,Van Wyck Expressway,T5,Short-Term,True,False,,0,56.0
10117,8/1/25,28.17,Van Wyck Expressway,T4,Short-Term,False,False,,0,85.0
10118,8/1/25,28.42,Van Wyck Expressway,T5,Short-Term,False,False,,0,78.0
10119,8/1/25,28.62,Van Wyck Expressway,T4,Vacationer,False,False,,0,1615.0
10120,8/1/25,29.06,Van Wyck Expressway,T4,Vacationer,False,False,,0,2033.0
10121,8/1/25,29.15,Van Wyck Expressway,T8,Short-Term,False,False,,0,112.0
10122,8/1/25,29.37,Van Wyck Expressway,T1,Short-Term,False,False,,0,59.0
10123,8/1/25,29.53,Van Wyck Expressway,T8,Business,False,False,,0,316.0
10124,8/1/25,29.61,Van Wyck Expressway,T5,Short-Term,False,False,,0,68.0
10125,8/1/25,29.75,Van Wyck Expressway,T1,Vacationer,False,False,,0,370.0
10126,8/1/25,29.77,Van Wyck Expressway,T4,Short-Term,False,False,,0,80.0
10127,8/1/25,30.02,Van Wyck Expressway,T1,Vacationer,False,False,,0,3373.0
10128,8/1/25,30.06,Van Wyck Expressway,T8,Short-Term,True,False,,0,93.0
10129,8/1/25,30.22,Van Wyck Expressway,T4,Short-Term,False,False,,0,116.0
10130,8/1/25,30.63,Van Wyck Expressway,T4,Vacationer,False,False,,0,3661.0
10131,8/1/25,30.69,Van Wyck Expressway,T4,Short-Term,False,False,,0,80.0
10132,8/1/25,30.78,Van Wyck Expressway,T1,Short-Term,False,False,,0,35.0
10133,8/1/25,30.86,Van Wyck Expressway,T4,Short-Term,False,False,,0,106.0
10134,8/1/25,31.1,Van Wyck Expressway,T4,Business,False,False,,0,217.0
10135,8/1/25,31.48,Van Wyck Expressway,T5,Business,False,False,,0,243.0
10136,8/1/25,31.54,Van Wyck Expressway,T5,Business,False,False,,0,304.0
10137,8/1/25,31.87,Van Wyck Expressway,T8,Vacationer,False,False,,0,982.0
10138,8/1/25,32.07,Van Wyck Expressway,T1,Short-Term,False,False,,0,110.0
10139,8/1/25,32.08,Van Wyck Expressway,T8,Short-Term,False,False,,0,70.0
10140,8/1/25,32.12,Van Wyck Expressway,T8,Staff,False,False,,0,480.0
10141,8/1/25,32.19,Van Wyck Expressway,T1,Business,False,False,,0,235.0
10142,8/1/25,32.21,Van Wyck Expressway,T1,Short-Term,False,False,,0,84.0
10143,8/1/25,32.44,Van Wyck Expressway,T8,Vacationer,False,False,,0,3784.0
10144,8/1/25,32.47,Van Wyck Expressway,T1,Business,True,False,,0,159.0
10145,8/1/25,32.88,Van Wyck Expressway,T4,Short-Term,False,False,,0,61.0
10146,8/1/25,32.93,Van Wyck Expressway,T1,Vacationer,True,False,,0,3224.0
10147,8/1/25,33.09,Van Wyck Expressway,T1,Business,False,False,,0,201.0
10148,8/1/25,33.3,Van Wyck Expressway,T5,Vacationer,False,False,,0,3596.0
10149,8/1/25,33.37,Van Wyck Expressway,T1,Staff,False,False,,0,480.0
10150,8/1/25,33.61,Van Wyck Expressway,T8,Short-Term,False,False,,0,87.0
10151,8/1/25,33.91,Van Wyck Expressway,T1,Business,False,False,,0,376.0
10152,8/1/25,34.15,Van Wyck Expressway,T4,Short-Term,False,False,,0,112.0
10153,8/1/25,34.2,Van Wyck Expressway,T4,Staff,False,False,,0,480.0
10154,8/1/25,34.25,Van Wyck Expressway,T8,Vacationer,False,False,,0,4156.0
10155,8/1/25,34.26,Van Wyck Expressway,T1,Short-Term,False,False,,0,31.0
10156,8/1/25,34.69,Van Wyck Expressway,T4,Staff,False,False,,0,480.0
10157,8/1/25,34.79,Van Wyck Expressway,T1,Vacationer,False,False,,0,625.0
10158,8/1/25,34.92,Van Wyck Expressway,T8,Staff,False,False,,0,480.0
10159,8/1/25,35.28,Van Wyck Expressway,T5,Business,False,False,,0,168.0
10160,8/1/25,35.45,Van Wyck Expressway,T1,Short-Term,False,False,,0,108.0
10161,8/1/25,35.49,Van Wyck Expressway,T8,Staff,True,False,,0,480.0
10162,8/1/25,35.65,Van Wyck Expressway,T8,Business,False,False,,0,479.0
10163,8/1/25,36.15,Van Wyck Expressway,T1,Short-Term,False,False,,0,109.0
10164,8/1/25,36.32,Van Wyck Expressway,T5,Short-Term,False,False,,0,75.0
10165,8/1/25,36.42,Van Wyck Expressway,T1,Staff,False,False,,0,480.0
10166,8/1/25,37.16,Van Wyck Expressway,T8,Business,False,False,,0,430.0
10167,8/1/25,37.23,Van Wyck Expressway,T1,Staff,False,False,,0,480.0
10168,8/1/25,37.27,Van Wyck Expressway,T4,Short-Term,False,False,,0,91.0
10169,8/1/25,37.31,Van Wyck Expressway,T8,Short-Term,False,False,,0,40.0
10170,8/1/25,37.63,Van Wyck Expressway,T5,Business,False,False,,0,389.0
10171,8/1/25,37.69,Van Wyck Expressway,T8,Short-Term,False,False,,0,84.0
10172,8/1/25,37.71,Van Wyck Expressway,T5,Vacationer,False,False,,0,4030.0
10173,8/1/25,37.9,Van Wyck Expressway,T4,Vacationer,False,False,,0,4088.0
10174,8/1/25,37.9,Van Wyck Expressway,T8,Short-Term,False,False,,0,56.0
10175,8/1/25,38.05,Van Wyck Expressway,T5,Short-Term,False,False,,0,102.0
10176,8/1/25,38.23,Van Wyck Expressway,T5,Short-Term,False,False,,0,86.0
10177,8/1/25,38.44,Van Wyck Expressway,T5,Staff,False,False,,0,480.0
10178,8/1/25,38.47,Van Wyck Expressway,T1,Business,False,False,,0,412.0
10179,8/1/25,38.54,Van Wyck Expressway,T4,Vacationer,False,False,,0,2455.0
10180,8/1/25,38.79,Van Wyck Expressway,T4,Short-Term,False,False,,0,69.0
10181,8/1/25,38.94,Van Wyck Expressway,T5,Business,False,False,,0,390.0
10182,8/1/25,39.27,Van Wyck Expressway,T4,Short-Term,True,False,,0,89.0
10183,8/1/25,39.43,Van Wyck Expressway,T8,Short-Term,False,False,,0,34.0
10184,8/1/25,39.45,Van Wyck Expressway,T4,Short-Term,False,False,,0,109.0
10185,8/1/25,39.48,Van Wyck Expressway,T8,Vacationer,False,False,,0,768.0
10186,8/1/25,39.58,Van Wyck Expressway,T4,Business,False,False,,0,218.0
10187,8/1/25,40.1,Van Wyck Expressway,T1,Short-Term,False,False,,0,101.0
10188,8/1/25,40.13,Van Wyck Expressway,T4,Short-Term,False,False,,0,119.0
10189,8/1/25,40.53,Van Wyck Expressway,T8,Vacationer,False,False,,0,3294.0
10190,8/1/25,40.82,Van Wyck Expressway,T5,Business,False,False,,0,349.0
10191,8/1/25,40.97,Van Wyck Expressway,T8,Business,False,False,,0,291.0
10192,8/1/25,41.38,Van Wyck Expressway,T5,Business,False,False,,0,388.0
10193,8/1/25,41.39,Van Wyck Expressway,T4,Staff,False,False,,0,480.0
10194,8/1/25,41.72,Van Wyck Expressway,T4,Vacationer,False,False,,0,2160.0
10195,8/1/25,41.8,Van Wyck Expressway,T4,Business,False,False,,0,333.0
10196,8/1/25,41.92,Van Wyck Expressway,T5,Short-Term,False,False,,0,104.0
10197,8/1/25,42.22,Van Wyck Expressway,T5,Short-Term,False,False,,0,54.0
10198,8/1/25,42.31,Van Wyck Expressway,T8,Short-Term,False,False,,0,50.0
10199,8/1/25,42.32,Van Wyck Expressway,T1,Business,True,False,,0,292.0
10200,8/1/25,42.47,Van Wyck Expressway,T1,Short-Term,False,False,,0,71.0
10201,8/1/25,42.56,Van Wyck Expressway,T1,Staff,False,False,,0,480.0
10202,8/1/25,43.0,Van Wyck Expressway,T4,Vacationer,False,False,,0,1398.0
10203,8/1/25,43.2,Van Wyck Expressway,T4,Short-Term,False,False,,0,90.0
10204,8/1/25,43.29,Van Wyck Expressway,T4,Short-Term,False,False,,0,60.0
10205,8/1/25,43.31,Van Wyck Expressway,T5,Vacationer,False,False,,0,3808.0
10206,8/1/25,43.32,Van Wyck Expressway,T1,Vacationer,False,False,,0,3998.0
10207,8/1/25,43.35,Van Wyck Expressway,T8,Short-Term,False,False,,0,54.0
10208,8/1/25,43.7,Van Wyck Expressway,T5,Short-Term,True,False,,0,75.0
10209,8/1/25,44.55,Van Wyck Expressway,T8,Staff,False,False,,0,480.0
10210,8/1/25,44.57,Van Wyck Expressway,T5,Short-Term,False,False,,0,92.0
10211,8/1/25,45.14,Van Wyck Expressway,T1,Vacationer,False,False,,0,3798.0
10212,8/1/25,45.14,Van Wyck Expressway,T8,Vacationer,False,False,,0,3862.0
10213,8/1/25,45.33,Van Wyck Expressway,T1,Business,False,False,,0,301.0
10214,8/1/25,45.7,Van Wyck Expressway,T4,Short-Term,False,False,,0,72.0
10215,8/1/25,45.85,Van Wyck Expressway,T1,Vacationer,False,False,,0,3051.0
10216,8/1/25,46.07,Van Wyck Expressway,T1,Staff,False,False,,0,480.0
10217,8/1/25,46.29,Van Wyck Expressway,T4,Business,False,False,,0,358.0
10218,8/1/25,46.63,Van Wyck Expressway,T1,Business,False,False,,0,298.0
10219,8/1/25,46.73,Van Wyck Expressway,T4,Short-Term,False,False,,0,100.0
10220,8/1/25,46.84,Van Wyck Expressway,T8,Vacationer,False,False,,0,372.0
10221,8/1/25,47.04,Van Wyck Expressway,T1,Short-Term,False,False,,0,93.0
10222,8/1/25,47.06,Van Wyck Expressway,T1,Vacationer,False,False,,0,1789.0
10223,8/1/25,47.49,Van Wyck Expressway,T8,Business,False,False,,0,158.0
10224,8/1/25,47.83,Van Wyck Expressway,T8,Short-Term,False,False,,0,90.0
10225,8/1/25,48.16,Van Wyck Expressway,T5,Business,False,False,,0,421.0
10226,8/1/25,48.3,Van Wyck Expressway,T5,Vacationer,False,False,,0,2139.0
10227,8/1/25,48.53,Van Wyck Expressway,T1,Vacationer,False,False,,0,4018.0
10228,8/1/25,48.74,Van Wyck Expressway,T5,Business,False,False,,0,286.0
10229,8/1/25,49.01,Van Wyck Expressway,T1,Short-Term,False,False,,0,99.0
10230,8/1/25,49.16,Van Wyck Expressway,T8,Short-Term,False,False,,0,93.0
10231,8/1/25,49.7,Van Wyck Expressway,T1,Short-Term,False,False,,0,67.0
10232,8/1/25,49.84,Van Wyck Expressway,T1,Short-Term,True,False,,0,72.0
10233,8/1/25,49.89,Van Wyck Expressway,T1,Business,False,False,,0,178.0
10234,8/1/25,50.1,Van Wyck Expressway,T5,Business,False,False,,0,316.0
10235,8/1/25,50.48,Van Wyck Expressway,T4,Short-Term,True,False,,0,69.0
10236,8/1/25,50.56,Van Wyck Expressway,T1,Short-Term,True,False,,0,52.0
10237,8/1/25,50.62,Van Wyck Expressway,T8,Short-Term,False,False,,0,34.0
10238,8/1/25,50.65,Van Wyck Expressway,T1,Staff,False,False,,0,480.0
10239,8/1/25,50.84,Van Wyck Expressway,T1,Short-Term,True,False,,0,69.0
10240,8/1/25,51.0,Van Wyck Expressway,T5,Business,True,False,,0,422.0
10241,8/1/25,51.21,Van Wyck Expressway,T4,Business,False,False,,0,384.0
10242,8/1/25,51.26,Van Wyck Expressway,T8,Business,False,False,,0,180.0
10243,8/1/25,51.39,Van Wyck Expressway,T1,Business,False,False,,0,130.0
10244,8/1/25,51.39,Van Wyck Expressway,T5,Business,False,False,,0,445.0
10245,8/1/25,51.52,Van Wyck Expressway,T4,Vacationer,False,False,,0,1535.0
10246,8/1/25,51.73,Van Wyck Expressway,T1,Short-Term,True,False,,0,107.0
10247,8/1/25,51.88,Van Wyck Expressway,T4,Business,False,False,,0,250.0
10248,8/1/25,52.2,Van Wyck Expressway,T1,Vacationer,False,False,,0,3108.0
10249,8/1/25,52.23,Van Wyck Expressway,T5,Business,False,False,,0,245.0
10250,8/1/25,52.27,Van Wyck Expressway,T8,Short-Term,False,False,,0,100.0
10251,8/1/25,52.68,Van Wyck Expressway,T1,Short-Term,False,False,,0,71.0
10252,8/1/25,52.75,Van Wyck Expressway,T5,Short-Term,False,False,,0,42.0
10253,8/1/25,52.77,Van Wyck Expressway,T5,Short-Term,False,False,,0,94.0
10254,8/1/25,52.81,Van Wyck Expressway,T5,Short-Term,False,False,,0,116.0
10255,8/1/25,52.82,Van Wyck Expressway,T8,Short-Term,False,False,,0,98.0
10256,8/1/25,52.85,Van Wyck Expressway,T8,Short-Term,False,False,,0,80.0
10257,8/1/25,53.28,Van Wyck Expressway,T8,Business,False,False,,0,378.0
10258,8/1/25,53.36,Van Wyck Expressway,T4,Business,False,False,,0,237.0
10259,8/1/25,53.43,Van Wyck Expressway,T5,Short-Term,False,False,,0,113.0
10260,8/1/25,53.49,Van Wyck Expressway,T1,Short-Term,False,False,,0,108.0
10261,8/1/25,53.82,Van Wyck Expressway,T8,Short-Term,False,False,,0,72.0
10262,8/1/25,54.29,Van Wyck Expressway,T8,Short-Term,True,False,,0,111.0
10263,8/1/25,54.5,Van Wyck Expressway,T5,Vacationer,False,False,,0,3264.0
10264,8/1/25,54.64,Van Wyck Expressway,T4,Business,True,False,,0,301.0
10265,8/1/25,54.98,Van Wyck Expressway,T4,Vacationer,False,False,,0,947.0
10266,8/1/25,55.05,Van Wyck Expressway,T5,Vacationer,False,False,,0,966.0
10267,8/1/25,55.43,Van Wyck Expressway,T4,Short-Term,False,False,,0,77.0
10268,8/1/25,55.49,Van Wyck Expressway,T4,Short-Term,True,False,,0,84.0
10269,8/1/25,55.98,Van Wyck Expressway,T5,Short-Term,True,False,,0,101.0
10270,8/1/25,56.07,Van Wyck Expressway,T8,Vacationer,False,False,,0,4213.0
10271,8/1/25,56.22,Van Wyck Expressway,T5,Staff,False,False,,0,480.0
10272,8/1/25,56.35,Van Wyck Expressway,T4,Business,False,False,,0,180.0
10273,8/1/25,56.65,Van Wyck Expressway,T5,Short-Term,False,False,,0,67.0
10274,8/1/25,56.65,Van Wyck Expressway,T5,Vacationer,False,False,,0,2659.0
10275,8/1/25,56.69,Van Wyck Expressway,T5,Short-Term,False,False,,0,37.0
10276,8/1/25,56.72,Van Wyck Expressway,T8,Business,False,False,,0,294.0
10277,8/1/25,56.9,Van Wyck Expressway,T5,Vacationer,False,False,,0,3065.0
10278,8/1/25,56.99,Van Wyck Expressway,T5,Business,False,False,,0,360.0
10279,8/1/25,57.14,Van Wyck Expressway,T8,Short-Term,False,False,,0,114.0
10280,8/1/25,57.19,Van Wyck Expressway,T5,Short-Term,False,False,,0,114.0
10281,8/1/25,57.79,Van Wyck Expressway,T1,Vacationer,False,False,,0,3973.0
10282,8/1/25,59.11,Van Wyck Expressway,T4,Vacationer,False,False,,0,3070.0
10283,8/1/25,59.36,Van Wyck Expressway,T8,Business,False,False,,0,471.0
10284,8/1/25,59.41,Van Wyck Expressway,T1,Business,False,False,,0,149.0
10285,8/1/25,59.61,Van Wyck Expressway,T4,Business,False,False,,0,325.0
10286,8/1/25,59.62,Van Wyck Expressway,T1,Vacationer,False,False,,0,841.0
10287,8/1/25,59.63,Van Wyck Expressway,T4,Short-Term,True,False,,0,75.0
10288,8/1/25,60.37,Van Wyck Expressway,T5,Vacationer,False,False,,0,1417.0
10289,8/1/25,60.95,Van Wyck Expressway,T4,Short-Term,False,False,,0,50.0
10290,8/1/25,61.0,Van Wyck Expressway,T5,Short-Term,False,False,,0,44.0
10291,8/1/25,61.07,Van Wyck Expressway,T5,Short-Term,False,False,,0,63.0
10292,8/1/25,61.23,Van Wyck Expressway,T4,Short-Term,True,False,,0,108.0
10293,8/1/25,61.35,Van Wyck Expressway,T5,Business,False,False,,0,127.0
10294,8/1/25,61.37,Van Wyck Expressway,T4,Staff,False,False,,0,480.0
10295,8/1/25,61.55,Van Wyck Expressway,T1,Short-Term,False,False,,0,64.0
10296,8/1/25,61.55,Van Wyck Expressway,T8,Vacationer,False,False,,0,2991.0
10297,8/1/25,61.63,Van Wyck Expressway,T5,Business,False,False,,0,145.0
10298,8/1/25,61.73,Van Wyck Expressway,T5,Staff,False,False,,0,480.0
10299,8/1/25,61.94,Van Wyck Expressway,T8,Vacationer,False,False,,0,2196.0
10300,8/1/25,62.18,Van Wyck Expressway,T4,Short-Term,False,False,,0,65.0
10301,8/1/25,62.29,Van Wyck Expressway,T4,Short-Term,False,False,,0,59.0
10302,8/1/25,62.67,Van Wyck Expressway,T1,Vacationer,False,False,,0,4101.0
10303,8/1/25,62.97,Van Wyck Expressway,T1,Business,False,False,,0,380.0
10304,8/1/25,63.22,Van Wyck Expressway,T5,Business,False,False,,0,309.0
10305,8/1/25,63.26,Van Wyck Expressway,T5,Business,False,False,,0,331.0
10306,8/1/25,63.31,Van Wyck Expressway,T8,Business,False,False,,0,172.0
10307,8/1/25,63.36,Van Wyck Expressway,T4,Short-Term,False,False,,0,38.0
10308,8/1/25,63.55,Van Wyck Expressway,T4,Short-Term,False,False,,0,96.0
10309,8/1/25,63.58,Van Wyck Expressway,T1,Vacationer,False,False,,0,1617.0
10310,8/1/25,63.61,Van Wyck Expressway,T5,Vacationer,False,False,,0,1284.0
10311,8/1/25,63.81,Van Wyck Expressway,T4,Short-Term,False,False,,0,109.0
10312,8/1/25,64.2,Van Wyck Expressway,T1,Vacationer,False,False,,0,1353.0
10313,8/1/25,64.21,Van Wyck Expressway,T8,Vacationer,False,False,,0,1447.0
10314,8/1/25,64.98,Van Wyck Expressway,T5,Business,False,False,,0,299.0
10315,8/1/25,65.36,Van Wyck Expressway,T1,Short-Term,False,False,,0,63.0
10316,8/1/25,65.57,Van Wyck Expressway,T1,Short-Term,False,False,,0,56.0
10317,8/1/25,65.58,Van Wyck Expressway,T1,Vacationer,False,False,,0,3592.0
10318,8/1/25,65.61,Van Wyck Expressway,T8,Business,False,False,,0,146.0
10319,8/1/25,65.83,Van Wyck Expressway,T5,Short-Term,False,False,,0,100.0
10320,8/1/25,66.45,Van Wyck Expressway,T5,Short-Term,True,False,,0,110.0
10321,8/1/25,66.57,Van Wyck Expressway,T4,Vacationer,False,False,,0,565.0
10322,8/1/25,66.59,Van Wyck Expressway,T1,Short-Term,False,False,,0,79.0
10323,8/1/25,66.61,Van Wyck Expressway,T5,Business,False,False,,0,146.0
10324,8/1/25,66.71,Van Wyck Expressway,T5,Vacationer,False,False,,0,4159.0
10325,8/1/25,66.99,Van Wyck Expressway,T4,Short-Term,False,False,,0,112.0
10326,8/1/25,67.22,Van Wyck Expressway,T4,Business,False,False,,0,391.0
10327,8/1/25,67.45,Van Wyck Expressway,T4,Vacationer,False,False,,0,3316.0
10328,8/1/25,67.69,Van Wyck Expressway,T5,Staff,True,False,,0,480.0
10329,8/1/25,67.7,Van Wyck Expressway,T5,Short-Term,False,False,,0,35.0
10330,8/1/25,67.73,Van Wyck Expressway,T8,Business,False,False,,0,326.0
10331,8/1/25,67.97,Van Wyck Expressway,T8,Business,False,False,,0,134.0
10332,8/1/25,68.24,Van Wyck Expressway,T1,Vacationer,False,False,,0,3252.0
10333,8/1/25,68.48,Van Wyck Expressway,T5,Business,True,False,,0,304.0
10334,8/1/25,68.63,Van Wyck Expressway,T8,Business,False,False,,0,308.0
10335,8/1/25,68.92,Van Wyck Expressway,T4,Business,False,False,,0,266.0
10336,8/1/25,69.01,Van Wyck Expressway,T5,Business,False,False,,0,345.0
10337,8/1/25,69.24,Van Wyck Expressway,T4,Short-Term,False,False,,0,60.0
10338,8/1/25,69.79,Van Wyck Expressway,T1,Business,True,False,,0,388.0
10339,8/1/25,69.95,Van Wyck Expressway,T4,Business,False,False,,0,226.0
10340,8/1/25,70.13,Van Wyck Expressway,T4,Business,False,False,,0,450.0
10341,8/1/25,70.65,Van Wyck Expressway,T8,Staff,True,False,,0,480.0
10342,8/1/25,70.73,Van Wyck Expressway,T4,Business,False,False,,0,182.0
10343,8/1/25,70.91,Van Wyck Expressway,T8,Staff,False,False,,0,480.0
10344,8/1/25,71.13,Van Wyck Expressway,T4,Short-Term,False,False,,0,97.0
10345,8/1/25,71.17,Van Wyck Expressway,T4,Vacationer,False,False,,0,620.0
10346,8/1/25,71.21,Van Wyck Expressway,T1,Business,False,False,,0,269.0
10347,8/1/25,71.8,Van Wyck Expressway,T5,Vacationer,False,False,,0,1085.0
10348,8/1/25,71.87,Van Wyck Expressway,T5,Vacationer,False,False,,0,3948.0
10349,8/1/25,72.01,Van Wyck Expressway,T1,Business,True,False,,0,121.0
10350,8/1/25,72.21,Van Wyck Expressway,T8,Short-Term,False,False,,0,85.0
10351,8/1/25,72.85,Van Wyck Expressway,T8,Short-Term,False,False,,0,38.0
10352,8/1/25,72.88,Van Wyck Expressway,T5,Short-Term,False,False,,0,94.0
10353,8/1/25,72.95,Van Wyck Expressway,T4,Business,False,False,,0,183.0
10354,8/1/25,73.23,Van Wyck Expressway,T4,Vacationer,False,False,,0,697.0
10355,8/1/25,73.24,Van Wyck Expressway,T5,Vacationer,False,False,,0,703.0
10356,8/1/25,73.28,Van Wyck Expressway,T4,Short-Term,False,False,,0,59.0
10357,8/1/25,73.65,Van Wyck Expressway,T1,Short-Term,False,False,,0,100.0
10358,8/1/25,73.72,Van Wyck Expressway,T1,Short-Term,False,False,,0,42.0
10359,8/1/25,73.77,Van Wyck Expressway,T1,Business,False,False,,0,276.0
10360,8/1/25,74.31,Van Wyck Expressway,T4,Short-Term,False,False,,0,86.0
10361,8/1/25,74.44,Van Wyck Expressway,T5,Short-Term,False,False,,0,89.0
10362,8/1/25,74.75,Van Wyck Expressway,T1,Staff,False,False,,0,480.0
10363,8/1/25,74.89,Van Wyck Expressway,T8,Vacationer,True,False,,0,2456.0
10364,8/1/25,75.17,Van Wyck Expressway,T8,Short-Term,False,False,,0,36.0
10365,8/1/25,75.28,Van Wyck Expressway,T5,Short-Term,False,False,,0,74.0
10366,8/1/25,75.34,Van Wyck Expressway,T5,Business,False,False,,0,317.0
10367,8/1/25,75.41,Van Wyck Expressway,T8,Vacationer,False,False,,0,1569.0
10368,8/1/25,75.5,Van Wyck Expressway,T4,Staff,False,False,,0,480.0
10369,8/1/25,75.57,Van Wyck Expressway,T8,Business,False,False,,0,325.0
10370,8/1/25,75.91,Van Wyck Expressway,T4,Short-Term,False,False,,0,46.0
10371,8/1/25,76.06,Van Wyck Expressway,T1,Business,False,False,,0,478.0
10372,8/1/25,76.54,Van Wyck Expressway,T5,Short-Term,True,False,,0,89.0
10373,8/1/25,76.67,Van Wyck Expressway,T4,Staff,False,False,,0,480.0
10374,8/1/25,76.99,Van Wyck Expressway,T4,Short-Term,False,False,,0,67.0
10375,8/1/25,76.99,Van Wyck Expressway,T5,Short-Term,False,False,,0,39.0
10376,8/1/25,77.09,Van Wyck Expressway,T1,Staff,False,False,,0,480.0
10377,8/1/25,77.16,Van Wyck Expressway,T1,Business,True,False,,0,446.0
10378,8/1/25,77.48,Van Wyck Expressway,T5,Short-Term,False,False,,0,92.0
10379,8/1/25,77.51,Van Wyck Expressway,T8,Business,False,False,,0,325.0
10380,8/1/25,77.72,Van Wyck Expressway,T1,Short-Term,False,False,,0,60.0
10381,8/1/25,77.79,Van Wyck Expressway,T4,Staff,False,False,,0,480.0
10382,8/1/25,77.86,Van Wyck Expressway,T1,Short-Term,True,False,,0,114.0
10383,8/1/25,78.06,Van Wyck Expressway,T8,Short-Term,True,False,,0,69.0
10384,8/1/25,78.11,Van Wyck Expressway,T1,Business,True,False,,0,210.0
10385,8/1/25,78.4,Van Wyck Expressway,T5,Short-Term,False,False,,0,42.0
10386,8/1/25,79.57,Van Wyck Expressway,T8,Vacationer,False,False,,0,3133.0
10387,8/1/25,79.61,Van Wyck Expressway,T8,Short-Term,False,False,,0,119.0
10388,8/1/25,80.28,Van Wyck Expressway,T5,Vacationer,False,False,,0,2456.0
10389,8/1/25,80.31,Van Wyck Expressway,T8,Business,False,False,,0,354.0
10390,8/1/25,80.55,Van Wyck Expressway,T1,Business,False,False,,0,396.0
10391,8/1/25,81.05,Van Wyck Expressway,T1,Short-Term,False,False,,0,37.0
10392,8/1/25,81.15,Van Wyck Expressway,T5,Short-Term,False,False,,0,118.0
10393,8/1/25,81.16,Van Wyck Expressway,T8,Short-Term,False,False,,0,84.0
10394,8/1/25,81.18,Van Wyck Expressway,T4,Short-Term,False,False,,0,32.0
10395,8/1/25,81.19,Van Wyck Expressway,T5,Business,False,False,,0,274.0
10396,8/1/25,81.26,Van Wyck Expressway,T5,Vacationer,False,False,,0,857.0
10397,8/1/25,81.31,Van Wyck Expressway,T8,Short-Term,False,False,,0,46.0
10398,8/1/25,81.43,Van Wyck Expressway,T8,Short-Term,False,False,,0,68.0
10399,8/1/25,81.45,Van Wyck Expressway,T5,Business,False,False,,0,305.0
10400,8/1/25,81.67,Van Wyck Expressway,T5,Staff,False,False,,0,480.0
10401,8/1/25,81.68,Van Wyck Expressway,T1,Vacationer,False,False,,0,3388.0
10402,8/1/25,81.74,Van Wyck Expressway,T4,Business,False,False,,0,393.0
10403,8/1/25,81.84,Van Wyck Expressway,T8,Staff,False,False,,0,480.0
10404,8/1/25,81.86,Van Wyck Expressway,T5,Short-Term,False,False,,0,44.0
10405,8/1/25,82.23,Van Wyck Expressway,T5,Short-Term,False,False,,0,91.0
10406,8/1/25,82.67,Van Wyck Expressway,T4,Short-Term,False,False,,0,31.0
10407,8/1/25,82.8,Van Wyck Expressway,T4,Short-Term,False,False,,0,31.0
10408,8/1/25,83.12,Van Wyck Expressway,T1,Staff,False,False,,0,480.0
10409,8/1/25,83.47,Van Wyck Expressway,T5,Staff,False,False,,0,480.0
10410,8/1/25,83.62,Van Wyck Expressway,T5,Vacationer,False,False,,0,2795.0
10411,8/1/25,83.78,Van Wyck Expressway,T8,Short-Term,False,False,,0,48.0
10412,8/1/25,83.98,Van Wyck Expressway,T8,Short-Term,True,False,,0,53.0
10413,8/1/25,84.2,Van Wyck Expressway,T8,Short-Term,False,False,,0,49.0
10414,8/1/25,84.27,Van Wyck Expressway,T1,Short-Term,False,False,,0,42.0
10415,8/1/25,84.62,Van Wyck Expressway,T5,Vacationer,False,False,,0,1403.0
10416,8/1/25,84.8,Van Wyck Expressway,T1,Vacationer,False,False,,0,2666.0
10417,8/1/25,84.82,Van Wyck Expressway,T1,Business,False,False,,0,228.0
10418,8/1/25,85.17,Van Wyck Expressway,T1,Business,True,False,,0,428.0
10419,8/1/25,85.18,Van Wyck Expressway,T8,Staff,False,False,,0,480.0
10420,8/1/25,85.25,Van Wyck Expressway,T4,Business,False,False,,0,268.0
10421,8/1/25,85.48,Van Wyck Expressway,T5,Business,False,False,,0,124.0
10422,8/1/25,85.6,Van Wyck Expressway,T1,Vacationer,False,False,,0,1410.0
10423,8/1/25,85.77,Van Wyck Expressway,T5,Vacationer,False,False,,0,2355.0
10424,8/1/25,85.78,Van Wyck Expressway,T1,Staff,False,False,,0,480.0
10425,8/1/25,86.07,Van Wyck Expressway,T5,Business,False,False,,0,362.0
10426,8/1/25,86.18,Van Wyck Expressway,T1,Short-Term,True,False,,0,70.0
10427,8/1/25,86.3,Van Wyck Expressway,T4,Business,False,False,,0,306.0
10428,8/1/25,86.39,Van Wyck Expressway,T5,Short-Term,False,False,,0,98.0
10429,8/1/25,86.58,Van Wyck Expressway,T1,Vacationer,False,False,,0,3527.0
10430,8/1/25,87.0,Van Wyck Expressway,T4,Short-Term,False,False,,0,36.0
10431,8/1/25,87.07,Van Wyck Expressway,T5,Vacationer,False,False,,0,1331.0
10432,8/1/25,87.07,Van Wyck Expressway,T8,Short-Term,False,False,,0,111.0
10433,8/1/25,87.07,Van Wyck Expressway,T8,Short-Term,False,False,,0,37.0
10434,8/1/25,87.11,Van Wyck Expressway,T8,Short-Term,False,False,,0,60.0
10435,8/1/25,87.41,Van Wyck Expressway,T4,Short-Term,False,False,,0,51.0
10436,8/1/25,87.59,Van Wyck Expressway,T8,Staff,False,False,,0,480.0
10437,8/1/25,87.69,Van Wyck Expressway,T1,Short-Term,False,False,,0,93.0
10438,8/1/25,88.31,Van Wyck Expressway,T8,Short-Term,False,False,,0,49.0
10439,8/1/25,88.41,Van Wyck Expressway,T1,Short-Term,False,False,,0,94.0
10440,8/1/25,88.61,Van Wyck Expressway,T1,Vacationer,False,False,,0,3283.0
10441,8/1/25,88.71,Van Wyck Expressway,T1,Short-Term,False,False,,0,80.0
10442,8/1/25,88.81,Van Wyck Expressway,T1,Business,False,False,,0,426.0
10443,8/1/25,89.29,Van Wyck Expressway,T4,Business,False,False,,0,124.0
10444,8/1/25,89.32,Van Wyck Expressway,T5,Short-Term,False,False,,0,67.0
10445,8/1/25,89.6,Van Wyck Expressway,T1,Short-Term,False,False,,0,104.0
10446,8/1/25,89.63,Van Wyck Expressway,T8,Short-Term,True,False,,0,99.0
10447,8/1/25,90.37,Van Wyck Expressway,T4,Business,False,False,,0,424.0
10448,8/1/25,91.33,Van Wyck Expressway,T1,Business,False,False,,0,261.0
10449,8/1/25,91.48,Van Wyck Expressway,T8,Short-Term,False,False,,0,77.0
10450,8/1/25,91.83,Van Wyck Expressway,T1,Business,False,False,,0,365.0
10451,8/1/25,91.93,Van Wyck Expressway,T8,Vacationer,False,False,,0,3041.0
10452,8/1/25,92.38,Van Wyck Expressway,T4,Business,False,False,,0,154.0
10453,8/1/25,92.71,Van Wyck Expressway,T1,Vacationer,False,False,,0,810.0
10454,8/1/25,92.75,Van Wyck Expressway,T4,Short-Term,False,False,,0,48.0
10455,8/1/25,92.82,Van Wyck Expressway,T4,Staff,False,False,,0,480.0
10456,8/1/25,92.94,Van Wyck Expressway,T8,Short-Term,False,False,,0,45.0
10457,8/1/25,93.16,Van Wyck Expressway,T8,Business,False,False,,0,126.0
10458,8/1/25,93.58,Van Wyck Expressway,T8,Short-Term,False,False,,0,74.0
10459,8/1/25,93.62,Van Wyck Expressway,T8,Staff,False,False,,0,480.0
10460,8/1/25,93.67,Van Wyck Expressway,T1,Business,False,False,,0,239.0
10461,8/1/25,94.08,Van Wyck Expressway,T5,Vacationer,False,False,,0,1164.0
10462,8/1/25,94.25,Van Wyck Expressway,T1,Vacationer,False,False,,0,1982.0
10463,8/1/25,94.59,Van Wyck Expressway,T4,Staff,False,False,,0,480.0
10464,8/1/25,94.65,Van Wyck Expressway,T1,Business,False,False,,0,180.0
10465,8/1/25,94.74,Van Wyck Expressway,T1,Staff,False,False,,0,480.0
10466,8/1/25,94.75,Van Wyck Expressway,T4,Staff,False,False,,0,480.0
10467,8/1/25,95.12,Van Wyck Expressway,T5,Vacationer,False,False,,0,4065.0
10468,8/1/25,95.13,Van Wyck Expressway,T8,Short-Term,False,False,,0,89.0
10469,8/1/25,95.35,Van Wyck Expressway,T5,Short-Term,False,False,,0,84.0
10470,8/1/25,95.53,Van Wyck Expressway,T8,Business,False,False,,0,294.0
10471,8/1/25,95.71,Van Wyck Expressway,T8,Staff,False,False,,0,480.0
10472,8/1/25,95.95,Van Wyck Expressway,T5,Vacationer,False,False,,0,3755.0
10473,8/1/25,96.02,Van Wyck Expressway,T5,Business,False,False,,0,362.0
10474,8/1/25,96.53,Van Wyck Expressway,T4,Short-Term,False,False,,0,85.0
10475,8/1/25,96.63,Van Wyck Expressway,T4,Short-Term,False,False,,0,102.0
10476,8/1/25,96.87,Van Wyck Expressway,T4,Short-Term,False,False,,0,118.0
10477,8/1/25,96.89,Van Wyck Expressway,T1,Business,False,False,,0,200.0
10478,8/1/25,96.89,Van Wyck Expressway,T5,Short-Term,False,False,,0,90.0
10479,8/1/25,96.96,Van Wyck Expressway,T1,Business,False,False,,0,283.0
10480,8/1/25,97.02,Van Wyck Expressway,T4,Vacationer,False,False,,0,1202.0
10481,8/1/25,97.23,Van Wyck Expressway,T8,Business,False,False,,0,302.0
10482,8/1/25,97.73,Van Wyck Expressway,T8,Business,False,False,,0,173.0
10483,8/1/25,97.74,Van Wyck Expressway,T8,Short-Term,False,False,,0,91.0
10484,8/1/25,97.97,Van Wyck Expressway,T4,Short-Term,False,False,,0,41.0
10485,8/1/25,98.42,Van Wyck Expressway,T4,Business,False,False,,0,399.0
10486,8/1/25,98.87,Van Wyck Expressway,T1,Business,False,False,,0,128.0
10487,8/1/25,98.9,Van Wyck Expressway,T1,Short-Term,False,False,,0,116.0
10488,8/1/25,98.94,Van Wyck Expressway,T8,Vacationer,False,False,,0,2208.0
10489,8/1/25,99.84,Van Wyck Expressway,T5,Short-Term,False,False,,0,39.0
10490,8/1/25,100.3,Van Wyck Expressway,T4,Staff,False,False,,0,480.0
10491,8/1/25,101.49,Van Wyck Expressway,T1,Short-Term,False,False,,0,65.0
10492,8/1/25,101.64,Van Wyck Expressway,T4,Business,True,False,,0,307.0
10493,8/1/25,101.67,Van Wyck Expressway,T5,Staff,False,False,,0,480.0
10494,8/1/25,102.16,Van Wyck Expressway,T1,Short-Term,False,False,,0,54.0
10495,8/1/25,102.28,Van Wyck Expressway,T1,Short-Term,False,False,,0,98.0
10496,8/1/25,102.34,Van Wyck Expressway,T4,Staff,False,False,,0,480.0
10497,8/1/25,102.64,Van Wyck Expressway,T1,Business,True,False,,0,310.0
10498,8/1/25,102.75,Van Wyck Expressway,T1,Short-Term,False,False,,0,100.0
10499,8/1/25,102.8,Van Wyck Expressway,T8,Short-Term,True,False,,0,42.0
10500,8/1/25,102.83,Van Wyck Expressway,T1,Short-Term,False,False,,0,116.0
10501,8/1/25,102.92,Van Wyck Expressway,T1,Short-Term,False,False,,0,106.0
10502,8/1/25,103.22,Van Wyck Expressway,T4,Vacationer,False,False,,0,4254.0
10503,8/1/25,103.35,Van Wyck Expressway,T5,Short-Term,True,False,,0,82.0
10504,8/1/25,103.35,Van Wyck Expressway,T4,Short-Term,False,False,,0,58.0
10505,8/1/25,103.49,Van Wyck Expressway,T1,Business,False,False,,0,459.0
10506,8/1/25,103.59,Van Wyck Expressway,T1,Vacationer,False,False,,0,2867.0
10507,8/1/25,103.84,Van Wyck Expressway,T4,Business,False,False,,0,291.0
10508,8/1/25,104.5,Van Wyck Expressway,T1,Business,False,False,,0,362.0
10509,8/1/25,104.58,Van Wyck Expressway,T4,Business,False,False,,0,479.0
10510,8/1/25,104.68,Van Wyck Expressway,T4,Short-Term,False,False,,0,54.0
10511,8/1/25,104.79,Van Wyck Expressway,T8,Short-Term,False,False,,0,74.0
10512,8/1/25,104.94,Van Wyck Expressway,T8,Short-Term,False,False,,0,55.0
10513,8/1/25,104.96,Van Wyck Expressway,T1,Business,True,False,,0,402.0
10514,8/1/25,105.29,Van Wyck Expressway,T1,Short-Term,False,False,,0,88.0
10515,8/1/25,105.34,Van Wyck Expressway,T5,Business,False,False,,0,468.0
10516,8/1/25,105.61,Van Wyck Expressway,T4,Business,True,False,,0,421.0
10517,8/1/25,105.85,Van Wyck Expressway,T5,Vacationer,False,False,,0,3329.0
10518,8/1/25,106.06,Van Wyck Expressway,T5,Vacationer,False,False,,0,2555.0
10519,8/1/25,106.13,Van Wyck Expressway,T1,Short-Term,True,False,,0,50.0
10520,8/1/25,106.4,Van Wyck Expressway,T8,Short-Term,False,False,,0,38.0
10521,8/1/25,106.49,Van Wyck Expressway,T8,Business,False,False,,0,259.0
10522,8/1/25,106.55,Van Wyck Expressway,T8,Vacationer,False,False,,0,3848.0
10523,8/1/25,106.79,Van Wyck Expressway,T5,Staff,True,False,,0,480.0
10524,8/1/25,106.82,Van Wyck Expressway,T8,Short-Term,False,False,,0,78.0
10525,8/1/25,106.94,Van Wyck Expressway,T8,Business,False,False,,0,227.0
10526,8/1/25,107.03,Van Wyck Expressway,T1,Short-Term,False,False,,0,44.0
10527,8/1/25,108.05,Van Wyck Expressway,T4,Staff,False,False,,0,480.0
10528,8/1/25,108.47,Van Wyck Expressway,T1,Business,False,False,,0,350.0
10529,8/1/25,108.59,Van Wyck Expressway,T8,Short-Term,False,False,,0,113.0
10530,8/1/25,109.3,Van Wyck Expressway,T8,Vacationer,False,False,,0,3905.0
10531,8/1/25,109.44,Van Wyck Expressway,T5,Short-Term,False,False,,0,91.0
10532,8/1/25,109.45,Van Wyck Expressway,T8,Short-Term,True,False,,0,113.0
10533,8/1/25,109.73,Van Wyck Expressway,T1,Short-Term,False,False,,0,53.0
10534,8/1/25,109.77,Van Wyck Expressway,T5,Vacationer,False,False,,0,2384.0
10535,8/1/25,109.85,Van Wyck Expressway,T8,Short-Term,False,False,,0,90.0
10536,8/1/25,109.95,Van Wyck Expressway,T4,Business,False,False,,0,389.0
10537,8/1/25,109.95,Van Wyck Expressway,T1,Business,False,False,,0,217.0
10538,8/1/25,110.3,Van Wyck Expressway,T4,Short-Term,False,False,,0,87.0
10539,8/1/25,110.31,Van Wyck Expressway,T8,Vacationer,False,False,,0,1693.0
10540,8/1/25,110.34,Van Wyck Expressway,T5,Short-Term,False,False,,0,82.0
10541,8/1/25,110.62,Van Wyck Expressway,T5,Vacationer,False,False,,0,2713.0
10542,8/1/25,110.75,Van Wyck Expressway,T1,Staff,False,False,,0,480.0
10543,8/1/25,110.89,Van Wyck Expressway,T4,Business,False,False,,0,231.0
10544,8/1/25,111.06,Van Wyck Expressway,T5,Business,False,False,,0,155.0
10545,8/1/25,111.29,Van Wyck Expressway,T5,Vacationer,True,False,,0,3227.0
10546,8/1/25,111.79,Van Wyck Expressway,T5,Short-Term,False,False,,0,95.0
10547,8/1/25,111.85,Van Wyck Expressway,T5,Business,False,False,,0,391.0
10548,8/1/25,112.61,Van Wyck Expressway,T1,Business,False,False,,0,414.0
10549,8/1/25,112.77,Van Wyck Expressway,T4,Vacationer,False,False,,0,2321.0
10550,8/1/25,112.8,Van Wyck Expressway,T8,Short-Term,False,False,,0,94.0
10551,8/1/25,112.81,Van Wyck Expressway,T1,Staff,False,False,,0,480.0
10552,8/1/25,113.06,Van Wyck Expressway,T1,Business,False,False,,0,316.0
10553,8/1/25,113.08,Van Wyck Expressway,T4,Business,False,False,,0,183.0
10554,8/1/25,113.57,Van Wyck Expressway,T8,Short-Term,True,False,,0,118.0
10555,8/1/25,113.59,Van Wyck Expressway,T8,Short-Term,False,False,,0,97.0
10556,8/1/25,113.91,Van Wyck Expressway,T5,Short-Term,False,False,,0,66.0
10557,8/1/25,113.93,Van Wyck Expressway,T1,Short-Term,False,False,,0,102.0
10558,8/1/25,114.44,Van Wyck Expressway,T1,Vacationer,False,False,,0,1653.0
10559,8/1/25,114.55,Van Wyck Expressway,T8,Business,False,False,,0,188.0
10560,8/1/25,114.55,Van Wyck Expressway,T4,Staff,False,False,,0,480.0
10561,8/1/25,114.67,Van Wyck Expressway,T5,Business,False,False,,0,163.0
10562,8/1/25,114.79,Van Wyck Expressway,T1,Business,False,False,,0,206.0
10563,8/1/25,115.05,Van Wyck Expressway,T8,Short-Term,False,False,,0,111.0
10564,8/1/25,115.33,Van Wyck Expressway,T8,Business,False,False,,0,142.0
10565,8/1/25,115.69,Van Wyck Expressway,T5,Business,True,False,,0,480.0
10566,8/1/25,116.01,Van Wyck Expressway,T4,Short-Term,False,False,,0,100.0
10567,8/1/25,116.48,Van Wyck Expressway,T8,Vacationer,False,False,,0,733.0
10568,8/1/25,116.5,Van Wyck Expressway,T1,Staff,False,False,,0,480.0
10569,8/1/25,116.71,Van Wyck Expressway,T5,Vacationer,False,False,,0,2200.0
10570,8/1/25,116.71,Van Wyck Expressway,T4,Staff,False,False,,0,480.0
10571,8/1/25,116.82,Van Wyck Expressway,T5,Vacationer,False,False,,0,3889.0
10572,8/1/25,116.88,Van Wyck Expressway,T1,Short-Term,False,False,,0,119.0
10573,8/1/25,116.99,Van Wyck Expressway,T8,Short-Term,False,False,,0,57.0
10574,8/1/25,117.45,Van Wyck Expressway,T4,Short-Term,False,False,,0,84.0
10575,8/1/25,118.0,Van Wyck Expressway,T4,Short-Term,False,False,,0,100.0
10576,8/1/25,118.45,Van Wyck Expressway,T8,Staff,True,False,,0,480.0
10577,8/1/25,118.54,Van Wyck Expressway,T5,Business,False,False,,0,398.0
10578,8/1/25,119.13,Van Wyck Expressway,T5,Business,False,False,,0,333.0
10579,8/1/25,119.29,Van Wyck Expressway,T4,Short-Term,False,False,,0,108.0
10580,8/1/25,119.67,Van Wyck Expressway,T8,Business,False,False,,0,323.0
10581,8/1/25,120.27,Van Wyck Expressway,T8,Vacationer,False,False,,0,4186.0
10582,8/1/25,120.36,Van Wyck Expressway,T8,Business,False,False,,0,327.0
10583,8/1/25,120.71,Van Wyck Expressway,T8,Short-Term,False,False,,0,47.0
10584,8/1/25,121.17,Van Wyck Expressway,T4,Short-Term,False,False,,0,70.0
10585,8/1/25,121.24,Van Wyck Expressway,T5,Short-Term,False,False,,0,91.0
10586,8/1/25,121.24,Van Wyck Expressway,T8,Short-Term,False,False,,0,61.0
10587,8/1/25,121.32,Van Wyck Expressway,T5,Business,False,False,,0,467.0
10588,8/1/25,121.52,Van Wyck Expressway,T5,Short-Term,False,False,,0,114.0
10589,8/1/25,121.57,Van Wyck Expressway,T5,Staff,False,False,,0,480.0
10590,8/1/25,121.65,Van Wyck Expressway,T5,Business,False,False,,0,214.0
10591,8/1/25,121.71,Van Wyck Expressway,T1,Business,False,False,,0,323.0
10592,8/1/25,121.71,Van Wyck Expressway,T1,Vacationer,False,False,,0,947.0
10593,8/1/25,121.72,Van Wyck Expressway,T1,Short-Term,True,False,,0,70.0
10594,8/1/25,121.79,Van Wyck Expressway,T1,Short-Term,False,False,,0,113.0
10595,8/1/25,121.8,Van Wyck Expressway,T8,Short-Term,False,False,,0,106.0
10596,8/1/25,121.83,Van Wyck Expressway,T1,Vacationer,False,False,,0,1926.0
10597,8/1/25,122.09,Van Wyck Expressway,T5,Short-Term,False,False,,0,38.0
10598,8/1/25,122.25,Van Wyck Expressway,T8,Staff,False,False,,0,480.0
10599,8/1/25,122.26,Van Wyck Expressway,T4,Short-Term,False,False,,0,42.0
10600,8/1/25,122.38,Van Wyck Expressway,T1,Business,False,False,,0,246.0
10601,8/1/25,122.46,Van Wyck Expressway,T8,Business,True,False,,0,251.0
10602,8/1/25,122.67,Van Wyck Expressway,T8,Business,False,False,,0,412.0
10603,8/1/25,122.68,Van Wyck Expressway,T5,Business,False,False,,0,350.0
10604,8/1/25,122.84,Van Wyck Expressway,T5,Business,False,False,,0,343.0
10605,8/1/25,122.86,Van Wyck Expressway,T1,Short-Term,False,False,,0,104.0
10606,8/1/25,122.92,Van Wyck Expressway,T1,Short-Term,False,False,,0,58.0
10607,8/1/25,123.12,Van Wyck Expressway,T8,Short-Term,False,False,,0,77.0
10608,8/1/25,123.46,Van Wyck Expressway,T8,Staff,False,False,,0,480.0
10609,8/1/25,123.64,Van Wyck Expressway,T5,Short-Term,False,False,,0,41.0
10610,8/1/25,123.92,Van Wyck Expressway,T5,Vacationer,False,False,,0,3417.0
10611,8/1/25,124.48,Van Wyck Expressway,T8,Vacationer,False,False,,0,3312.0
10612,8/1/25,124.77,Van Wyck Expressway,T4,Business,False,False,,0,350.0
10613,8/1/25,125.03,Van Wyck Expressway,T5,Short-Term,False,False,,0,63.0
10614,8/1/25,125.46,Van Wyck Expressway,T4,Staff,False,False,,0,480.0
10615,8/1/25,125.55,Van Wyck Expressway,T1,Short-Term,False,False,,0,53.0
10616,8/1/25,125.97,Van Wyck Expressway,T1,Vacationer,False,False,,0,2886.0
10617,8/1/25,125.97,Van Wyck Expressway,T5,Staff,False,False,,0,480.0
10618,8/1/25,126.25,Van Wyck Expressway,T1,Short-Term,False,False,,0,43.0
10619,8/1/25,126.63,Van Wyck Expressway,T8,Staff,True,False,,0,480.0
10620,8/1/25,126.74,Van Wyck Expressway,T4,Staff,False,False,,0,480.0
10621,8/1/25,126.77,Van Wyck Expressway,T1,Short-Term,False,False,,0,104.0
10622,8/1/25,126.79,Van Wyck Expressway,T8,Short-Term,False,False,,0,31.0
10623,8/1/25,126.82,Van Wyck Expressway,T8,Short-Term,False,False,,0,60.0
10624,8/1/25,127.17,Van Wyck Expressway,T1,Short-Term,False,False,,0,85.0
10625,8/1/25,127.32,Van Wyck Expressway,T8,Short-Term,False,False,,0,80.0
10626,8/1/25,127.45,Van Wyck Expressway,T1,Short-Term,False,False,,0,108.0
10627,8/1/25,127.63,Van Wyck Expressway,T8,Business,False,False,,0,172.0
10628,8/1/25,127.71,Van Wyck Expressway,T8,Short-Term,False,False,,0,37.0
10629,8/1/25,127.74,Van Wyck Expressway,T8,Short-Term,False,False,,0,56.0
10630,8/1/25,128.07,Van Wyck Expressway,T1,Short-Term,False,False,,0,119.0
10631,8/1/25,128.6,Van Wyck Expressway,T8,Short-Term,False,False,,0,113.0
10632,8/1/25,128.94,Van Wyck Expressway,T4,Business,False,False,,0,151.0
10633,8/1/25,129.02,Van Wyck Expressway,T8,Vacationer,False,False,,0,2235.0
10634,8/1/25,129.11,Van Wyck Expressway,T8,Business,False,False,,0,210.0
10635,8/1/25,129.17,Van Wyck Expressway,T4,Short-Term,False,False,,0,59.0
10636,8/1/25,129.29,Van Wyck Expressway,T1,Business,False,False,,0,470.0
10637,8/1/25,129.3,Van Wyck Expressway,T8,Short-Term,False,False,,0,59.0
10638,8/1/25,129.36,Van Wyck Expressway,T5,Short-Term,False,False,,0,73.0
10639,8/1/25,129.43,Van Wyck Expressway,T1,Business,False,False,,0,215.0
10640,8/1/25,129.62,Van Wyck Expressway,T4,Short-Term,False,False,,0,83.0
10641,8/1/25,129.67,Van Wyck Expressway,T4,Short-Term,False,False,,0,89.0
10642,8/1/25,129.86,Van Wyck Expressway,T4,Vacationer,False,False,,0,2496.0
10643,8/1/25,130.12,Van Wyck Expressway,T8,Business,True,False,,0,391.0
10644,8/1/25,130.23,Van Wyck Expressway,T5,Vacationer,False,False,,0,1968.0
10645,8/1/25,130.39,Van Wyck Expressway,T4,Vacationer,False,False,,0,867.0
10646,8/1/25,130.62,Van Wyck Expressway,T4,Business,False,False,,0,357.0
10647,8/1/25,131.09,Van Wyck Expressway,T8,Staff,False,False,,0,480.0
10648,8/1/25,131.13,Van Wyck Expressway,T8,Short-Term,True,False,,0,51.0
10649,8/1/25,131.15,Van Wyck Expressway,T1,Staff,False,False,,0,480.0
10650,8/1/25,131.15,Van Wyck Expressway,T4,Short-Term,False,False,,0,57.0
10651,8/1/25,131.29,Van Wyck Expressway,T5,Vacationer,False,False,,0,4007.0
10652,8/1/25,131.29,Van Wyck Expressway,T4,Short-Term,False,False,,0,103.0
10653,8/1/25,131.71,Van Wyck Expressway,T4,Short-Term,False,False,,0,98.0
10654,8/1/25,132.0,Van Wyck Expressway,T1,Vacationer,False,False,,0,2311.0
10655,8/1/25,132.63,Van Wyck Expressway,T5,Business,True,False,,0,249.0
10656,8/1/25,133.06,Van Wyck Expressway,T4,Short-Term,False,False,,0,82.0
10657,8/1/25,133.13,Van Wyck Expressway,T1,Business,False,False,,0,367.0
10658,8/1/25,133.2,Van Wyck Expressway,T5,Short-Term,False,False,,0,67.0
10659,8/1/25,133.8,Van Wyck Expressway,T1,Business,False,False,,0,447.0
10660,8/1/25,133.91,Van Wyck Expressway,T5,Vacationer,False,False,,0,4166.0
10661,8/1/25,134.35,Van Wyck Expressway,T5,Short-Term,False,False,,0,74.0
10662,8/1/25,134.5,Van Wyck Expressway,T4,Short-Term,False,False,,0,47.0
10663,8/1/25,134.66,Van Wyck Expressway,T4,Short-Term,False,False,,0,108.0
10664,8/1/25,134.66,Van Wyck Expressway,T5,Vacationer,False,False,,0,4254.0
10665,8/1/25,134.7,Van Wyck Expressway,T5,Short-Term,False,False,,0,115.0
10666,8/1/25,134.85,Van Wyck Expressway,T8,Vacationer,False,False,,0,3040.0
10667,8/1/25,135.5,Van Wyck Expressway,T8,Business,False,False,,0,347.0
10668,8/1/25,135.62,Van Wyck Expressway,T1,Short-Term,True,False,,0,92.0
10669,8/1/25,135.84,Van Wyck Expressway,T4,Short-Term,False,False,,0,34.0
10670,8/1/25,135.91,Van Wyck Expressway,T8,Business,False,False,,0,188.0
10671,8/1/25,136.24,Van Wyck Expressway,T5,Business,False,False,,0,463.0
10672,8/1/25,136.27,Van Wyck Expressway,T5,Staff,False,False,,0,480.0
10673,8/1/25,136.66,Van Wyck Expressway,T1,Short-Term,False,False,,0,87.0
10674,8/1/25,136.86,Van Wyck Expressway,T8,Vacationer,False,False,,0,4270.0
10675,8/1/25,137.0,Van Wyck Expressway,T1,Business,False,False,,0,173.0
10676,8/1/25,137.28,Van Wyck Expressway,T5,Staff,False,False,,0,480.0
10677,8/1/25,137.3,Van Wyck Expressway,T1,Short-Term,False,False,,0,42.0
10678,8/1/25,137.37,Van Wyck Expressway,T8,Staff,False,False,,0,480.0
10679,8/1/25,137.73,Van Wyck Expressway,T4,Short-Term,False,False,,0,37.0
10680,8/1/25,137.84,Van Wyck Expressway,T1,Short-Term,True,False,,0,91.0
10681,8/1/25,137.92,Van Wyck Expressway,T5,Short-Term,False,False,,0,107.0
10682,8/1/25,138.18,Van Wyck Expressway,T1,Short-Term,False,False,,0,116.0
10683,8/1/25,138.26,Van Wyck Expressway,T5,Staff,False,False,,0,480.0
10684,8/1/25,138.28,Van Wyck Expressway,T1,Short-Term,False,False,,0,63.0
10685,8/1/25,138.32,Van Wyck Expressway,T8,Short-Term,False,False,,0,116.0
10686,8/1/25,138.38,Van Wyck Expressway,T1,Business,True,False,,0,311.0
10687,8/1/25,138.58,Van Wyck Expressway,T4,Short-Term,False,False,,0,109.0
10688,8/1/25,138.87,Van Wyck Expressway,T1,Short-Term,False,False,,0,52.0
10689,8/1/25,139.05,Van Wyck Expressway,T8,Business,False,False,,0,151.0
10690,8/1/25,139.15,Van Wyck Expressway,T5,Short-Term,True,False,,0,109.0
10691,8/1/25,139.16,Van Wyck Expressway,T5,Vacationer,True,False,,0,3018.0
10692,8/1/25,139.32,Van Wyck Expressway,T4,Short-Term,False,False,,0,96.0
10693,8/1/25,139.39,Van Wyck Expressway,T8,Vacationer,False,False,,0,407.0
10694,8/1/25,139.61,Van Wyck Expressway,T4,Vacationer,False,False,,0,4093.0
10695,8/1/25,139.85,Van Wyck Expressway,T4,Short-Term,False,False,,0,91.0
10696,8/1/25,140.0,Van Wyck Expressway,T8,Short-Term,False,False,,0,35.0
10697,8/1/25,140.17,Van Wyck Expressway,T5,Business,False,False,,0,476.0
10698,8/1/25,140.81,Van Wyck Expressway,T8,Short-Term,False,False,,0,71.0
10699,8/1/25,140.97,Van Wyck Expressway,T1,Business,False,False,,0,433.0
10700,8/1/25,141.21,Van Wyck Expressway,T1,Business,False,False,,0,387.0
10701,8/1/25,141.54,Van Wyck Expressway,T8,Short-Term,False,False,,0,85.0
10702,8/1/25,141.89,Van Wyck Expressway,T5,Vacationer,False,False,,0,4009.0
10703,8/1/25,142.12,Van Wyck Expressway,T8,Short-Term,False,False,,0,108.0
10704,8/1/25,142.25,Van Wyck Expressway,T1,Vacationer,False,False,,0,717.0
10705,8/1/25,142.34,Van Wyck Expressway,T8,Vacationer,False,False,,0,1979.0
10706,8/1/25,142.38,Van Wyck Expressway,T8,Short-Term,False,False,,0,93.0
10707,8/1/25,142.59,Van Wyck Expressway,T4,Business,False,False,,0,309.0
10708,8/1/25,143.07,Van Wyck Expressway,T8,Business,True,False,,0,281.0
10709,8/1/25,143.28,Van Wyck Expressway,T4,Business,False,False,,0,255.0
10710,8/1/25,144.3,Van Wyck Expressway,T5,Short-Term,False,False,,0,77.0
10711,8/1/25,144.31,Van Wyck Expressway,T8,Business,False,False,,0,445.0
10712,8/1/25,144.39,Van Wyck Expressway,T5,Business,False,False,,0,206.0
10713,8/1/25,144.64,Van Wyck Expressway,T8,Short-Term,False,False,,0,88.0
10714,8/1/25,144.64,Van Wyck Expressway,T5,Short-Term,False,False,,0,38.0
10715,8/1/25,144.68,Van Wyck Expressway,T4,Short-Term,False,False,,0,65.0
10716,8/1/25,144.85,Van Wyck Expressway,T5,Business,False,False,,0,237.0
10717,8/1/25,145.21,Van Wyck Expressway,T1,Vacationer,False,False,,0,1782.0
10718,8/1/25,145.27,Van Wyck Expressway,T8,Short-Term,False,False,,0,101.0
10719,8/1/25,145.3,Van Wyck Expressway,T4,Short-Term,False,False,,0,45.0
10720,8/1/25,145.33,Van Wyck Expressway,T1,Business,False,False,,0,232.0
10721,8/1/25,145.57,Van Wyck Expressway,T4,Short-Term,False,False,,0,57.0
10722,8/1/25,145.64,Van Wyck Expressway,T4,Vacationer,False,False,,0,1739.0
10723,8/1/25,145.98,Van Wyck Expressway,T4,Business,False,False,,0,311.0
10724,8/1/25,145.99,Van Wyck Expressway,T1,Business,False,False,,0,217.0
10725,8/1/25,146.39,Van Wyck Expressway,T8,Business,True,False,,0,473.0
10726,8/1/25,146.39,Van Wyck Expressway,T8,Short-Term,False,False,,0,106.0
10727,8/1/25,146.47,Van Wyck Expressway,T4,Short-Term,False,False,,0,32.0
10728,8/1/25,146.68,Van Wyck Expressway,T4,Business,False,False,,0,463.0
10729,8/1/25,146.89,Van Wyck Expressway,T1,Business,False,False,,0,214.0
10730,8/1/25,146.94,Van Wyck Expressway,T5,Short-Term,False,False,,0,93.0
10731,8/1/25,147.4,Van Wyck Expressway,T4,Short-Term,False,False,,0,100.0
10732,8/1/25,147.9,Van Wyck Expressway,T4,Vacationer,False,False,,0,864.0
10733,8/1/25,148.02,Van Wyck Expressway,T1,Business,False,False,,0,207.0
10734,8/1/25,148.23,Van Wyck Expressway,T4,Short-Term,False,False,,0,79.0
10735,8/1/25,148.23,Van Wyck Expressway,T1,Vacationer,False,False,,0,3393.0
10736,8/1/25,148.45,Van Wyck Expressway,T4,Business,False,False,,0,204.0
10737,8/1/25,148.53,Van Wyck Expressway,T1,Business,False,False,,0,247.0
10738,8/1/25,148.66,Van Wyck Expressway,T1,Short-Term,False,False,,0,106.0
10739,8/1/25,148.87,Van Wyck Expressway,T8,Short-Term,False,False,,0,56.0
10740,8/1/25,148.89,Van Wyck Expressway,T5,Short-Term,False,False,,0,92.0
10741,8/1/25,149.12,Van Wyck Expressway,T4,Business,False,False,,0,430.0
10742,8/1/25,150.18,Van Wyck Expressway,T4,Short-Term,False,False,,0,67.0
10743,8/1/25,150.24,Van Wyck Expressway,T1,Short-Term,False,False,,0,65.0
10744,8/1/25,150.24,Van Wyck Expressway,T5,Short-Term,False,False,,0,85.0
10745,8/1/25,150.49,Van Wyck Expressway,T5,Vacationer,False,False,,0,4105.0
10746,8/1/25,150.63,Van Wyck Expressway,T5,Business,False,False,,0,250.0
10747,8/1/25,150.67,Van Wyck Expressway,T5,Vacationer,False,False,,0,819.0
10748,8/1/25,150.67,Van Wyck Expressway,T4,Business,False,False,,0,289.0
10749,8/1/25,151.04,Van Wyck Expressway,T8,Business,False,False,,0,234.0
10750,8/1/25,151.3,Van Wyck Expressway,T8,Short-Term,False,False,,0,89.0
10751,8/1/25,151.37,Van Wyck Expressway,T4,Short-Term,False,False,,0,77.0
10752,8/1/25,151.37,Van Wyck Expressway,T4,Staff,False,False,,0,480.0
10753,8/1/25,151.53,Van Wyck Expressway,T8,Business,False,False,,0,161.0
10754,8/1/25,151.64,Van Wyck Expressway,T8,Vacationer,False,False,,0,1145.0
10755,8/1/25,151.91,Van Wyck Expressway,T8,Short-Term,False,False,,0,103.0
10756,8/1/25,152.12,Van Wyck Expressway,T5,Business,False,False,,0,165.0
10757,8/1/25,152.35,Van Wyck Expressway,T4,Short-Term,True,False,,0,67.0
10758,8/1/25,152.41,Van Wyck Expressway,T8,Business,False,False,,0,335.0
10759,8/1/25,153.26,Van Wyck Expressway,T4,Business,False,False,,0,180.0
10760,8/1/25,153.33,Van Wyck Expressway,T1,Business,False,False,,0,389.0
10761,8/1/25,153.42,Van Wyck Expressway,T1,Vacationer,False,False,,0,1650.0
10762,8/1/25,153.75,Van Wyck Expressway,T5,Business,False,False,,0,224.0
10763,8/1/25,154.02,Van Wyck Expressway,T1,Business,False,False,,0,175.0
10764,8/1/25,154.25,Van Wyck Expressway,T4,Short-Term,False,False,,0,99.0
10765,8/1/25,154.3,Van Wyck Expressway,T5,Short-Term,False,False,,0,41.0
10766,8/1/25,154.36,Van Wyck Expressway,T4,Vacationer,True,False,,0,3449.0
10767,8/1/25,154.41,Van Wyck Expressway,T5,Vacationer,False,False,,0,2440.0
10768,8/1/25,154.48,Van Wyck Expressway,T8,Vacationer,False,False,,0,3364.0
10769,8/1/25,154.74,Van Wyck Expressway,T5,Business,False,False,,0,411.0
10770,8/1/25,154.84,Van Wyck Expressway,T4,Short-Term,False,False,,0,73.0
10771,8/1/25,154.87,Van Wyck Expressway,T5,Business,False,False,,0,190.0
10772,8/1/25,154.91,Van Wyck Expressway,T8,Short-Term,False,False,,0,51.0
10773,8/1/25,154.96,Van Wyck Expressway,T1,Vacationer,False,False,,0,1465.0
10774,8/1/25,155.25,Van Wyck Expressway,T4,Short-Term,False,False,,0,49.0
10775,8/1/25,155.4,Van Wyck Expressway,T5,Vacationer,False,False,,0,729.0
10776,8/1/25,155.57,Van Wyck Expressway,T1,Business,False,False,,0,443.0
10777,8/1/25,155.9,Van Wyck Expressway,T5,Short-Term,False,False,,0,109.0
10778,8/1/25,156.18,Van Wyck Expressway,T4,Short-Term,False,False,,0,119.0
10779,8/1/25,156.35,Van Wyck Expressway,T5,Vacationer,False,False,,0,3066.0
10780,8/1/25,156.47,Van Wyck Expressway,T1,Business,False,False,,0,270.0
10781,8/1/25,156.57,Van Wyck Expressway,T4,Business,False,False,,0,447.0
10782,8/1/25,156.8,Van Wyck Expressway,T4,Staff,False,False,,0,480.0
10783,8/1/25,156.9,Van Wyck Expressway,T5,Business,True,False,,0,134.0
10784,8/1/25,156.92,Van Wyck Expressway,T8,Vacationer,False,False,,0,3528.0
10785,8/1/25,156.96,Van Wyck Expressway,T1,Short-Term,False,False,,0,103.0
10786,8/1/25,157.04,Van Wyck Expressway,T1,Vacationer,False,False,,0,2399.0
10787,8/1/25,157.3,Van Wyck Expressway,T4,Short-Term,False,False,,0,47.0
10788,8/1/25,157.38,Van Wyck Expressway,T4,Short-Term,False,False,,0,51.0
10789,8/1/25,157.57,Van Wyck Expressway,T1,Short-Term,True,False,,0,92.0
10790,8/1/25,157.78,Van Wyck Expressway,T4,Staff,False,False,,0,480.0
10791,8/1/25,157.94,Van Wyck Expressway,T8,Short-Term,False,False,,0,117.0
10792,8/1/25,158.03,Van Wyck Expressway,T4,Vacationer,False,False,,0,2543.0
10793,8/1/25,158.04,Van Wyck Expressway,T8,Vacationer,False,False,,0,2694.0
10794,8/1/25,158.37,Van Wyck Expressway,T1,Business,False,False,,0,360.0
10795,8/1/25,158.4,Van Wyck Expressway,T4,Business,False,False,,0,224.0
10796,8/1/25,158.7,Van Wyck Expressway,T5,Staff,False,False,,0,480.0
10797,8/1/25,159.0,Van Wyck Expressway,T8,Short-Term,False,False,,0,44.0
10798,8/1/25,159.42,Van Wyck Expressway,T5,Vacationer,False,False,,0,958.0
10799,8/1/25,159.92,Van Wyck Expressway,T1,Business,False,False,,0,206.0
10800,8/1/25,159.94,Van Wyck Expressway,T5,Business,False,False,,0,231.0
10801,8/1/25,159.97,Van Wyck Expressway,T5,Vacationer,False,False,,0,1371.0
10802,8/1/25,159.97,Van Wyck Expressway,T4,Staff,False,False,,0,480.0
10803,8/1/25,160.17,Van Wyck Expressway,T1,Vacationer,False,False,,0,2606.0
10804,8/1/25,160.35,Van Wyck Expressway,T1,Short-Term,False,False,,0,54.0
10805,8/1/25,161.0,Van Wyck Expressway,T1,Vacationer,False,False,,0,4256.0
10806,8/1/25,161.03,Van Wyck Expressway,T5,Short-Term,False,False,,0,88.0
10807,8/1/25,161.11,Van Wyck Expressway,T5,Vacationer,False,False,,0,1664.0
10808,8/1/25,161.22,Van Wyck Expressway,T8,Short-Term,False,False,,0,118.0
10809,8/1/25,161.65,Van Wyck Expressway,T5,Staff,False,False,,0,480.0
10810,8/1/25,161.68,Van Wyck Expressway,T8,Vacationer,False,False,,0,3330.0
10811,8/1/25,161.95,Van Wyck Expressway,T1,Business,False,False,,0,359.0
10812,8/1/25,162.3,Van Wyck Expressway,T8,Short-Term,False,False,,0,33.0
10813,8/1/25,162.33,Van Wyck Expressway,T5,Staff,False,False,,0,480.0
10814,8/1/25,162.42,Van Wyck Expressway,T8,Vacationer,False,False,,0,427.0
10815,8/1/25,162.78,Van Wyck Expressway,T1,Short-Term,True,False,,0,104.0
10816,8/1/25,163.4,Van Wyck Expressway,T8,Short-Term,True,False,,0,83.0
10817,8/1/25,163.55,Van Wyck Expressway,T5,Business,False,False,,0,200.0
10818,8/1/25,163.62,Van Wyck Expressway,T4,Business,False,False,,0,190.0
10819,8/1/25,163.73,Van Wyck Expressway,T8,Business,False,False,,0,421.0
10820,8/1/25,163.79,Van Wyck Expressway,T1,Business,False,False,,0,137.0
10821,8/1/25,163.91,Van Wyck Expressway,T8,Staff,False,False,,0,480.0
10822,8/1/25,164.06,Van Wyck Expressway,T4,Business,False,False,,0,156.0
10823,8/1/25,164.36,Van Wyck Expressway,T4,Short-Term,False,False,,0,100.0
10824,8/1/25,164.82,Van Wyck Expressway,T1,Vacationer,False,False,,0,2106.0
10825,8/1/25,164.95,Van Wyck Expressway,T1,Short-Term,False,False,,0,52.0
10826,8/1/25,165.23,Van Wyck Expressway,T1,Short-Term,False,False,,0,39.0
10827,8/1/25,165.58,Van Wyck Expressway,T5,Business,False,False,,0,148.0
10828,8/1/25,165.84,Van Wyck Expressway,T5,Short-Term,False,False,,0,105.0
10829,8/1/25,166.0,Van Wyck Expressway,T4,Business,False,False,,0,290.0
10830,8/1/25,166.22,Van Wyck Expressway,T4,Vacationer,False,False,,0,842.0
10831,8/1/25,166.24,Van Wyck Expressway,T8,Staff,False,False,,0,480.0
10832,8/1/25,166.26,Van Wyck Expressway,T8,Short-Term,True,False,,0,48.0
10833,8/1/25,166.88,Van Wyck Expressway,T4,Short-Term,False,False,,0,70.0
10834,8/1/25,167.32,Van Wyck Expressway,T4,Vacationer,False,False,,0,3905.0
10835,8/1/25,167.53,Van Wyck Expressway,T1,Short-Term,False,False,,0,48.0
10836,8/1/25,167.57,Van Wyck Expressway,T8,Business,False,False,,0,325.0
10837,8/1/25,167.82,Van Wyck Expressway,T5,Vacationer,False,False,,0,3145.0
10838,8/1/25,167.85,Van Wyck Expressway,T5,Short-Term,True,False,,0,69.0
10839,8/1/25,167.89,Van Wyck Expressway,T4,Business,False,False,,0,450.0
10840,8/1/25,168.11,Van Wyck Expressway,T8,Vacationer,False,False,,0,1317.0
10841,8/1/25,168.22,Van Wyck Expressway,T4,Short-Term,False,False,,0,36.0
10842,8/1/25,168.35,Van Wyck Expressway,T1,Short-Term,False,False,,0,90.0
10843,8/1/25,168.56,Van Wyck Expressway,T1,Business,False,False,,0,453.0
10844,8/1/25,168.9,Van Wyck Expressway,T4,Short-Term,True,False,,0,43.0
10845,8/1/25,169.03,Van Wyck Expressway,T4,Short-Term,False,False,,0,113.0
10846,8/1/25,169.23,Van Wyck Expressway,T8,Short-Term,False,False,,0,87.0
10847,8/1/25,169.33,Van Wyck Expressway,T5,Short-Term,False,False,,0,118.0
10848,8/1/25,169.81,Van Wyck Expressway,T1,Short-Term,True,False,,0,91.0
10849,8/1/25,170.15,Van Wyck Expressway,T4,Vacationer,True,False,,0,3627.0
10850,8/1/25,171.15,Van Wyck Expressway,T5,Short-Term,True,False,,0,89.0
10851,8/1/25,171.31,Van Wyck Expressway,T4,Short-Term,False,False,,0,98.0
10852,8/1/25,171.67,Van Wyck Expressway,T5,Staff,False,False,,0,480.0
10853,8/1/25,171.77,Van Wyck Expressway,T1,Vacationer,False,False,,0,3594.0
10854,8/1/25,172.08,Van Wyck Expressway,T1,Short-Term,False,False,,0,92.0
10855,8/1/25,172.16,Van Wyck Expressway,T1,Staff,False,False,,0,480.0
10856,8/1/25,172.21,Van Wyck Expressway,T8,Short-Term,False,False,,0,35.0
10857,8/1/25,172.52,Van Wyck Expressway,T4,Short-Term,False,False,,0,50.0
10858,8/1/25,172.67,Van Wyck Expressway,T5,Staff,False,False,,0,480.0
10859,8/1/25,173.03,Van Wyck Expressway,T8,Business,False,False,,0,214.0
10860,8/1/25,173.19,Van Wyck Expressway,T5,Short-Term,False,False,,0,120.0
10861,8/1/25,173.21,Van Wyck Expressway,T5,Vacationer,False,False,,0,1753.0
10862,8/1/25,173.43,Van Wyck Expressway,T5,Vacationer,False,False,,0,2163.0
10863,8/1/25,173.91,Van Wyck Expressway,T5,Short-Term,False,False,,0,72.0
10864,8/1/25,174.14,Van Wyck Expressway,T5,Short-Term,False,False,,0,50.0
10865,8/1/25,174.22,Van Wyck Expressway,T4,Vacationer,False,False,,0,2674.0
10866,8/1/25,174.34,Van Wyck Expressway,T1,Short-Term,False,False,,0,112.0
10867,8/1/25,174.44,Van Wyck Expressway,T5,Short-Term,False,False,,0,111.0
10868,8/1/25,175.7,Van Wyck Expressway,T4,Business,False,False,,0,120.0
10869,8/1/25,175.83,Van Wyck Expressway,T5,Short-Term,False,False,,0,63.0
10870,8/1/25,175.86,Van Wyck Expressway,T4,Business,False,False,,0,257.0
10871,8/1/25,176.13,Van Wyck Expressway,T4,Short-Term,False,False,,0,59.0
10872,8/1/25,176.28,Van Wyck Expressway,T4,Business,False,False,,0,409.0
10873,8/1/25,176.53,Van Wyck Expressway,T4,Short-Term,False,False,,0,89.0
10874,8/1/25,176.82,Van Wyck Expressway,T5,Short-Term,False,False,,0,120.0
10875,8/1/25,177.08,Van Wyck Expressway,T5,Business,False,False,,0,349.0
10876,8/1/25,177.4,Van Wyck Expressway,T4,Business,False,False,,0,478.0
10877,8/1/25,177.54,Van Wyck Expressway,T8,Short-Term,False,False,,0,77.0
10878,8/1/25,177.61,Van Wyck Expressway,T1,Vacationer,False,False,,0,3560.0
10879,8/1/25,177.8,Van Wyck Expressway,T4,Business,False,False,,0,241.0
10880,8/1/25,177.88,Van Wyck Expressway,T4,Staff,False,False,,0,480.0
10881,8/1/25,178.08,Van Wyck Expressway,T8,Business,False,False,,0,172.0
10882,8/1/25,178.13,Van Wyck Expressway,T1,Business,False,False,,0,172.0
10883,8/1/25,178.34,Van Wyck Expressway,T8,Short-Term,False,False,,0,70.0
10884,8/1/25,179.04,Van Wyck Expressway,T5,Vacationer,False,False,,0,3491.0
10885,8/1/25,179.52,Van Wyck Expressway,T8,Business,False,False,,0,329.0
10886,8/1/25,179.56,Van Wyck Expressway,T4,Short-Term,False,False,,0,78.0
10887,8/1/25,179.94,Van Wyck Expressway,T5,Business,False,False,,0,326.0
10888,8/1/25,179.95,Van Wyck Expressway,T8,Staff,False,False,,0,480.0
10889,8/1/25,180.11,Van Wyck Expressway,T5,Short-Term,False,False,,0,69.0
10890,8/1/25,180.25,Van Wyck Expressway,T8,Vacationer,False,False,,0,2886.0
10891,8/1/25,180.39,Van Wyck Expressway,T1,Staff,False,False,,0,480.0
10892,8/1/25,180.46,Van Wyck Expressway,T4,Business,False,False,,0,360.0
10893,8/1/25,180.53,Van Wyck Expressway,T5,Short-Term,False,False,,0,89.0
10894,8/1/25,180.54,Van Wyck Expressway,T5,Short-Term,False,False,,0,94.0
10895,8/1/25,180.54,Van Wyck Expressway,T5,Business,False,False,,0,147.0
10896,8/1/25,180.63,Van Wyck Expressway,T5,Short-Term,False,False,,0,54.0
10897,8/1/25,180.73,Van Wyck Expressway,T4,Short-Term,False,False,,0,62.0
10898,8/1/25,180.74,Van Wyck Expressway,T1,Business,False,False,,0,387.0
10899,8/1/25,181.49,Van Wyck Expressway,T1,Staff,True,False,,0,480.0
10900,8/1/25,181.61,Van Wyck Expressway,T1,Vacationer,False,False,,0,1889.0
10901,8/1/25,181.61,Van Wyck Expressway,T4,Short-Term,False,False,,0,63.0
10902,8/1/25,181.86,Van Wyck Expressway,T4,Short-Term,False,False,,0,95.0
10903,8/1/25,182.17,Van Wyck Expressway,T8,Vacationer,False,False,,0,2783.0
10904,8/1/25,182.71,Van Wyck Expressway,T4,Staff,False,False,,0,480.0
10905,8/1/25,182.71,Van Wyck Expressway,T1,Short-Term,False,False,,0,93.0
10906,8/1/25,182.85,Van Wyck Expressway,T5,Short-Term,False,False,,0,32.0
10907,8/1/25,182.92,Van Wyck Expressway,T8,Business,True,False,,0,433.0
10908,8/1/25,183.27,Van Wyck Expressway,T1,Vacationer,False,False,,0,4186.0
10909,8/1/25,183.43,Van Wyck Expressway,T4,Vacationer,False,False,,0,498.0
10910,8/1/25,183.49,Van Wyck Expressway,T1,Business,False,False,,0,166.0
10911,8/1/25,183.56,Van Wyck Expressway,T4,Business,False,False,,0,199.0
10912,8/1/25,183.58,Van Wyck Expressway,T4,Staff,False,False,,0,480.0
10913,8/1/25,183.9,Van Wyck Expressway,T5,Vacationer,True,False,,0,476.0
10914,8/1/25,184.09,Van Wyck Expressway,T4,Short-Term,False,False,,0,54.0
10915,8/1/25,184.35,Van Wyck Expressway,T4,Vacationer,False,False,,0,1264.0
10916,8/1/25,184.4,Van Wyck Expressway,T1,Vacationer,False,False,,0,3837.0
10917,8/1/25,184.42,Van Wyck Expressway,T5,Vacationer,False,False,,0,3920.0
10918,8/1/25,184.58,Van Wyck Expressway,T4,Business,False,False,,0,478.0
10919,8/1/25,184.66,Van Wyck Expressway,T5,Business,False,False,,0,133.0
10920,8/1/25,184.73,Van Wyck Expressway,T1,Short-Term,False,False,,0,73.0
10921,8/1/25,185.0,Van Wyck Expressway,T4,Staff,False,False,,0,480.0
10922,8/1/25,185.03,Van Wyck Expressway,T1,Short-Term,False,False,,0,87.0
10923,8/1/25,185.13,Van Wyck Expressway,T4,Short-Term,False,False,,0,48.0
10924,8/1/25,185.53,Van Wyck Expressway,T1,Short-Term,False,False,,0,69.0
10925,8/1/25,185.63,Van Wyck Expressway,T8,Short-Term,False,False,,0,30.0
10926,8/1/25,185.67,Van Wyck Expressway,T5,Short-Term,False,False,,0,81.0
10927,8/1/25,185.91,Van Wyck Expressway,T1,Business,True,False,,0,285.0
10928,8/1/25,186.11,Van Wyck Expressway,T8,Business,False,False,,0,393.0
10929,8/1/25,186.38,Van Wyck Expressway,T4,Short-Term,False,False,,0,62.0
10930,8/1/25,186.51,Van Wyck Expressway,T4,Vacationer,False,False,,0,3460.0
10931,8/1/25,186.61,Van Wyck Expressway,T8,Short-Term,False,False,,0,66.0
10932,8/1/25,186.66,Van Wyck Expressway,T4,Short-Term,False,False,,0,120.0
10933,8/1/25,186.73,Van Wyck Expressway,T4,Business,False,False,,0,360.0
10934,8/1/25,186.85,Van Wyck Expressway,T8,Short-Term,False,False,,0,100.0
10935,8/1/25,186.99,Van Wyck Expressway,T4,Short-Term,False,False,,0,76.0
10936,8/1/25,187.68,Van Wyck Expressway,T5,Staff,True,False,,0,480.0
10937,8/1/25,187.88,Van Wyck Expressway,T8,Short-Term,False,False,,0,49.0
10938,8/1/25,188.09,Van Wyck Expressway,T5,Short-Term,False,False,,0,116.0
10939,8/1/25,188.26,Van Wyck Expressway,T4,Business,False,False,,0,282.0
10940,8/1/25,188.77,Van Wyck Expressway,T4,Business,False,False,,0,247.0
10941,8/1/25,188.85,Van Wyck Expressway,T5,Vacationer,False,False,,0,2367.0
10942,8/1/25,188.88,Van Wyck Expressway,T8,Business,False,False,,0,462.0
10943,8/1/25,189.38,Van Wyck Expressway,T5,Short-Term,False,False,,0,96.0
10944,8/1/25,189.55,Van Wyck Expressway,T4,Business,False,False,,0,332.0
10945,8/1/25,189.6,Van Wyck Expressway,T8,Business,False,False,,0,324.0
10946,8/1/25,189.81,Van Wyck Expressway,T8,Staff,False,False,,0,480.0
10947,8/1/25,190.01,Van Wyck Expressway,T1,Business,False,False,,0,396.0
10948,8/1/25,190.23,Van Wyck Expressway,T1,Business,False,False,,0,304.0
10949,8/1/25,190.4,Van Wyck Expressway,T5,Vacationer,False,False,,0,3873.0
10950,8/1/25,190.42,Van Wyck Expressway,T5,Business,False,False,,0,393.0
10951,8/1/25,190.65,Van Wyck Expressway,T8,Short-Term,False,False,,0,35.0
10952,8/1/25,190.94,Van Wyck Expressway,T5,Vacationer,False,False,,0,904.0
10953,8/1/25,190.98,Van Wyck Expressway,T8,Short-Term,False,False,,0,93.0
10954,8/1/25,191.06,Van Wyck Expressway,T1,Staff,False,False,,0,480.0
10955,8/1/25,191.31,Van Wyck Expressway,T4,Vacationer,False,False,,0,3385.0
10956,8/1/25,191.41,Van Wyck Expressway,T4,Business,False,False,,0,122.0
10957,8/1/25,191.54,Van Wyck Expressway,T1,Staff,False,False,,0,480.0
10958,8/1/25,191.55,Van Wyck Expressway,T4,Business,False,False,,0,366.0
10959,8/1/25,191.6,Van Wyck Expressway,T8,Short-Term,False,False,,0,77.0
10960,8/1/25,191.65,Van Wyck Expressway,T8,Short-Term,False,False,,0,109.0
10961,8/1/25,191.69,Van Wyck Expressway,T1,Short-Term,False,False,,0,81.0
10962,8/1/25,191.74,Van Wyck Expressway,T8,Vacationer,False,False,,0,1031.0
10963,8/1/25,191.87,Van Wyck Expressway,T1,Business,False,False,,0,310.0
10964,8/1/25,191.96,Van Wyck Expressway,T1,Vacationer,False,False,,0,3606.0
10965,8/1/25,192.19,Van Wyck Expressway,T4,Short-Term,False,False,,0,51.0
10966,8/1/25,192.29,Van Wyck Expressway,T8,Short-Term,False,False,,0,112.0
10967,8/1/25,192.36,Van Wyck Expressway,T8,Vacationer,False,False,,0,1834.0
10968,8/1/25,192.67,Van Wyck Expressway,T5,Vacationer,False,False,,0,1994.0
10969,8/1/25,192.92,Van Wyck Expressway,T4,Short-Term,False,False,,0,91.0
10970,8/1/25,193.13,Van Wyck Expressway,T5,Vacationer,False,False,,0,3561.0
10971,8/1/25,193.53,Van Wyck Expressway,T1,Business,False,False,,0,297.0
10972,8/1/25,193.72,Van Wyck Expressway,T5,Vacationer,False,False,,0,3899.0
10973,8/1/25,193.81,Van Wyck Expressway,T5,Short-Term,False,False,,0,98.0
10974,8/1/25,193.9,Van Wyck Expressway,T1,Short-Term,False,False,,0,46.0
10975,8/1/25,193.91,Van Wyck Expressway,T5,Short-Term,False,False,,0,96.0
10976,8/1/25,193.96,Van Wyck Expressway,T8,Short-Term,False,False,,0,57.0
10977,8/1/25,194.01,Van Wyck Expressway,T8,Short-Term,False,False,,0,37.0
10978,8/1/25,194.06,Van Wyck Expressway,T5,Short-Term,False,False,,0,58.0
10979,8/1/25,194.12,Van Wyck Expressway,T4,Business,False,False,,0,273.0
10980,8/1/25,194.12,Van Wyck Expressway,T8,Business,False,False,,0,466.0
10981,8/1/25,194.26,Van Wyck Expressway,T4,Business,False,False,,0,320.0
10982,8/1/25,194.46,Van Wyck Expressway,T5,Business,False,False,,0,209.0
10983,8/1/25,194.46,Van Wyck Expressway,T1,Short-Term,False,False,,0,100.0
10984,8/1/25,194.56,Van Wyck Expressway,T4,Short-Term,False,False,,0,76.0
10985,8/1/25,194.73,Van Wyck Expressway,T5,Short-Term,False,False,,0,53.0
10986,8/1/25,194.81,Van Wyck Expressway,T1,Business,False,False,,0,353.0
10987,8/1/25,194.89,Van Wyck Expressway,T5,Short-Term,False,False,,0,100.0
10988,8/1/25,195.24,Van Wyck Expressway,T5,Business,False,False,,0,439.0
10989,8/1/25,195.25,Van Wyck Expressway,T4,Short-Term,False,False,,0,84.0
10990,8/1/25,195.31,Van Wyck Expressway,T5,Short-Term,False,False,,0,45.0
10991,8/1/25,195.34,Van Wyck Expressway,T4,Vacationer,False,False,,0,4027.0
10992,8/1/25,196.08,Van Wyck Expressway,T5,Vacationer,False,False,,0,2331.0
10993,8/1/25,196.12,Van Wyck Expressway,T4,Short-Term,False,False,,0,100.0
10994,8/1/25,196.16,Van Wyck Expressway,T1,Vacationer,False,False,,0,1342.0
10995,8/1/25,196.38,Van Wyck Expressway,T8,Vacationer,False,False,,0,768.0
10996,8/1/25,197.1,Van Wyck Expressway,T1,Short-Term,True,False,,0,111.0
10997,8/1/25,197.39,Van Wyck Expressway,T4,Short-Term,False,False,,0,99.0
10998,8/1/25,197.5,Van Wyck Expressway,T4,Business,False,False,,0,392.0
10999,8/1/25,197.56,Van Wyck Expressway,T4,Business,False,False,,0,377.0
11000,8/1/25,197.58,Van Wyck Expressway,T8,Vacationer,True,False,,0,3521.0
11001,8/1/25,197.82,Van Wyck Expressway,T4,Business,False,False,,0,243.0
11002,8/1/25,197.87,Van Wyck Expressway,T8,Short-Term,False,False,,0,92.0
11003,8/1/25,198.44,Van Wyck Expressway,T5,Vacationer,False,False,,0,2321.0
11004,8/1/25,198.49,Van Wyck Expressway,T8,Business,False,False,,0,195.0
11005,8/1/25,198.66,Van Wyck Expressway,T5,Short-Term,False,False,,0,114.0
11006,8/1/25,198.73,Van Wyck Expressway,T8,Short-Term,True,False,,0,50.0
11007,8/1/25,198.99,Van Wyck Expressway,T8,Business,False,False,,0,442.0
11008,8/1/25,198.99,Van Wyck Expressway,T4,Business,False,False,,0,227.0
11009,8/1/25,199.26,Van Wyck Expressway,T8,Business,False,False,,0,460.0
11010,8/1/25,199.3,Van Wyck Expressway,T5,Business,False,False,,0,260.0
11011,8/1/25,199.69,Van Wyck Expressway,T8,Vacationer,False,False,,0,3904.0
11012,8/1/25,199.86,Van Wyck Expressway,T1,Short-Term,False,False,,0,55.0
11013,8/1/25,199.93,Van Wyck Expressway,T1,Short-Term,False,False,,0,104.0
11014,8/1/25,200.45,Van Wyck Expressway,T1,Vacationer,False,False,,0,1802.0
11015,8/1/25,200.77,Van Wyck Expressway,T8,Business,False,False,,0,276.0
11016,8/1/25,200.8,Van Wyck Expressway,T1,Business,False,False,,0,337.0
11017,8/1/25,200.89,Van Wyck Expressway,T4,Short-Term,False,False,,0,47.0
11018,8/1/25,201.37,Van Wyck Expressway,T1,Business,False,False,,0,376.0
11019,8/1/25,201.52,Van Wyck Expressway,T4,Vacationer,False,False,,0,2914.0
11020,8/1/25,201.55,Van Wyck Expressway,T5,Staff,False,False,,0,480.0
11021,8/1/25,201.83,Van Wyck Expressway,T1,Short-Term,False,False,,0,111.0
11022,8/1/25,201.85,Van Wyck Expressway,T8,Short-Term,False,False,,0,58.0
11023,8/1/25,201.87,Van Wyck Expressway,T5,Business,False,False,,0,423.0
11024,8/1/25,201.87,Van Wyck Expressway,T1,Short-Term,False,False,,0,51.0
11025,8/1/25,202.08,Van Wyck Expressway,T8,Short-Term,False,False,,0,63.0
11026,8/1/25,202.22,Van Wyck Expressway,T8,Business,False,False,,0,289.0
11027,8/1/25,202.28,Van Wyck Expressway,T1,Vacationer,False,False,,0,1813.0
11028,8/1/25,202.38,Van Wyck Expressway,T4,Business,False,False,,0,366.0
11029,8/1/25,202.55,Van Wyck Expressway,T4,Short-Term,True,False,,0,79.0
11030,8/1/25,202.8,Van Wyck Expressway,T5,Business,True,False,,0,211.0
11031,8/1/25,202.88,Van Wyck Expressway,T8,Vacationer,False,False,,0,3116.0
11032,8/1/25,203.12,Van Wyck Expressway,T1,Business,False,False,,0,255.0
11033,8/1/25,203.56,Van Wyck Expressway,T1,Short-Term,False,False,,0,85.0
11034,8/1/25,203.58,Van Wyck Expressway,T8,Short-Term,False,False,,0,31.0
11035,8/1/25,203.93,Van Wyck Expressway,T4,Vacationer,False,False,,0,932.0
11036,8/1/25,203.95,Van Wyck Expressway,T1,Vacationer,False,False,,0,3875.0
11037,8/1/25,204.1,Van Wyck Expressway,T4,Vacationer,True,False,,0,2348.0
11038,8/1/25,204.12,Van Wyck Expressway,T4,Short-Term,False,False,,0,102.0
11039,8/1/25,204.74,Van Wyck Expressway,T4,Business,False,False,,0,359.0
11040,8/1/25,204.76,Van Wyck Expressway,T5,Business,False,False,,0,352.0
11041,8/1/25,204.8,Van Wyck Expressway,T1,Short-Term,True,False,,0,47.0
11042,8/1/25,205.12,Van Wyck Expressway,T4,Short-Term,False,False,,0,38.0
11043,8/1/25,205.43,Van Wyck Expressway,T5,Short-Term,False,False,,0,43.0
11044,8/1/25,205.57,Van Wyck Expressway,T8,Business,False,False,,0,363.0
11045,8/1/25,205.64,Van Wyck Expressway,T4,Business,False,False,,0,466.0
11046,8/1/25,205.68,Van Wyck Expressway,T5,Short-Term,False,False,,0,63.0
11047,8/1/25,206.07,Van Wyck Expressway,T5,Business,True,False,,0,360.0
11048,8/1/25,206.11,Van Wyck Expressway,T8,Short-Term,False,False,,0,44.0
11049,8/1/25,206.45,Van Wyck Expressway,T4,Staff,False,False,,0,480.0
11050,8/1/25,206.6,Van Wyck Expressway,T1,Short-Term,True,False,,0,65.0
11051,8/1/25,206.84,Van Wyck Expressway,T8,Vacationer,False,False,,0,1750.0
11052,8/1/25,206.97,Van Wyck Expressway,T8,Business,False,False,,0,242.0
11053,8/1/25,207.4,Van Wyck Expressway,T5,Staff,False,False,,0,480.0
11054,8/1/25,207.51,Van Wyck Expressway,T1,Business,False,False,,0,339.0
11055,8/1/25,207.53,Van Wyck Expressway,T5,Business,False,False,,0,361.0
11056,8/1/25,207.71,Van Wyck Expressway,T8,Staff,False,False,,0,480.0
11057,8/1/25,207.88,Van Wyck Expressway,T4,Vacationer,False,False,,0,2624.0
11058,8/1/25,208.36,Van Wyck Expressway,T5,Staff,True,False,,0,480.0
11059,8/1/25,208.74,Van Wyck Expressway,T5,Vacationer,False,False,,0,1879.0
11060,8/1/25,209.04,Van Wyck Expressway,T4,Short-Term,False,False,,0,73.0
11061,8/1/25,209.07,Van Wyck Expressway,T1,Short-Term,False,False,,0,31.0
11062,8/1/25,209.18,Van Wyck Expressway,T8,Short-Term,False,False,,0,66.0
11063,8/1/25,209.29,Van Wyck Expressway,T1,Business,False,False,,0,317.0
11064,8/1/25,209.94,Van Wyck Expressway,T1,Business,False,False,,0,410.0
11065,8/1/25,210.01,Van Wyck Expressway,T8,Short-Term,False,False,,0,42.0
11066,8/1/25,210.42,Van Wyck Expressway,T8,Short-Term,False,False,,0,63.0
11067,8/1/25,210.58,Van Wyck Expressway,T8,Business,False,False,,0,354.0
11068,8/1/25,210.97,Van Wyck Expressway,T4,Short-Term,False,False,,0,34.0
11069,8/1/25,210.99,Van Wyck Expressway,T5,Staff,False,False,,0,480.0
11070,8/1/25,211.01,Van Wyck Expressway,T8,Business,False,False,,0,346.0
11071,8/1/25,211.14,Van Wyck Expressway,T1,Staff,False,False,,0,480.0
11072,8/1/25,211.52,Van Wyck Expressway,T1,Business,False,False,,0,206.0
11073,8/1/25,211.7,Van Wyck Expressway,T8,Business,False,False,,0,441.0
11074,8/1/25,211.77,Van Wyck Expressway,T4,Short-Term,True,False,,0,71.0
11075,8/1/25,211.79,Van Wyck Expressway,T8,Vacationer,False,False,,0,985.0
11076,8/1/25,212.13,Van Wyck Expressway,T4,Short-Term,False,False,,0,63.0
11077,8/1/25,212.21,Van Wyck Expressway,T4,Short-Term,False,False,,0,86.0
11078,8/1/25,212.45,Van Wyck Expressway,T1,Short-Term,False,False,,0,50.0
11079,8/1/25,212.55,Van Wyck Expressway,T1,Business,False,False,,0,316.0
11080,8/1/25,212.58,Van Wyck Expressway,T4,Business,False,False,,0,390.0
11081,8/1/25,212.73,Van Wyck Expressway,T8,Short-Term,False,False,,0,104.0
11082,8/1/25,213.31,Van Wyck Expressway,T1,Vacationer,False,False,,0,2702.0
11083,8/1/25,213.83,Van Wyck Expressway,T1,Short-Term,False,False,,0,106.0
11084,8/1/25,213.87,Van Wyck Expressway,T5,Vacationer,False,False,,0,1889.0
11085,8/1/25,214.3,Van Wyck Expressway,T8,Vacationer,False,False,,0,3166.0
11086,8/1/25,214.39,Van Wyck Expressway,T1,Short-Term,False,False,,0,79.0
11087,8/1/25,214.48,Van Wyck Expressway,T5,Business,False,False,,0,194.0
11088,8/1/25,215.07,Van Wyck Expressway,T1,Short-Term,False,False,,0,74.0
11089,8/1/25,215.44,Van Wyck Expressway,T1,Short-Term,False,False,,0,79.0
11090,8/1/25,215.58,Van Wyck Expressway,T4,Short-Term,False,False,,0,34.0
11091,8/1/25,215.58,Van Wyck Expressway,T4,Vacationer,False,False,,0,3418.0
11092,8/1/25,215.77,Van Wyck Expressway,T8,Short-Term,False,False,,0,77.0
11093,8/1/25,215.92,Van Wyck Expressway,T8,Short-Term,False,False,,0,92.0
11094,8/1/25,216.09,Van Wyck Expressway,T8,Vacationer,False,False,,0,1594.0
11095,8/1/25,216.35,Van Wyck Expressway,T4,Business,False,False,,0,380.0
11096,8/1/25,216.36,Van Wyck Expressway,T5,Short-Term,False,False,,0,85.0
11097,8/1/25,216.72,Van Wyck Expressway,T4,Business,False,False,,0,274.0
11098,8/1/25,217.62,Van Wyck Expressway,T1,Short-Term,False,False,,0,40.0
11099,8/1/25,217.86,Van Wyck Expressway,T5,Short-Term,False,False,,0,54.0
11100,8/1/25,218.19,Van Wyck Expressway,T8,Staff,True,False,,0,480.0
11101,8/1/25,218.2,Van Wyck Expressway,T4,Short-Term,True,False,,0,106.0
11102,8/1/25,218.23,Van Wyck Expressway,T1,Short-Term,False,False,,0,52.0
11103,8/1/25,218.24,Van Wyck Expressway,T5,Business,False,False,,0,424.0
11104,8/1/25,218.32,Van Wyck Expressway,T4,Short-Term,False,False,,0,72.0
11105,8/1/25,218.4,Van Wyck Expressway,T5,Staff,False,False,,0,480.0
11106,8/1/25,218.58,Van Wyck Expressway,T1,Business,True,False,,0,152.0
11107,8/1/25,218.64,Van Wyck Expressway,T4,Vacationer,True,False,,0,740.0
11108,8/1/25,219.68,Van Wyck Expressway,T5,Business,False,False,,0,386.0
11109,8/1/25,219.85,Van Wyck Expressway,T4,Short-Term,False,False,,0,106.0
11110,8/1/25,220.04,Van Wyck Expressway,T8,Vacationer,False,False,,0,2046.0
11111,8/1/25,220.06,Van Wyck Expressway,T4,Short-Term,True,False,,0,88.0
11112,8/1/25,220.64,Van Wyck Expressway,T4,Short-Term,False,False,,0,35.0
11113,8/1/25,221.52,Van Wyck Expressway,T4,Short-Term,False,False,,0,71.0
11114,8/1/25,221.77,Van Wyck Expressway,T1,Short-Term,False,False,,0,56.0
11115,8/1/25,221.87,Van Wyck Expressway,T8,Business,False,False,,0,204.0
11116,8/1/25,222.09,Van Wyck Expressway,T8,Short-Term,False,False,,0,82.0
11117,8/1/25,222.37,Van Wyck Expressway,T1,Short-Term,False,False,,0,57.0
11118,8/1/25,222.51,Van Wyck Expressway,T8,Vacationer,False,False,,0,1015.0
11119,8/1/25,222.53,Van Wyck Expressway,T5,Short-Term,False,False,,0,52.0
11120,8/1/25,222.7,Van Wyck Expressway,T4,Business,False,False,,0,200.0
11121,8/1/25,222.77,Van Wyck Expressway,T8,Business,False,False,,0,398.0
11122,8/1/25,223.25,Van Wyck Expressway,T1,Business,False,False,,0,455.0
11123,8/1/25,223.31,Van Wyck Expressway,T4,Vacationer,False,False,,0,772.0
11124,8/1/25,223.6,Van Wyck Expressway,T8,Short-Term,False,False,,0,66.0
11125,8/1/25,224.13,Van Wyck Expressway,T8,Short-Term,False,False,,0,75.0
11126,8/1/25,224.17,Van Wyck Expressway,T5,Vacationer,False,False,,0,3630.0
11127,8/1/25,224.29,Van Wyck Expressway,T4,Vacationer,False,False,,0,2880.0
11128,8/1/25,224.32,Van Wyck Expressway,T5,Business,False,False,,0,334.0
11129,8/1/25,224.49,Van Wyck Expressway,T4,Business,False,False,,0,370.0
11130,8/1/25,224.53,Van Wyck Expressway,T5,Short-Term,False,False,,0,95.0
11131,8/1/25,224.55,Van Wyck Expressway,T1,Short-Term,False,False,,0,48.0
11132,8/1/25,224.82,Van Wyck Expressway,T8,Staff,False,False,,0,480.0
11133,8/1/25,224.97,Van Wyck Expressway,T1,Vacationer,False,False,,0,2367.0
11134,8/1/25,225.82,Van Wyck Expressway,T4,Short-Term,False,False,,0,40.0
11135,8/1/25,225.99,Van Wyck Expressway,T5,Vacationer,False,False,,0,3376.0
11136,8/1/25,226.08,Van Wyck Expressway,T1,Business,False,False,,0,170.0
11137,8/1/25,226.14,Van Wyck Expressway,T4,Short-Term,False,False,,0,72.0
11138,8/1/25,226.64,Van Wyck Expressway,T1,Vacationer,False,False,,0,3957.0
11139,8/1/25,226.7,Van Wyck Expressway,T4,Short-Term,False,False,,0,55.0
11140,8/1/25,226.87,Van Wyck Expressway,T4,Staff,False,False,,0,480.0
11141,8/1/25,226.93,Van Wyck Expressway,T8,Short-Term,False,False,,0,47.0
11142,8/1/25,227.12,Van Wyck Expressway,T8,Business,False,False,,0,325.0
11143,8/1/25,227.27,Van Wyck Expressway,T5,Vacationer,False,False,,0,2190.0
11144,8/1/25,227.28,Van Wyck Expressway,T5,Short-Term,False,False,,0,120.0
11145,8/1/25,227.65,Van Wyck Expressway,T4,Business,False,False,,0,277.0
11146,8/1/25,228.13,Van Wyck Expressway,T5,Business,False,False,,0,359.0
11147,8/1/25,228.46,Van Wyck Expressway,T4,Short-Term,False,False,,0,98.0
11148,8/1/25,229.58,Van Wyck Expressway,T8,Vacationer,False,False,,0,1197.0
11149,8/1/25,229.91,Van Wyck Expressway,T1,Business,False,False,,0,227.0
11150,8/1/25,229.92,Van Wyck Expressway,T8,Business,True,False,,0,340.0
11151,8/1/25,230.01,Van Wyck Expressway,T8,Vacationer,False,False,,0,2935.0
11152,8/1/25,230.06,Van Wyck Expressway,T8,Short-Term,False,False,,0,84.0
11153,8/1/25,230.65,Van Wyck Expressway,T1,Short-Term,False,False,,0,61.0
11154,8/1/25,231.36,Van Wyck Expressway,T5,Short-Term,False,False,,0,72.0
11155,8/1/25,231.61,Van Wyck Expressway,T5,Vacationer,True,False,,0,1937.0
11156,8/1/25,231.74,Van Wyck Expressway,T4,Short-Term,False,False,,0,64.0
11157,8/1/25,231.85,Van Wyck Expressway,T5,Short-Term,False,False,,0,63.0
11158,8/1/25,232.08,Van Wyck Expressway,T5,Short-Term,False,False,,0,91.0
11159,8/1/25,232.08,Van Wyck Expressway,T8,Short-Term,False,False,,0,70.0
11160,8/1/25,232.56,Van Wyck Expressway,T4,Vacationer,False,False,,0,3637.0
11161,8/1/25,232.66,Van Wyck Expressway,T5,Staff,True,False,,0,480.0
11162,8/1/25,233.34,Van Wyck Expressway,T8,Short-Term,False,False,,0,85.0
11163,8/1/25,233.69,Van Wyck Expressway,T8,Business,False,False,,0,133.0
11164,8/1/25,233.88,Van Wyck Expressway,T5,Business,False,False,,0,272.0
11165,8/1/25,234.15,Van Wyck Expressway,T5,Short-Term,False,False,,0,31.0
11166,8/1/25,234.16,Van Wyck Expressway,T4,Short-Term,False,False,,0,116.0
11167,8/1/25,234.51,Van Wyck Expressway,T8,Vacationer,False,False,,0,945.0
11168,8/1/25,234.66,Van Wyck Expressway,T4,Vacationer,False,False,,0,1234.0
11169,8/1/25,234.83,Van Wyck Expressway,T5,Vacationer,False,False,,0,3104.0
11170,8/1/25,234.95,Van Wyck Expressway,T4,Business,False,False,,0,321.0
11171,8/1/25,235.51,Van Wyck Expressway,T1,Business,False,False,,0,380.0
11172,8/1/25,235.66,Van Wyck Expressway,T5,Short-Term,False,False,,0,113.0
11173,8/1/25,235.67,Van Wyck Expressway,T4,Staff,False,False,,0,480.0
11174,8/1/25,236.45,Van Wyck Expressway,T8,Business,False,False,,0,425.0
11175,8/1/25,237.19,Van Wyck Expressway,T4,Business,False,False,,0,319.0
11176,8/1/25,237.44,Van Wyck Expressway,T5,Short-Term,False,False,,0,37.0
11177,8/1/25,237.58,Van Wyck Expressway,T5,Staff,False,False,,0,480.0
11178,8/1/25,237.65,Van Wyck Expressway,T1,Business,False,False,,0,167.0
11179,8/1/25,237.78,Van Wyck Expressway,T8,Vacationer,False,False,,0,473.0
11180,8/1/25,237.85,Van Wyck Expressway,T5,Business,False,False,,0,464.0
11181,8/1/25,237.89,Van Wyck Expressway,T5,Vacationer,False,False,,0,2433.0
11182,8/1/25,237.99,Van Wyck Expressway,T4,Business,True,False,,0,451.0
11183,8/1/25,238.27,Van Wyck Expressway,T1,Short-Term,False,False,,0,81.0
11184,8/1/25,238.51,Van Wyck Expressway,T1,Short-Term,False,False,,0,52.0
11185,8/1/25,238.61,Van Wyck Expressway,T4,Short-Term,True,False,,0,119.0
11186,8/1/25,239.03,Van Wyck Expressway,T1,Short-Term,False,False,,0,92.0
11187,8/1/25,239.09,Van Wyck Expressway,T5,Short-Term,True,False,,0,74.0
11188,8/1/25,239.11,Van Wyck Expressway,T4,Business,True,False,,0,163.0
11189,8/1/25,239.12,Van Wyck Expressway,T8,Short-Term,True,False,,0,107.0
11190,8/1/25,239.18,Van Wyck Expressway,T5,Short-Term,False,False,,0,60.0
11191,8/1/25,239.3,Van Wyck Expressway,T1,Business,False,False,,0,288.0
11192,8/1/25,239.31,Van Wyck Expressway,T5,Staff,False,False,,0,480.0
11193,8/1/25,239.42,Van Wyck Expressway,T4,Business,False,False,,0,179.0
11194,8/1/25,239.52,Van Wyck Expressway,T5,Short-Term,False,False,,0,99.0
11195,8/1/25,239.62,Van Wyck Expressway,T1,Vacationer,True,False,,0,1536.0
11196,8/1/25,240.53,Van Wyck Expressway,T8,Short-Term,False,False,,0,58.0
11197,8/1/25,240.55,Van Wyck Expressway,T8,Business,True,False,,0,176.0
11198,8/1/25,240.58,Van Wyck Expressway,T8,Short-Term,False,False,,0,94.0
11199,8/1/25,240.6,Van Wyck Expressway,T1,Business,False,False,,0,190.0
11200,8/1/25,240.96,Van Wyck Expressway,T5,Business,False,False,,0,365.0
11201,8/1/25,241.09,Van Wyck Expressway,T1,Short-Term,False,False,,0,70.0
11202,8/1/25,241.46,Van Wyck Expressway,T8,Short-Term,False,False,,0,40.0
11203,8/1/25,241.65,Van Wyck Expressway,T5,Short-Term,False,False,,0,82.0
11204,8/1/25,241.7,Van Wyck Expressway,T1,Business,False,False,,0,279.0
11205,8/1/25,241.73,Van Wyck Expressway,T1,Short-Term,False,False,,0,72.0
11206,8/1/25,241.83,Van Wyck Expressway,T5,Business,False,False,,0,390.0
11207,8/1/25,242.27,Van Wyck Expressway,T5,Staff,False,False,,0,480.0
11208,8/1/25,242.28,Van Wyck Expressway,T5,Business,False,False,,0,315.0
11209,8/1/25,242.35,Van Wyck Expressway,T5,Short-Term,True,False,,0,75.0
11210,8/1/25,242.36,Van Wyck Expressway,T5,Staff,False,False,,0,480.0
11211,8/1/25,242.52,Van Wyck Expressway,T1,Business,False,False,,0,160.0
11212,8/1/25,242.64,Van Wyck Expressway,T8,Business,False,False,,0,129.0
11213,8/1/25,243.1,Van Wyck Expressway,T8,Short-Term,False,False,,0,56.0
11214,8/1/25,243.16,Van Wyck Expressway,T8,Staff,False,False,,0,480.0
11215,8/1/25,243.68,Van Wyck Expressway,T5,Short-Term,False,False,,0,49.0
11216,8/1/25,243.76,Van Wyck Expressway,T1,Vacationer,False,False,,0,750.0
11217,8/1/25,243.78,Van Wyck Expressway,T5,Short-Term,False,False,,0,53.0
11218,8/1/25,243.8,Van Wyck Expressway,T8,Short-Term,False,False,,0,47.0
11219,8/1/25,243.97,Van Wyck Expressway,T5,Business,False,False,,0,458.0
11220,8/1/25,243.97,Van Wyck Expressway,T1,Short-Term,False,False,,0,113.0
11221,8/1/25,244.3,Van Wyck Expressway,T1,Vacationer,False,False,,0,4306.0
11222,8/1/25,244.31,Van Wyck Expressway,T8,Staff,True,False,,0,480.0
11223,8/1/25,244.44,Van Wyck Expressway,T1,Staff,False,False,,0,480.0
11224,8/1/25,244.49,Van Wyck Expressway,T8,Business,False,False,,0,121.0
11225,8/1/25,244.76,Van Wyck Expressway,T5,Business,True,False,,0,150.0
11226,8/1/25,245.08,Van Wyck Expressway,T1,Business,False,False,,0,225.0
11227,8/1/25,245.35,Van Wyck Expressway,T1,Short-Term,False,False,,0,108.0
11228,8/1/25,245.37,Van Wyck Expressway,T5,Business,False,False,,0,146.0
11229,8/1/25,245.51,Van Wyck Expressway,T4,Business,False,False,,0,358.0
11230,8/1/25,245.59,Van Wyck Expressway,T5,Short-Term,False,False,,0,104.0
11231,8/1/25,245.72,Van Wyck Expressway,T1,Business,False,False,,0,416.0
11232,8/1/25,245.94,Van Wyck Expressway,T8,Short-Term,False,False,,0,74.0
11233,8/1/25,246.39,Van Wyck Expressway,T5,Short-Term,False,False,,0,49.0
11234,8/1/25,246.39,Van Wyck Expressway,T5,Short-Term,True,False,,0,73.0
11235,8/1/25,246.67,Van Wyck Expressway,T4,Short-Term,False,False,,0,99.0
11236,8/1/25,246.68,Van Wyck Expressway,T1,Business,False,False,,0,398.0
11237,8/1/25,247.28,Van Wyck Expressway,T8,Short-Term,False,False,,0,68.0
11238,8/1/25,247.61,Van Wyck Expressway,T1,Business,False,False,,0,168.0
11239,8/1/25,247.62,Van Wyck Expressway,T8,Short-Term,False,False,,0,116.0
11240,8/1/25,247.94,Van Wyck Expressway,T5,Short-Term,False,False,,0,46.0
11241,8/1/25,247.95,Van Wyck Expressway,T8,Staff,False,False,,0,480.0
11242,8/1/25,248.23,Van Wyck Expressway,T1,Business,False,False,,0,266.0
11243,8/1/25,248.4,Van Wyck Expressway,T8,Short-Term,False,False,,0,33.0
11244,8/1/25,248.49,Van Wyck Expressway,T4,Staff,False,False,,0,480.0
11245,8/1/25,248.49,Van Wyck Expressway,T8,Staff,False,False,,0,480.0
11246,8/1/25,248.71,Van Wyck Expressway,T4,Business,False,False,,0,462.0
11247,8/1/25,248.86,Van Wyck Expressway,T1,Short-Term,False,False,,0,84.0
11248,8/1/25,249.01,Van Wyck Expressway,T4,Staff,False,False,,0,480.0
11249,8/1/25,249.07,Van Wyck Expressway,T8,Short-Term,False,False,,0,89.0
11250,8/1/25,249.15,Van Wyck Expressway,T4,Business,True,False,,0,254.0
11251,8/1/25,249.27,Van Wyck Expressway,T4,Vacationer,False,False,,0,1812.0
11252,8/1/25,249.54,Van Wyck Expressway,T4,Short-Term,False,False,,0,86.0
11253,8/1/25,249.65,Van Wyck Expressway,T8,Staff,False,False,,0,480.0
11254,8/1/25,249.87,Van Wyck Expressway,T1,Short-Term,False,False,,0,89.0
11255,8/1/25,249.89,Van Wyck Expressway,T5,Business,False,False,,0,167.0
11256,8/1/25,249.92,Van Wyck Expressway,T8,Staff,False,False,,0,480.0
11257,8/1/25,249.94,Van Wyck Expressway,T5,Short-Term,False,False,,0,44.0
11258,8/1/25,250.01,Van Wyck Expressway,T8,Business,False,False,,0,262.0
11259,8/1/25,250.2,Van Wyck Expressway,T1,Staff,True,False,,0,480.0
11260,8/1/25,250.71,Van Wyck Expressway,T1,Business,False,False,,0,240.0
11261,8/1/25,250.87,Van Wyck Expressway,T8,Business,False,False,,0,120.0
11262,8/1/25,251.07,Van Wyck Expressway,T1,Staff,False,False,,0,480.0
11263,8/1/25,251.36,Van Wyck Expressway,T4,Staff,False,False,,0,480.0
11264,8/1/25,251.54,Van Wyck Expressway,T5,Short-Term,False,False,,0,119.0
11265,8/1/25,251.87,Van Wyck Expressway,T1,Short-Term,False,False,,0,52.0
11266,8/1/25,252.04,Van Wyck Expressway,T4,Short-Term,False,False,,0,60.0
11267,8/1/25,252.14,Van Wyck Expressway,T5,Business,False,False,,0,476.0
11268,8/1/25,252.15,Van Wyck Expressway,T1,Staff,False,False,,0,480.0
11269,8/1/25,252.15,Van Wyck Expressway,T1,Short-Term,True,False,,0,101.0
11270,8/1/25,252.83,Van Wyck Expressway,T8,Short-Term,False,False,,0,88.0
11271,8/1/25,252.9,Van Wyck Expressway,T4,Short-Term,False,False,,0,44.0
11272,8/1/25,252.92,Van Wyck Expressway,T4,Short-Term,False,False,,0,66.0
11273,8/1/25,252.95,Van Wyck Expressway,T5,Short-Term,False,False,,0,38.0
11274,8/1/25,253.36,Van Wyck Expressway,T1,Short-Term,False,False,,0,120.0
11275,8/1/25,253.52,Van Wyck Expressway,T1,Vacationer,False,False,,0,2353.0
11276,8/1/25,253.52,Van Wyck Expressway,T5,Short-Term,False,False,,0,120.0
11277,8/1/25,253.91,Van Wyck Expressway,T4,Short-Term,False,False,,0,55.0
11278,8/1/25,254.05,Van Wyck Expressway,T8,Short-Term,False,False,,0,43.0
11279,8/1/25,254.13,Van Wyck Expressway,T5,Business,False,False,,0,351.0
11280,8/1/25,254.22,Van Wyck Expressway,T8,Short-Term,True,False,,0,119.0
11281,8/1/25,254.45,Van Wyck Expressway,T8,Vacationer,False,False,,0,1013.0
11282,8/1/25,254.48,Van Wyck Expressway,T1,Vacationer,False,False,,0,4159.0
11283,8/1/25,254.51,Van Wyck Expressway,T5,Vacationer,False,False,,0,1111.0
11284,8/1/25,255.08,Van Wyck Expressway,T8,Business,False,False,,0,427.0
11285,8/1/25,255.79,Van Wyck Expressway,T5,Business,False,False,,0,329.0
11286,8/1/25,256.14,Van Wyck Expressway,T5,Short-Term,False,False,,0,64.0
11287,8/1/25,256.21,Van Wyck Expressway,T8,Staff,False,False,,0,480.0
11288,8/1/25,256.36,Van Wyck Expressway,T1,Vacationer,False,False,,0,2372.0
11289,8/1/25,256.45,Van Wyck Expressway,T1,Short-Term,True,False,,0,101.0
11290,8/1/25,256.47,Van Wyck Expressway,T1,Short-Term,False,False,,0,76.0
11291,8/1/25,256.56,Van Wyck Expressway,T1,Short-Term,False,False,,0,37.0
11292,8/1/25,256.91,Van Wyck Expressway,T4,Staff,False,False,,0,480.0
11293,8/1/25,257.03,Van Wyck Expressway,T1,Business,False,False,,0,261.0
11294,8/1/25,257.12,Van Wyck Expressway,T1,Short-Term,True,False,,0,87.0
11295,8/1/25,257.31,Van Wyck Expressway,T4,Business,False,False,,0,414.0
11296,8/1/25,257.31,Van Wyck Expressway,T1,Business,False,False,,0,180.0
11297,8/1/25,257.42,Van Wyck Expressway,T4,Short-Term,False,False,,0,70.0
11298,8/1/25,257.43,Van Wyck Expressway,T5,Business,False,False,,0,166.0
11299,8/1/25,257.77,Van Wyck Expressway,T5,Staff,True,False,,0,480.0
11300,8/1/25,257.89,Van Wyck Expressway,T5,Short-Term,False,False,,0,39.0
11301,8/1/25,258.0,Van Wyck Expressway,T5,Short-Term,False,False,,0,58.0
11302,8/1/25,258.1,Van Wyck Expressway,T1,Short-Term,False,False,,0,78.0
11303,8/1/25,258.49,Van Wyck Expressway,T1,Business,False,False,,0,411.0
11304,8/1/25,258.88,Van Wyck Expressway,T4,Business,False,False,,0,181.0
11305,8/1/25,258.9,Van Wyck Expressway,T4,Staff,False,False,,0,480.0
11306,8/1/25,258.93,Van Wyck Expressway,T5,Business,False,False,,0,297.0
11307,8/1/25,259.08,Van Wyck Expressway,T8,Short-Term,True,False,,0,112.0
11308,8/1/25,259.24,Van Wyck Expressway,T8,Short-Term,False,False,,0,37.0
11309,8/1/25,259.42,Van Wyck Expressway,T1,Short-Term,False,False,,0,88.0
11310,8/1/25,259.44,Van Wyck Expressway,T5,Short-Term,True,False,,0,90.0
11311,8/1/25,259.74,Van Wyck Expressway,T4,Vacationer,False,False,,0,446.0
11312,8/1/25,259.75,Van Wyck Expressway,T4,Short-Term,False,False,,0,62.0
11313,8/1/25,259.9,Van Wyck Expressway,T1,Vacationer,False,False,,0,2172.0
11314,8/1/25,260.28,Van Wyck Expressway,T5,Vacationer,False,False,,0,2834.0
11315,8/1/25,260.39,Van Wyck Expressway,T1,Vacationer,True,False,,0,1123.0
11316,8/1/25,260.49,Van Wyck Expressway,T4,Short-Term,False,False,,0,88.0
11317,8/1/25,260.62,Van Wyck Expressway,T5,Short-Term,False,False,,0,58.0
11318,8/1/25,261.9,Van Wyck Expressway,T8,Business,False,False,,0,144.0
11319,8/1/25,261.97,Van Wyck Expressway,T4,Vacationer,False,False,,0,1707.0
11320,8/1/25,262.06,Van Wyck Expressway,T1,Short-Term,False,False,,0,58.0
11321,8/1/25,262.35,Van Wyck Expressway,T8,Staff,False,False,,0,480.0
11322,8/1/25,262.44,Van Wyck Expressway,T4,Short-Term,False,False,,0,49.0
11323,8/1/25,262.52,Van Wyck Expressway,T4,Short-Term,False,False,,0,31.0
11324,8/1/25,262.53,Van Wyck Expressway,T4,Business,False,False,,0,389.0
11325,8/1/25,262.8,Van Wyck Expressway,T8,Short-Term,False,False,,0,110.0
11326,8/1/25,263.46,Van Wyck Expressway,T4,Short-Term,False,False,,0,106.0
11327,8/1/25,263.71,Van Wyck Expressway,T8,Short-Term,False,False,,0,90.0
11328,8/1/25,263.88,Van Wyck Expressway,T8,Business,False,False,,0,205.0
11329,8/1/25,264.05,Van Wyck Expressway,T4,Short-Term,False,False,,0,110.0
11330,8/1/25,264.84,Van Wyck Expressway,T1,Short-Term,False,False,,0,94.0
11331,8/1/25,265.32,Van Wyck Expressway,T4,Short-Term,False,False,,0,91.0
11332,8/1/25,265.41,Van Wyck Expressway,T4,Short-Term,False,False,,0,87.0
11333,8/1/25,265.74,Van Wyck Expressway,T4,Short-Term,True,False,,0,100.0
11334,8/1/25,265.89,Van Wyck Expressway,T5,Short-Term,True,False,,0,35.0
11335,8/1/25,266.28,Van Wyck Expressway,T1,Business,False,False,,0,178.0
11336,8/1/25,266.37,Van Wyck Expressway,T8,Business,False,False,,0,190.0
11337,8/1/25,266.42,Van Wyck Expressway,T5,Business,False,False,,0,276.0
11338,8/1/25,266.61,Van Wyck Expressway,T1,Staff,False,False,,0,480.0
11339,8/1/25,266.69,Van Wyck Expressway,T1,Short-Term,False,False,,0,119.0
11340,8/1/25,266.77,Van Wyck Expressway,T8,Business,True,False,,0,234.0
11341,8/1/25,266.8,Van Wyck Expressway,T1,Vacationer,False,False,,0,1632.0
11342,8/1/25,267.06,Van Wyck Expressway,T8,Short-Term,False,False,,0,49.0
11343,8/1/25,267.4,Van Wyck Expressway,T1,Business,False,False,,0,188.0
11344,8/1/25,267.43,Van Wyck Expressway,T5,Business,False,False,,0,329.0
11345,8/1/25,267.57,Van Wyck Expressway,T4,Business,False,False,,0,318.0
11346,8/1/25,268.12,Van Wyck Expressway,T4,Staff,True,False,,0,480.0
11347,8/1/25,268.21,Van Wyck Expressway,T1,Short-Term,False,False,,0,92.0
11348,8/1/25,268.26,Van Wyck Expressway,T5,Business,True,False,,0,157.0
11349,8/1/25,268.38,Van Wyck Expressway,T5,Short-Term,False,False,,0,51.0
11350,8/1/25,268.45,Van Wyck Expressway,T5,Short-Term,True,False,,0,81.0
11351,8/1/25,268.51,Van Wyck Expressway,T1,Business,False,False,,0,206.0
11352,8/1/25,268.65,Van Wyck Expressway,T1,Short-Term,False,False,,0,71.0
11353,8/1/25,269.24,Van Wyck Expressway,T8,Short-Term,False,False,,0,68.0
11354,8/1/25,269.26,Van Wyck Expressway,T8,Short-Term,False,False,,0,110.0
11355,8/1/25,269.36,Van Wyck Expressway,T8,Business,False,False,,0,468.0
11356,8/1/25,269.36,Van Wyck Expressway,T4,Short-Term,False,False,,0,42.0
11357,8/1/25,269.55,Van Wyck Expressway,T5,Short-Term,False,False,,0,54.0
11358,8/1/25,269.72,Van Wyck Expressway,T4,Vacationer,False,False,,0,2559.0
11359,8/1/25,269.77,Van Wyck Expressway,T1,Vacationer,False,False,,0,2561.0
11360,8/1/25,270.35,Van Wyck Expressway,T8,Business,False,False,,0,409.0
11361,8/1/25,270.94,Van Wyck Expressway,T4,Short-Term,False,False,,0,86.0
11362,8/1/25,270.94,Van Wyck Expressway,T5,Short-Term,False,False,,0,72.0
11363,8/1/25,271.06,Van Wyck Expressway,T1,Staff,True,False,,0,480.0
11364,8/1/25,271.13,Van Wyck Expressway,T1,Short-Term,False,False,,0,103.0
11365,8/1/25,271.25,Van Wyck Expressway,T4,Short-Term,False,False,,0,101.0
11366,8/1/25,271.56,Van Wyck Expressway,T4,Short-Term,False,False,,0,88.0
11367,8/1/25,271.91,Van Wyck Expressway,T8,Vacationer,False,False,,0,2729.0
11368,8/1/25,272.04,Van Wyck Expressway,T5,Business,False,False,,0,326.0
11369,8/1/25,272.88,Van Wyck Expressway,T1,Short-Term,False,False,,0,83.0
11370,8/1/25,273.07,Van Wyck Expressway,T1,Business,False,False,,0,205.0
11371,8/1/25,273.43,Van Wyck Expressway,T8,Short-Term,False,False,,0,109.0
11372,8/1/25,273.53,Van Wyck Expressway,T1,Short-Term,False,False,,0,83.0
11373,8/1/25,274.06,Van Wyck Expressway,T5,Staff,False,False,,0,480.0
11374,8/1/25,274.16,Van Wyck Expressway,T1,Short-Term,False,False,,0,43.0
11375,8/1/25,274.2,Van Wyck Expressway,T1,Vacationer,False,False,,0,4279.0
11376,8/1/25,274.2,Van Wyck Expressway,T8,Business,False,False,,0,299.0
11377,8/1/25,274.42,Van Wyck Expressway,T4,Short-Term,False,False,,0,45.0
11378,8/1/25,274.77,Van Wyck Expressway,T4,Vacationer,False,False,,0,487.0
11379,8/1/25,275.05,Van Wyck Expressway,T1,Vacationer,False,False,,0,565.0
11380,8/1/25,275.05,Van Wyck Expressway,T8,Business,False,False,,0,362.0
11381,8/1/25,275.24,Van Wyck Expressway,T5,Business,True,False,,0,470.0
11382,8/1/25,275.66,Van Wyck Expressway,T1,Business,False,False,,0,218.0
11383,8/1/25,275.78,Van Wyck Expressway,T8,Business,False,False,,0,198.0
11384,8/1/25,276.35,Van Wyck Expressway,T5,Business,False,False,,0,389.0
11385,8/1/25,276.44,Van Wyck Expressway,T1,Vacationer,False,False,,0,3499.0
11386,8/1/25,276.46,Van Wyck Expressway,T8,Short-Term,False,False,,0,79.0
11387,8/1/25,276.6,Van Wyck Expressway,T1,Short-Term,False,False,,0,60.0
11388,8/1/25,276.79,Van Wyck Expressway,T8,Business,False,False,,0,334.0
11389,8/1/25,276.9,Van Wyck Expressway,T1,Business,False,False,,0,166.0
11390,8/1/25,276.96,Van Wyck Expressway,T8,Business,False,False,,0,340.0
11391,8/1/25,277.03,Van Wyck Expressway,T1,Short-Term,False,False,,0,40.0
11392,8/1/25,277.12,Van Wyck Expressway,T4,Business,False,False,,0,167.0
11393,8/1/25,277.6,Van Wyck Expressway,T8,Short-Term,True,False,,0,106.0
11394,8/1/25,277.81,Van Wyck Expressway,T8,Business,True,False,,0,293.0
11395,8/1/25,277.84,Van Wyck Expressway,T1,Short-Term,False,False,,0,82.0
11396,8/1/25,277.94,Van Wyck Expressway,T5,Business,False,False,,0,237.0
11397,8/1/25,278.07,Van Wyck Expressway,T1,Staff,False,False,,0,480.0
11398,8/1/25,278.21,Van Wyck Expressway,T1,Vacationer,False,False,,0,1313.0
11399,8/1/25,278.24,Van Wyck Expressway,T4,Short-Term,True,False,,0,33.0
11400,8/1/25,278.3,Van Wyck Expressway,T5,Short-Term,False,False,,0,71.0
11401,8/1/25,278.35,Van Wyck Expressway,T8,Business,False,False,,0,182.0
11402,8/1/25,278.37,Van Wyck Expressway,T8,Short-Term,False,False,,0,111.0
11403,8/1/25,278.6,Van Wyck Expressway,T1,Vacationer,False,False,,0,2944.0
11404,8/1/25,279.32,Van Wyck Expressway,T5,Short-Term,False,False,,0,92.0
11405,8/1/25,279.41,Van Wyck Expressway,T5,Short-Term,False,False,,0,30.0
11406,8/1/25,279.43,Van Wyck Expressway,T4,Business,False,False,,0,202.0
11407,8/1/25,279.66,Van Wyck Expressway,T8,Business,False,False,,0,378.0
11408,8/1/25,279.92,Van Wyck Expressway,T1,Short-Term,False,False,,0,93.0
11409,8/1/25,280.24,Van Wyck Expressway,T1,Short-Term,False,False,,0,98.0
11410,8/1/25,280.53,Van Wyck Expressway,T5,Business,False,False,,0,303.0
11411,8/1/25,280.62,Van Wyck Expressway,T8,Vacationer,False,False,,0,1753.0
11412,8/1/25,280.87,Van Wyck Expressway,T1,Short-Term,True,False,,0,51.0
11413,8/1/25,281.14,Van Wyck Expressway,T8,Business,False,False,,0,349.0
11414,8/1/25,281.56,Van Wyck Expressway,T4,Business,True,False,,0,211.0
11415,8/1/25,281.66,Van Wyck Expressway,T5,Vacationer,True,False,,0,1580.0
11416,8/1/25,281.82,Van Wyck Expressway,T4,Business,False,False,,0,172.0
11417,8/1/25,281.92,Van Wyck Expressway,T5,Vacationer,False,False,,0,740.0
11418,8/1/25,282.16,Van Wyck Expressway,T1,Vacationer,False,False,,0,1628.0
11419,8/1/25,282.17,Van Wyck Expressway,T5,Business,False,False,,0,446.0
11420,8/1/25,282.23,Van Wyck Expressway,T8,Short-Term,False,False,,0,65.0
11421,8/1/25,282.29,Van Wyck Expressway,T8,Business,False,False,,0,459.0
11422,8/1/25,282.38,Van Wyck Expressway,T1,Short-Term,False,False,,0,34.0
11423,8/1/25,282.4,Van Wyck Expressway,T5,Vacationer,False,False,,0,2398.0
11424,8/1/25,282.41,Van Wyck Expressway,T5,Vacationer,False,False,,0,754.0
11425,8/1/25,282.54,Van Wyck Expressway,T8,Vacationer,False,False,,0,627.0
11426,8/1/25,282.89,Van Wyck Expressway,T8,Business,False,False,,0,400.0
11427,8/1/25,283.05,Van Wyck Expressway,T5,Staff,False,False,,0,480.0
11428,8/1/25,283.07,Van Wyck Expressway,T4,Short-Term,False,False,,0,33.0
11429,8/1/25,283.16,Van Wyck Expressway,T5,Short-Term,False,False,,0,106.0
11430,8/1/25,283.18,Van Wyck Expressway,T5,Vacationer,False,False,,0,2764.0
11431,8/1/25,283.33,Van Wyck Expressway,T4,Vacationer,False,False,,0,1814.0
11432,8/1/25,283.79,Van Wyck Expressway,T5,Business,False,False,,0,186.0
11433,8/1/25,283.84,Van Wyck Expressway,T4,Short-Term,False,False,,0,75.0
11434,8/1/25,283.95,Van Wyck Expressway,T8,Short-Term,False,False,,0,59.0
11435,8/1/25,284.05,Van Wyck Expressway,T1,Business,False,False,,0,443.0
11436,8/1/25,284.62,Van Wyck Expressway,T8,Vacationer,False,False,,0,2522.0
11437,8/1/25,284.7,Van Wyck Expressway,T8,Vacationer,False,False,,0,901.0
11438,8/1/25,284.84,Van Wyck Expressway,T5,Short-Term,False,False,,0,107.0
11439,8/1/25,285.0,Van Wyck Expressway,T8,Short-Term,False,False,,0,66.0
11440,8/1/25,285.19,Van Wyck Expressway,T4,Vacationer,False,False,,0,1626.0
11441,8/1/25,285.38,Van Wyck Expressway,T4,Short-Term,False,False,,0,102.0
11442,8/1/25,285.51,Van Wyck Expressway,T8,Vacationer,False,False,,0,2566.0
11443,8/1/25,285.58,Van Wyck Expressway,T8,Vacationer,True,False,,0,2189.0
11444,8/1/25,285.8,Van Wyck Expressway,T5,Business,False,False,,0,471.0
11445,8/1/25,285.84,Van Wyck Expressway,T4,Staff,False,False,,0,480.0
11446,8/1/25,285.91,Van Wyck Expressway,T8,Vacationer,False,False,,0,1289.0
11447,8/1/25,286.3,Van Wyck Expressway,T8,Staff,False,False,,0,480.0
11448,8/1/25,286.4,Van Wyck Expressway,T5,Business,False,False,,0,252.0
11449,8/1/25,286.57,Van Wyck Expressway,T5,Vacationer,False,False,,0,857.0
11450,8/1/25,286.78,Van Wyck Expressway,T4,Short-Term,False,False,,0,104.0
11451,8/1/25,287.16,Van Wyck Expressway,T4,Short-Term,True,False,,0,43.0
11452,8/1/25,287.48,Van Wyck Expressway,T1,Business,False,False,,0,150.0
11453,8/1/25,287.49,Van Wyck Expressway,T4,Vacationer,False,False,,0,2341.0
11454,8/1/25,287.7,Van Wyck Expressway,T4,Short-Term,False,False,,0,117.0
11455,8/1/25,287.8,Van Wyck Expressway,T8,Vacationer,False,False,,0,1603.0
11456,8/1/25,288.0,Van Wyck Expressway,T8,Business,False,False,,0,194.0
11457,8/1/25,288.41,Van Wyck Expressway,T8,Vacationer,False,False,,0,4179.0
11458,8/1/25,288.45,Van Wyck Expressway,T5,Short-Term,False,False,,0,60.0
11459,8/1/25,288.69,Van Wyck Expressway,T8,Business,False,False,,0,286.0
11460,8/1/25,288.75,Van Wyck Expressway,T4,Short-Term,False,False,,0,82.0
11461,8/1/25,288.92,Van Wyck Expressway,T4,Business,False,False,,0,238.0
11462,8/1/25,289.02,Van Wyck Expressway,T8,Business,False,False,,0,251.0
11463,8/1/25,289.03,Van Wyck Expressway,T4,Business,False,False,,0,340.0
11464,8/1/25,289.58,Van Wyck Expressway,T5,Short-Term,False,False,,0,97.0
11465,8/1/25,289.81,Van Wyck Expressway,T8,Short-Term,False,False,,0,93.0
11466,8/1/25,289.87,Van Wyck Expressway,T8,Vacationer,False,False,,0,2949.0
11467,8/1/25,289.91,Van Wyck Expressway,T5,Business,False,False,,0,381.0
11468,8/1/25,290.07,Van Wyck Expressway,T8,Short-Term,False,False,,0,120.0
11469,8/1/25,290.29,Van Wyck Expressway,T1,Short-Term,False,False,,0,118.0
11470,8/1/25,290.45,Van Wyck Expressway,T5,Business,False,False,,0,356.0
11471,8/1/25,290.98,Van Wyck Expressway,T4,Short-Term,False,False,,0,87.0
11472,8/1/25,291.01,Van Wyck Expressway,T8,Short-Term,False,False,,0,48.0
11473,8/1/25,291.67,Van Wyck Expressway,T4,Business,False,False,,0,313.0
11474,8/1/25,291.76,Van Wyck Expressway,T8,Vacationer,False,False,,0,4023.0
11475,8/1/25,291.82,Van Wyck Expressway,T5,Vacationer,False,False,,0,4212.0
11476,8/1/25,291.97,Van Wyck Expressway,T8,Staff,False,False,,0,480.0
11477,8/1/25,292.1,Van Wyck Expressway,T1,Business,False,False,,0,435.0
11478,8/1/25,292.33,Van Wyck Expressway,T1,Business,False,False,,0,167.0
11479,8/1/25,292.54,Van Wyck Expressway,T8,Short-Term,False,False,,0,74.0
11480,8/1/25,292.73,Van Wyck Expressway,T5,Vacationer,False,False,,0,1682.0
11481,8/1/25,292.94,Van Wyck Expressway,T5,Business,False,False,,0,305.0
11482,8/1/25,293.16,Van Wyck Expressway,T4,Short-Term,False,False,,0,66.0
11483,8/1/25,293.4,Van Wyck Expressway,T5,Business,False,False,,0,351.0
11484,8/1/25,293.43,Van Wyck Expressway,T1,Short-Term,False,False,,0,107.0
11485,8/1/25,293.76,Van Wyck Expressway,T1,Business,True,False,,0,127.0
11486,8/1/25,293.98,Van Wyck Expressway,T5,Short-Term,False,False,,0,59.0
11487,8/1/25,294.07,Van Wyck Expressway,T5,Short-Term,False,False,,0,59.0
11488,8/1/25,294.17,Van Wyck Expressway,T5,Vacationer,False,False,,0,2463.0
11489,8/1/25,294.34,Van Wyck Expressway,T5,Short-Term,False,False,,0,39.0
11490,8/1/25,294.83,Van Wyck Expressway,T5,Business,False,False,,0,201.0
11491,8/1/25,294.84,Van Wyck Expressway,T5,Short-Term,False,False,,0,100.0
11492,8/1/25,294.87,Van Wyck Expressway,T5,Business,False,False,,0,420.0
11493,8/1/25,294.87,Van Wyck Expressway,T8,Business,False,False,,0,462.0
11494,8/1/25,294.95,Van Wyck Expressway,T4,Staff,False,False,,0,480.0
11495,8/1/25,295.14,Van Wyck Expressway,T4,Short-Term,False,False,,0,34.0
11496,8/1/25,295.18,Van Wyck Expressway,T4,Short-Term,False,False,,0,90.0
11497,8/1/25,295.29,Van Wyck Expressway,T1,Business,False,False,,0,249.0
11498,8/1/25,295.43,Van Wyck Expressway,T8,Short-Term,False,False,,0,31.0
11499,8/1/25,295.47,Van Wyck Expressway,T4,Vacationer,False,False,,0,1362.0
11500,8/1/25,295.53,Van Wyck Expressway,T5,Short-Term,False,False,,0,67.0
11501,8/1/25,295.68,Van Wyck Expressway,T5,Short-Term,False,False,,0,33.0
11502,8/1/25,296.13,Van Wyck Expressway,T4,Short-Term,True,False,,0,113.0
11503,8/1/25,296.33,Van Wyck Expressway,T1,Business,False,False,,0,253.0
11504,8/1/25,296.86,Van Wyck Expressway,T1,Business,False,False,,0,249.0
11505,8/1/25,296.88,Van Wyck Expressway,T4,Business,False,False,,0,336.0
11506,8/1/25,296.9,Van Wyck Expressway,T1,Business,True,False,,0,415.0
11507,8/1/25,297.35,Van Wyck Expressway,T5,Business,False,False,,0,239.0
11508,8/1/25,297.4,Van Wyck Expressway,T8,Short-Term,True,False,,0,32.0
11509,8/1/25,297.54,Van Wyck Expressway,T1,Short-Term,False,False,,0,32.0
11510,8/1/25,298.0,Van Wyck Expressway,T8,Business,False,False,,0,307.0
11511,8/1/25,298.06,Van Wyck Expressway,T8,Business,False,False,,0,297.0
11512,8/1/25,298.13,Van Wyck Expressway,T1,Business,False,False,,0,406.0
11513,8/1/25,298.39,Van Wyck Expressway,T4,Short-Term,False,False,,0,89.0
11514,8/1/25,298.5,Van Wyck Expressway,T4,Staff,False,False,,0,480.0
11515,8/1/25,298.58,Van Wyck Expressway,T8,Business,False,False,,0,331.0
11516,8/1/25,298.77,Van Wyck Expressway,T5,Short-Term,False,False,,0,51.0
11517,8/1/25,298.83,Van Wyck Expressway,T5,Vacationer,False,False,,0,1178.0
11518,8/1/25,298.97,Van Wyck Expressway,T1,Short-Term,False,False,,0,66.0
11519,8/1/25,299.07,Van Wyck Expressway,T1,Business,False,False,,0,206.0
11520,8/1/25,299.15,Van Wyck Expressway,T5,Business,False,False,,0,359.0
11521,8/1/25,299.18,Van Wyck Expressway,T4,Short-Term,False,False,,0,68.0
11522,8/1/25,299.25,Van Wyck Expressway,T4,Short-Term,False,False,,0,74.0
11523,8/1/25,299.33,Van Wyck Expressway,T5,Vacationer,False,False,,0,3017.0
11524,8/1/25,299.52,Van Wyck Expressway,T8,Business,False,False,,0,321.0
11525,8/1/25,299.61,Van Wyck Expressway,T4,Short-Term,False,False,,0,52.0
11526,8/1/25,299.82,Van Wyck Expressway,T4,Short-Term,False,False,,0,112.0
11527,8/1/25,299.87,Van Wyck Expressway,T4,Staff,False,False,,0,480.0
11528,8/1/25,299.97,Van Wyck Expressway,T1,Vacationer,False,False,,0,2316.0
11529,8/1/25,300.08,Van Wyck Expressway,T4,Business,False,False,,0,477.0
11530,8/1/25,300.2,Van Wyck Expressway,T8,Short-Term,False,False,,0,78.0
11531,8/1/25,300.33,Van Wyck Expressway,T1,Short-Term,False,False,,0,120.0
11532,8/1/25,300.47,Van Wyck Expressway,T4,Vacationer,False,False,,0,2504.0
11533,8/1/25,300.6,Van Wyck Expressway,T4,Short-Term,False,False,,0,111.0
11534,8/1/25,301.56,Van Wyck Expressway,T1,Business,False,False,,0,337.0
11535,8/1/25,301.67,Van Wyck Expressway,T4,Business,False,False,,0,324.0
11536,8/1/25,302.06,Van Wyck Expressway,T4,Short-Term,True,False,,0,38.0
11537,8/1/25,302.51,Van Wyck Expressway,T8,Business,False,False,,0,441.0
11538,8/1/25,302.6,Van Wyck Expressway,T5,Business,True,False,,0,334.0
11539,8/1/25,302.82,Van Wyck Expressway,T4,Short-Term,False,False,,0,34.0
11540,8/1/25,302.94,Van Wyck Expressway,T8,Short-Term,False,False,,0,92.0
11541,8/1/25,302.97,Van Wyck Expressway,T8,Business,False,False,,0,120.0
11542,8/1/25,303.19,Van Wyck Expressway,T8,Business,False,False,,0,479.0
11543,8/1/25,303.63,Van Wyck Expressway,T5,Short-Term,False,False,,0,65.0
11544,8/1/25,303.65,Van Wyck Expressway,T4,Business,False,False,,0,385.0
11545,8/1/25,303.65,Van Wyck Expressway,T8,Short-Term,False,False,,0,54.0
11546,8/1/25,303.95,Van Wyck Expressway,T4,Business,False,False,,0,158.0
11547,8/1/25,304.64,Van Wyck Expressway,T8,Short-Term,False,False,,0,114.0
11548,8/1/25,304.96,Van Wyck Expressway,T5,Vacationer,False,False,,0,1361.0
11549,8/1/25,305.01,Van Wyck Expressway,T1,Staff,False,False,,0,480.0
11550,8/1/25,305.25,Van Wyck Expressway,T5,Business,False,False,,0,427.0
11551,8/1/25,305.26,Van Wyck Expressway,T5,Short-Term,False,False,,0,39.0
11552,8/1/25,305.53,Van Wyck Expressway,T5,Staff,False,False,,0,480.0
11553,8/1/25,305.62,Van Wyck Expressway,T5,Short-Term,False,False,,0,35.0
11554,8/1/25,305.92,Van Wyck Expressway,T4,Business,False,False,,0,225.0
11555,8/1/25,306.27,Van Wyck Expressway,T4,Staff,False,False,,0,480.0
11556,8/1/25,306.34,Van Wyck Expressway,T4,Short-Term,False,False,,0,35.0
11557,8/1/25,306.54,Van Wyck Expressway,T8,Business,False,False,,0,145.0
11558,8/1/25,306.75,Van Wyck Expressway,T4,Business,False,False,,0,336.0
11559,8/1/25,306.75,Van Wyck Expressway,T4,Business,False,False,,0,279.0
11560,8/1/25,307.1,Van Wyck Expressway,T1,Short-Term,False,False,,0,68.0
11561,8/1/25,307.11,Van Wyck Expressway,T5,Short-Term,False,False,,0,114.0
11562,8/1/25,307.19,Van Wyck Expressway,T5,Vacationer,False,False,,0,1457.0
11563,8/1/25,307.34,Van Wyck Expressway,T8,Business,False,False,,0,194.0
11564,8/1/25,307.35,Van Wyck Expressway,T5,Short-Term,False,False,,0,51.0
11565,8/1/25,307.4,Van Wyck Expressway,T1,Vacationer,False,False,,0,1672.0
11566,8/1/25,307.42,Van Wyck Expressway,T8,Short-Term,True,False,,0,114.0
11567,8/1/25,307.56,Van Wyck Expressway,T4,Short-Term,False,False,,0,55.0
11568,8/1/25,307.87,Van Wyck Expressway,T5,Staff,False,False,,0,480.0
11569,8/1/25,308.3,Van Wyck Expressway,T4,Vacationer,False,False,,0,1766.0
11570,8/1/25,308.87,Van Wyck Expressway,T1,Vacationer,False,False,,0,2052.0
11571,8/1/25,309.14,Van Wyck Expressway,T8,Short-Term,False,False,,0,33.0
11572,8/1/25,309.19,Van Wyck Expressway,T8,Business,False,False,,0,411.0
11573,8/1/25,309.2,Van Wyck Expressway,T1,Vacationer,False,False,,0,2991.0
11574,8/1/25,309.38,Van Wyck Expressway,T1,Short-Term,False,False,,0,64.0
11575,8/1/25,309.69,Van Wyck Expressway,T8,Staff,False,False,,0,480.0
11576,8/1/25,309.8,Van Wyck Expressway,T4,Staff,False,False,,0,480.0
11577,8/1/25,309.81,Van Wyck Expressway,T5,Vacationer,False,False,,0,2791.0
11578,8/1/25,309.98,Van Wyck Expressway,T5,Vacationer,False,False,,0,1545.0
11579,8/1/25,310.17,Van Wyck Expressway,T1,Short-Term,False,False,,0,110.0
11580,8/1/25,310.42,Van Wyck Expressway,T8,Short-Term,False,False,,0,67.0
11581,8/1/25,310.77,Van Wyck Expressway,T1,Short-Term,False,False,,0,106.0
11582,8/1/25,310.8,Van Wyck Expressway,T8,Staff,False,False,,0,480.0
11583,8/1/25,310.8,Van Wyck Expressway,T5,Short-Term,False,False,,0,39.0
11584,8/1/25,310.93,Van Wyck Expressway,T5,Staff,False,False,,0,480.0
11585,8/1/25,311.05,Van Wyck Expressway,T1,Short-Term,False,False,,0,62.0
11586,8/1/25,311.1,Van Wyck Expressway,T5,Short-Term,False,False,,0,72.0
11587,8/1/25,311.26,Van Wyck Expressway,T8,Short-Term,False,False,,0,80.0
11588,8/1/25,311.32,Van Wyck Expressway,T1,Short-Term,False,False,,0,98.0
11589,8/1/25,311.35,Van Wyck Expressway,T8,Short-Term,False,False,,0,91.0
11590,8/1/25,311.47,Van Wyck Expressway,T5,Vacationer,False,False,,0,1407.0
11591,8/1/25,311.64,Van Wyck Expressway,T8,Vacationer,False,False,,0,2642.0
11592,8/1/25,311.7,Van Wyck Expressway,T4,Short-Term,False,False,,0,111.0
11593,8/1/25,311.73,Van Wyck Expressway,T8,Business,False,False,,0,149.0
11594,8/1/25,311.83,Van Wyck Expressway,T4,Vacationer,False,False,,0,2732.0
11595,8/1/25,312.08,Van Wyck Expressway,T5,Staff,False,False,,0,480.0
11596,8/1/25,312.47,Van Wyck Expressway,T4,Business,False,False,,0,387.0
11597,8/1/25,313.04,Van Wyck Expressway,T4,Business,False,False,,0,322.0
11598,8/1/25,313.05,Van Wyck Expressway,T5,Staff,False,False,,0,480.0
11599,8/1/25,313.58,Van Wyck Expressway,T4,Vacationer,False,False,,0,2258.0
11600,8/1/25,314.3,Van Wyck Expressway,T5,Business,False,False,,0,473.0
11601,8/1/25,315.02,Van Wyck Expressway,T8,Vacationer,True,False,,0,3712.0
11602,8/1/25,315.45,Van Wyck Expressway,T1,Short-Term,False,False,,0,49.0
11603,8/1/25,315.58,Van Wyck Expressway,T5,Business,True,False,,0,464.0
11604,8/1/25,315.81,Van Wyck Expressway,T4,Short-Term,False,False,,0,48.0
11605,8/1/25,315.99,Van Wyck Expressway,T8,Business,False,False,,0,250.0
11606,8/1/25,316.11,Van Wyck Expressway,T4,Vacationer,False,False,,0,1724.0
11607,8/1/25,316.37,Van Wyck Expressway,T1,Short-Term,False,False,,0,38.0
11608,8/1/25,316.6,Van Wyck Expressway,T5,Business,False,False,,0,211.0
11609,8/1/25,316.66,Van Wyck Expressway,T5,Business,False,False,,0,395.0
11610,8/1/25,316.87,Van Wyck Expressway,T8,Business,False,False,,0,260.0
11611,8/1/25,316.9,Van Wyck Expressway,T5,Short-Term,False,False,,0,101.0
11612,8/1/25,317.27,Van Wyck Expressway,T4,Short-Term,False,False,,0,105.0
11613,8/1/25,317.43,Van Wyck Expressway,T1,Vacationer,False,False,,0,780.0
11614,8/1/25,318.03,Van Wyck Expressway,T1,Short-Term,False,False,,0,54.0
11615,8/1/25,318.38,Van Wyck Expressway,T8,Staff,False,False,,0,480.0
11616,8/1/25,318.57,Van Wyck Expressway,T1,Short-Term,False,False,,0,68.0
11617,8/1/25,318.58,Van Wyck Expressway,T1,Staff,False,False,,0,480.0
11618,8/1/25,318.7,Van Wyck Expressway,T5,Short-Term,False,False,,0,32.0
11619,8/1/25,318.93,Van Wyck Expressway,T1,Vacationer,False,False,,0,1974.0
11620,8/1/25,319.03,Van Wyck Expressway,T8,Business,False,False,,0,305.0
11621,8/1/25,319.25,Van Wyck Expressway,T8,Vacationer,False,False,,0,3451.0
11622,8/1/25,319.35,Van Wyck Expressway,T4,Short-Term,False,False,,0,66.0
11623,8/1/25,319.78,Van Wyck Expressway,T4,Short-Term,False,False,,0,34.0
11624,8/1/25,319.85,Van Wyck Expressway,T4,Short-Term,False,False,,0,41.0
11625,8/1/25,320.53,Van Wyck Expressway,T5,Short-Term,False,False,,0,53.0
11626,8/1/25,320.57,Van Wyck Expressway,T8,Short-Term,False,False,,0,93.0
11627,8/1/25,320.57,Van Wyck Expressway,T5,Business,False,False,,0,244.0
11628,8/1/25,320.96,Van Wyck Expressway,T4,Short-Term,False,False,,0,112.0
11629,8/1/25,321.32,Van Wyck Expressway,T1,Business,False,False,,0,447.0
11630,8/1/25,321.57,Van Wyck Expressway,T1,Vacationer,False,False,,0,364.0
11631,8/1/25,321.98,Van Wyck Expressway,T4,Business,False,False,,0,249.0
11632,8/1/25,322.17,Van Wyck Expressway,T8,Business,False,False,,0,218.0
11633,8/1/25,322.62,Van Wyck Expressway,T8,Business,False,False,,0,307.0
11634,8/1/25,322.79,Van Wyck Expressway,T4,Staff,False,False,,0,480.0
11635,8/1/25,323.55,Van Wyck Expressway,T5,Short-Term,False,False,,0,70.0
11636,8/1/25,323.65,Van Wyck Expressway,T5,Vacationer,False,False,,0,2091.0
11637,8/1/25,323.77,Van Wyck Expressway,T4,Business,False,False,,0,220.0
11638,8/1/25,323.84,Van Wyck Expressway,T4,Business,False,False,,0,380.0
11639,8/1/25,324.3,Van Wyck Expressway,T1,Short-Term,False,False,,0,99.0
11640,8/1/25,324.38,Van Wyck Expressway,T1,Business,True,False,,0,385.0
11641,8/1/25,324.43,Van Wyck Expressway,T1,Short-Term,False,False,,0,117.0
11642,8/1/25,324.47,Van Wyck Expressway,T4,Short-Term,False,False,,0,44.0
11643,8/1/25,324.59,Van Wyck Expressway,T5,Short-Term,False,False,,0,104.0
11644,8/1/25,324.68,Van Wyck Expressway,T1,Short-Term,False,False,,0,62.0
11645,8/1/25,324.77,Van Wyck Expressway,T4,Short-Term,False,False,,0,85.0
11646,8/1/25,324.82,Van Wyck Expressway,T1,Vacationer,False,False,,0,510.0
11647,8/1/25,325.09,Van Wyck Expressway,T8,Staff,False,False,,0,480.0
11648,8/1/25,325.23,Van Wyck Expressway,T8,Short-Term,False,False,,0,48.0
11649,8/1/25,325.29,Van Wyck Expressway,T4,Short-Term,False,False,,0,80.0
11650,8/1/25,325.94,Van Wyck Expressway,T1,Business,False,False,,0,127.0
11651,8/1/25,325.98,Van Wyck Expressway,T5,Vacationer,True,False,,0,2123.0
11652,8/1/25,326.08,Van Wyck Expressway,T1,Short-Term,False,False,,0,114.0
11653,8/1/25,326.3,Van Wyck Expressway,T4,Business,False,False,,0,253.0
11654,8/1/25,326.43,Van Wyck Expressway,T4,Vacationer,False,False,,0,1193.0
11655,8/1/25,326.45,Van Wyck Expressway,T4,Business,False,False,,0,215.0
11656,8/1/25,326.46,Van Wyck Expressway,T8,Business,False,False,,0,242.0
11657,8/1/25,326.58,Van Wyck Expressway,T8,Vacationer,False,False,,0,931.0
11658,8/1/25,326.63,Van Wyck Expressway,T1,Short-Term,False,False,,0,83.0
11659,8/1/25,327.02,Van Wyck Expressway,T1,Vacationer,False,False,,0,1644.0
11660,8/1/25,327.1,Van Wyck Expressway,T1,Short-Term,False,False,,0,77.0
11661,8/1/25,327.14,Van Wyck Expressway,T8,Business,False,False,,0,425.0
11662,8/1/25,327.74,Van Wyck Expressway,T5,Short-Term,True,False,,0,99.0
11663,8/1/25,328.1,Van Wyck Expressway,T8,Business,False,False,,0,331.0
11664,8/1/25,328.26,Van Wyck Expressway,T4,Business,False,False,,0,357.0
11665,8/1/25,328.57,Van Wyck Expressway,T4,Business,False,False,,0,462.0
11666,8/1/25,328.87,Van Wyck Expressway,T8,Short-Term,False,False,,0,106.0
11667,8/1/25,328.98,Van Wyck Expressway,T8,Business,False,False,,0,282.0
11668,8/1/25,329.13,Van Wyck Expressway,T4,Short-Term,False,False,,0,57.0
11669,8/1/25,329.26,Van Wyck Expressway,T5,Short-Term,False,False,,0,115.0
11670,8/1/25,329.72,Van Wyck Expressway,T1,Short-Term,False,False,,0,39.0
11671,8/1/25,329.87,Van Wyck Expressway,T4,Short-Term,True,False,,0,87.0
11672,8/1/25,330.11,Van Wyck Expressway,T1,Short-Term,False,False,,0,36.0
11673,8/1/25,330.26,Van Wyck Expressway,T5,Business,False,False,,0,458.0
11674,8/1/25,330.38,Van Wyck Expressway,T5,Staff,False,False,,0,480.0
11675,8/1/25,330.39,Van Wyck Expressway,T5,Business,False,False,,0,263.0
11676,8/1/25,330.71,Van Wyck Expressway,T5,Vacationer,False,False,,0,2674.0
11677,8/1/25,331.04,Van Wyck Expressway,T8,Short-Term,False,False,,0,118.0
11678,8/1/25,331.06,Van Wyck Expressway,T1,Short-Term,False,False,,0,54.0
11679,8/1/25,331.23,Van Wyck Expressway,T1,Business,False,False,,0,342.0
11680,8/1/25,331.55,Van Wyck Expressway,T5,Short-Term,False,False,,0,36.0
11681,8/1/25,331.72,Van Wyck Expressway,T4,Short-Term,False,False,,0,102.0
11682,8/1/25,331.77,Van Wyck Expressway,T4,Vacationer,False,False,,0,3056.0
11683,8/1/25,332.38,Van Wyck Expressway,T1,Business,True,False,,0,167.0
11684,8/1/25,332.52,Van Wyck Expressway,T5,Business,False,False,,0,419.0
11685,8/1/25,332.69,Van Wyck Expressway,T8,Short-Term,False,False,,0,95.0
11686,8/1/25,332.81,Van Wyck Expressway,T5,Staff,False,False,,0,480.0
11687,8/1/25,332.91,Van Wyck Expressway,T4,Short-Term,False,False,,0,104.0
11688,8/1/25,332.91,Van Wyck Expressway,T4,Vacationer,False,False,,0,3549.0
11689,8/1/25,333.08,Van Wyck Expressway,T1,Vacationer,False,False,,0,4218.0
11690,8/1/25,333.27,Van Wyck Expressway,T8,Business,False,False,,0,123.0
11691,8/1/25,333.31,Van Wyck Expressway,T5,Staff,False,False,,0,480.0
11692,8/1/25,333.51,Van Wyck Expressway,T5,Short-Term,True,False,,0,111.0
11693,8/1/25,333.68,Van Wyck Expressway,T1,Short-Term,False,False,,0,64.0
11694,8/1/25,334.02,Van Wyck Expressway,T4,Vacationer,False,False,,0,4262.0
11695,8/1/25,334.62,Van Wyck Expressway,T1,Business,False,False,,0,465.0
11696,8/1/25,334.68,Van Wyck Expressway,T4,Business,False,False,,0,155.0
11697,8/1/25,334.82,Van Wyck Expressway,T5,Short-Term,False,False,,0,94.0
11698,8/1/25,335.04,Van Wyck Expressway,T5,Business,False,False,,0,161.0
11699,8/1/25,335.15,Van Wyck Expressway,T5,Staff,False,False,,0,480.0
11700,8/1/25,335.22,Van Wyck Expressway,T4,Business,False,False,,0,348.0
11701,8/1/25,335.42,Van Wyck Expressway,T8,Vacationer,False,False,,0,2906.0
11702,8/1/25,335.57,Van Wyck Expressway,T5,Short-Term,False,False,,0,68.0
11703,8/1/25,335.63,Van Wyck Expressway,T4,Business,False,False,,0,121.0
11704,8/1/25,335.82,Van Wyck Expressway,T5,Short-Term,False,False,,0,109.0
11705,8/1/25,336.03,Van Wyck Expressway,T1,Vacationer,False,False,,0,3951.0
11706,8/1/25,336.26,Van Wyck Expressway,T4,Business,False,False,,0,468.0
11707,8/1/25,336.26,Van Wyck Expressway,T1,Business,False,False,,0,231.0
11708,8/1/25,336.8,Van Wyck Expressway,T1,Staff,False,False,,0,480.0
11709,8/1/25,336.92,Van Wyck Expressway,T4,Vacationer,False,False,,0,1672.0
11710,8/1/25,337.11,Van Wyck Expressway,T1,Business,False,False,,0,365.0
11711,8/1/25,337.65,Van Wyck Expressway,T5,Short-Term,False,False,,0,46.0
11712,8/1/25,337.67,Van Wyck Expressway,T1,Vacationer,False,False,,0,1110.0
11713,8/1/25,337.78,Van Wyck Expressway,T1,Staff,False,False,,0,480.0
11714,8/1/25,337.81,Van Wyck Expressway,T1,Business,False,False,,0,294.0
11715,8/1/25,337.9,Van Wyck Expressway,T1,Staff,False,False,,0,480.0
11716,8/1/25,338.04,Van Wyck Expressway,T5,Business,False,False,,0,249.0
11717,8/1/25,338.07,Van Wyck Expressway,T4,Business,False,False,,0,407.0
11718,8/1/25,338.17,Van Wyck Expressway,T1,Staff,False,False,,0,480.0
11719,8/1/25,338.19,Van Wyck Expressway,T4,Short-Term,False,False,,0,106.0
11720,8/1/25,338.3,Van Wyck Expressway,T8,Staff,False,False,,0,480.0
11721,8/1/25,338.56,Van Wyck Expressway,T1,Short-Term,False,False,,0,47.0
11722,8/1/25,338.62,Van Wyck Expressway,T8,Short-Term,False,False,,0,59.0
11723,8/1/25,338.78,Van Wyck Expressway,T4,Short-Term,False,False,,0,67.0
11724,8/1/25,339.16,Van Wyck Expressway,T5,Short-Term,False,False,,0,43.0
11725,8/1/25,339.21,Van Wyck Expressway,T4,Business,False,False,,0,194.0
11726,8/1/25,339.36,Van Wyck Expressway,T1,Short-Term,False,False,,0,48.0
11727,8/1/25,339.43,Van Wyck Expressway,T8,Short-Term,False,False,,0,53.0
11728,8/1/25,339.62,Van Wyck Expressway,T4,Vacationer,True,False,,0,2032.0
11729,8/1/25,339.66,Van Wyck Expressway,T1,Business,False,False,,0,316.0
11730,8/1/25,339.82,Van Wyck Expressway,T4,Business,False,False,,0,465.0
11731,8/1/25,340.17,Van Wyck Expressway,T1,Business,False,False,,0,365.0
11732,8/1/25,340.35,Van Wyck Expressway,T1,Business,False,False,,0,279.0
11733,8/1/25,340.38,Van Wyck Expressway,T4,Short-Term,False,False,,0,36.0
11734,8/1/25,340.65,Van Wyck Expressway,T4,Vacationer,False,False,,0,1501.0
11735,8/1/25,341.25,Van Wyck Expressway,T1,Business,False,False,,0,122.0
11736,8/1/25,341.28,Van Wyck Expressway,T8,Business,False,False,,0,201.0
11737,8/1/25,341.36,Van Wyck Expressway,T5,Vacationer,False,False,,0,1385.0
11738,8/1/25,341.65,Van Wyck Expressway,T1,Business,False,False,,0,244.0
11739,8/1/25,341.66,Van Wyck Expressway,T8,Short-Term,False,False,,0,43.0
11740,8/1/25,341.75,Van Wyck Expressway,T4,Short-Term,True,False,,0,111.0
11741,8/1/25,341.78,Van Wyck Expressway,T1,Short-Term,True,False,,0,31.0
11742,8/1/25,341.93,Van Wyck Expressway,T5,Business,True,False,,0,265.0
11743,8/1/25,342.16,Van Wyck Expressway,T1,Short-Term,False,False,,0,77.0
11744,8/1/25,342.53,Van Wyck Expressway,T4,Business,False,False,,0,476.0
11745,8/1/25,342.96,Van Wyck Expressway,T4,Vacationer,False,False,,0,1549.0
11746,8/1/25,343.0,Van Wyck Expressway,T4,Short-Term,False,False,,0,48.0
11747,8/1/25,343.17,Van Wyck Expressway,T4,Business,False,False,,0,353.0
11748,8/1/25,343.94,Van Wyck Expressway,T1,Business,False,False,,0,391.0
11749,8/1/25,343.96,Van Wyck Expressway,T1,Business,False,False,,0,155.0
11750,8/1/25,344.13,Van Wyck Expressway,T4,Business,False,False,,0,463.0
11751,8/1/25,344.22,Van Wyck Expressway,T1,Short-Term,False,False,,0,41.0
11752,8/1/25,344.29,Van Wyck Expressway,T1,Business,False,False,,0,272.0
11753,8/1/25,344.66,Van Wyck Expressway,T4,Vacationer,False,False,,0,1420.0
11754,8/1/25,344.68,Van Wyck Expressway,T4,Short-Term,False,False,,0,95.0
11755,8/1/25,344.88,Van Wyck Expressway,T5,Business,False,False,,0,324.0
11756,8/1/25,345.51,Van Wyck Expressway,T5,Short-Term,True,False,,0,84.0
11757,8/1/25,345.71,Van Wyck Expressway,T8,Business,False,False,,0,399.0
11758,8/1/25,345.76,Van Wyck Expressway,T1,Business,False,False,,0,344.0
11759,8/1/25,345.98,Van Wyck Expressway,T5,Business,False,False,,0,212.0
11760,8/1/25,346.03,Van Wyck Expressway,T5,Staff,False,False,,0,480.0
11761,8/1/25,346.47,Van Wyck Expressway,T5,Vacationer,False,False,,0,3569.0
11762,8/1/25,346.53,Van Wyck Expressway,T5,Short-Term,False,False,,0,83.0
11763,8/1/25,347.19,Van Wyck Expressway,T4,Vacationer,False,False,,0,2511.0
11764,8/1/25,347.34,Van Wyck Expressway,T1,Short-Term,False,False,,0,49.0
11765,8/1/25,347.6,Van Wyck Expressway,T5,Business,True,False,,0,277.0
11766,8/1/25,347.86,Van Wyck Expressway,T4,Short-Term,True,False,,0,103.0
11767,8/1/25,347.95,Van Wyck Expressway,T8,Vacationer,False,False,,0,3951.0
11768,8/1/25,348.02,Van Wyck Expressway,T4,Vacationer,False,False,,0,4273.0
11769,8/1/25,348.06,Van Wyck Expressway,T8,Business,False,False,,0,468.0
11770,8/1/25,348.22,Van Wyck Expressway,T8,Staff,False,False,,0,480.0
11771,8/1/25,348.75,Van Wyck Expressway,T8,Vacationer,False,False,,0,1513.0
11772,8/1/25,348.81,Van Wyck Expressway,T4,Short-Term,False,False,,0,67.0
11773,8/1/25,349.02,Van Wyck Expressway,T1,Business,False,False,,0,300.0
11774,8/1/25,349.05,Van Wyck Expressway,T5,Short-Term,False,False,,0,116.0
11775,8/1/25,349.15,Van Wyck Expressway,T4,Business,False,False,,0,334.0
11776,8/1/25,349.28,Van Wyck Expressway,T8,Vacationer,False,False,,0,3947.0
11777,8/1/25,349.38,Van Wyck Expressway,T5,Staff,False,False,,0,480.0
11778,8/1/25,349.75,Van Wyck Expressway,T8,Vacationer,False,False,,0,1172.0
11779,8/1/25,350.03,Van Wyck Expressway,T8,Short-Term,False,False,,0,60.0
11780,8/1/25,350.13,Van Wyck Expressway,T4,Business,True,False,,0,338.0
11781,8/1/25,350.31,Van Wyck Expressway,T1,Short-Term,False,False,,0,54.0
11782,8/1/25,350.42,Van Wyck Expressway,T1,Vacationer,False,False,,0,4274.0
11783,8/1/25,350.51,Van Wyck Expressway,T5,Vacationer,False,False,,0,1166.0
11784,8/1/25,350.55,Van Wyck Expressway,T5,Business,False,False,,0,223.0
11785,8/1/25,350.79,Van Wyck Expressway,T8,Vacationer,False,False,,0,3509.0
11786,8/1/25,350.83,Van Wyck Expressway,T1,Short-Term,False,False,,0,58.0
11787,8/1/25,350.94,Van Wyck Expressway,T8,Business,True,False,,0,395.0
11788,8/1/25,351.15,Van Wyck Expressway,T8,Vacationer,False,False,,0,1037.0
11789,8/1/25,351.19,Van Wyck Expressway,T1,Short-Term,False,False,,0,58.0
11790,8/1/25,351.5,Van Wyck Expressway,T1,Short-Term,False,False,,0,104.0
11791,8/1/25,351.53,Van Wyck Expressway,T5,Short-Term,False,False,,0,96.0
11792,8/1/25,351.72,Van Wyck Expressway,T1,Short-Term,True,False,,0,33.0
11793,8/1/25,351.88,Van Wyck Expressway,T1,Vacationer,False,False,,0,3544.0
11794,8/1/25,352.06,Van Wyck Expressway,T8,Business,False,False,,0,326.0
11795,8/1/25,352.23,Van Wyck Expressway,T8,Vacationer,False,False,,0,2604.0
11796,8/1/25,352.92,Van Wyck Expressway,T5,Short-Term,False,False,,0,116.0
11797,8/1/25,353.21,Van Wyck Expressway,T1,Short-Term,False,False,,0,119.0
11798,8/1/25,353.21,Van Wyck Expressway,T4,Business,False,False,,0,288.0
11799,8/1/25,353.54,Van Wyck Expressway,T8,Vacationer,True,False,,0,4129.0
11800,8/1/25,353.61,Van Wyck Expressway,T8,Vacationer,False,False,,0,2211.0
11801,8/1/25,353.94,Van Wyck Expressway,T5,Staff,False,False,,0,480.0
11802,8/1/25,353.95,Van Wyck Expressway,T4,Business,False,False,,0,221.0
11803,8/1/25,353.95,Van Wyck Expressway,T4,Short-Term,False,False,,0,103.0
11804,8/1/25,354.44,Van Wyck Expressway,T5,Business,False,False,,0,250.0
11805,8/1/25,354.61,Van Wyck Expressway,T4,Vacationer,False,False,,0,1857.0
11806,8/1/25,354.66,Van Wyck Expressway,T8,Business,False,False,,0,165.0
11807,8/1/25,354.77,Van Wyck Expressway,T4,Staff,False,False,,0,480.0
11808,8/1/25,355.24,Van Wyck Expressway,T4,Short-Term,False,False,,0,79.0
11809,8/1/25,355.44,Van Wyck Expressway,T8,Business,True,False,,0,322.0
11810,8/1/25,356.37,Van Wyck Expressway,T8,Business,False,False,,0,384.0
11811,8/1/25,356.42,Van Wyck Expressway,T4,Business,False,False,,0,366.0
11812,8/1/25,356.62,Van Wyck Expressway,T4,Business,False,False,,0,139.0
11813,8/1/25,356.83,Van Wyck Expressway,T8,Vacationer,False,False,,0,1548.0
11814,8/1/25,356.85,Van Wyck Expressway,T8,Business,False,False,,0,279.0
11815,8/1/25,356.91,Van Wyck Expressway,T4,Staff,False,False,,0,480.0
11816,8/1/25,357.07,Van Wyck Expressway,T1,Vacationer,False,False,,0,3431.0
11817,8/1/25,357.21,Van Wyck Expressway,T8,Short-Term,True,False,,0,65.0
11818,8/1/25,357.31,Van Wyck Expressway,T1,Business,False,False,,0,465.0
11819,8/1/25,357.4,Van Wyck Expressway,T5,Short-Term,False,False,,0,102.0
11820,8/1/25,357.55,Van Wyck Expressway,T1,Short-Term,False,False,,0,91.0
11821,8/1/25,358.01,Van Wyck Expressway,T5,Short-Term,False,False,,0,61.0
11822,8/1/25,358.06,Van Wyck Expressway,T5,Business,False,False,,0,192.0
11823,8/1/25,358.08,Van Wyck Expressway,T5,Business,False,False,,0,236.0
11824,8/1/25,358.09,Van Wyck Expressway,T1,Short-Term,False,False,,0,60.0
11825,8/1/25,358.29,Van Wyck Expressway,T1,Vacationer,False,False,,0,2011.0
11826,8/1/25,358.75,Van Wyck Expressway,T1,Short-Term,False,False,,0,32.0
11827,8/1/25,358.91,Van Wyck Expressway,T5,Business,False,False,,0,310.0
11828,8/1/25,358.95,Van Wyck Expressway,T1,Vacationer,False,False,,0,2622.0
11829,8/1/25,358.97,Van Wyck Expressway,T4,Short-Term,False,False,,0,30.0
11830,8/1/25,359.49,Van Wyck Expressway,T1,Staff,False,False,,0,480.0
11831,8/1/25,359.72,Van Wyck Expressway,T4,Business,False,False,,0,425.0
11832,8/1/25,360.11,Van Wyck Expressway,T4,Business,False,False,,0,133.0
11833,8/1/25,360.38,Van Wyck Expressway,T1,Business,False,False,,0,358.0
11834,8/1/25,360.7,Van Wyck Expressway,T5,Vacationer,False,False,,0,2687.0
11835,8/1/25,360.88,Van Wyck Expressway,T8,Short-Term,False,False,,0,69.0
11836,8/1/25,361.19,Van Wyck Expressway,T5,Short-Term,False,False,,0,85.0
11837,8/1/25,361.22,Van Wyck Expressway,T8,Vacationer,False,False,,0,2613.0
11838,8/1/25,361.71,Van Wyck Expressway,T1,Short-Term,False,False,,0,84.0
11839,8/1/25,361.83,Van Wyck Expressway,T5,Short-Term,False,False,,0,33.0
11840,8/1/25,361.99,Van Wyck Expressway,T4,Short-Term,False,False,,0,119.0
11841,8/1/25,362.24,Van Wyck Expressway,T5,Staff,False,False,,0,480.0
11842,8/1/25,362.73,Van Wyck Expressway,T8,Vacationer,False,False,,0,2105.0
11843,8/1/25,362.82,Van Wyck Expressway,T8,Business,False,False,,0,392.0
11844,8/1/25,362.86,Van Wyck Expressway,T5,Vacationer,False,False,,0,4263.0
11845,8/1/25,362.92,Van Wyck Expressway,T4,Short-Term,False,False,,0,89.0
11846,8/1/25,363.12,Van Wyck Expressway,T8,Short-Term,False,False,,0,117.0
11847,8/1/25,363.14,Van Wyck Expressway,T1,Vacationer,False,False,,0,1200.0
11848,8/1/25,363.39,Van Wyck Expressway,T1,Vacationer,False,False,,0,3357.0
11849,8/1/25,363.77,Van Wyck Expressway,T4,Vacationer,True,False,,0,557.0
11850,8/1/25,363.88,Van Wyck Expressway,T4,Short-Term,False,False,,0,74.0
11851,8/1/25,363.9,Van Wyck Expressway,T8,Vacationer,False,False,,0,2882.0
11852,8/1/25,364.14,Van Wyck Expressway,T4,Business,False,False,,0,201.0
11853,8/1/25,364.3,Van Wyck Expressway,T5,Business,False,False,,0,327.0
11854,8/1/25,364.81,Van Wyck Expressway,T4,Business,False,False,,0,333.0
11855,8/1/25,364.89,Van Wyck Expressway,T8,Business,False,False,,0,193.0
11856,8/1/25,365.15,Van Wyck Expressway,T4,Short-Term,False,False,,0,73.0
11857,8/1/25,365.34,Van Wyck Expressway,T8,Business,False,False,,0,230.0
11858,8/1/25,365.38,Van Wyck Expressway,T1,Vacationer,False,False,,0,2646.0
11859,8/1/25,365.83,Van Wyck Expressway,T4,Short-Term,False,False,,0,113.0
11860,8/1/25,365.96,Van Wyck Expressway,T1,Short-Term,False,False,,0,115.0
11861,8/1/25,365.99,Van Wyck Expressway,T4,Vacationer,False,False,,0,1528.0
11862,8/1/25,366.72,Van Wyck Expressway,T4,Short-Term,False,False,,0,112.0
11863,8/1/25,366.85,Van Wyck Expressway,T5,Business,False,False,,0,440.0
11864,8/1/25,366.92,Van Wyck Expressway,T1,Short-Term,False,False,,0,37.0
11865,8/1/25,367.0,Van Wyck Expressway,T1,Short-Term,False,False,,0,120.0
11866,8/1/25,367.03,Van Wyck Expressway,T8,Short-Term,False,False,,0,44.0
11867,8/1/25,367.03,Van Wyck Expressway,T5,Short-Term,False,False,,0,116.0
11868,8/1/25,367.08,Van Wyck Expressway,T5,Short-Term,False,False,,0,66.0
11869,8/1/25,367.45,Van Wyck Expressway,T5,Business,False,False,,0,457.0
11870,8/1/25,367.48,Van Wyck Expressway,T8,Short-Term,False,False,,0,35.0
11871,8/1/25,367.53,Van Wyck Expressway,T1,Business,False,False,,0,228.0
11872,8/1/25,367.6,Van Wyck Expressway,T5,Business,False,False,,0,354.0
11873,8/1/25,367.99,Van Wyck Expressway,T1,Short-Term,False,False,,0,91.0
11874,8/1/25,368.24,Van Wyck Expressway,T1,Staff,False,False,,0,480.0
11875,8/1/25,368.32,Van Wyck Expressway,T4,Business,True,False,,0,334.0
11876,8/1/25,368.61,Van Wyck Expressway,T5,Vacationer,False,False,,0,909.0
11877,8/1/25,369.21,Van Wyck Expressway,T1,Short-Term,False,False,,0,53.0
11878,8/1/25,369.31,Van Wyck Expressway,T8,Vacationer,False,False,,0,4288.0
11879,8/1/25,369.74,Van Wyck Expressway,T8,Business,False,False,,0,312.0
11880,8/1/25,369.77,Van Wyck Expressway,T8,Staff,True,False,,0,480.0
11881,8/1/25,369.79,Van Wyck Expressway,T5,Short-Term,False,False,,0,113.0
11882,8/1/25,369.96,Van Wyck Expressway,T1,Business,False,False,,0,258.0
11883,8/1/25,370.02,Van Wyck Expressway,T1,Vacationer,True,False,,0,932.0
11884,8/1/25,370.43,Van Wyck Expressway,T4,Vacationer,False,False,,0,2631.0
11885,8/1/25,370.55,Van Wyck Expressway,T5,Business,False,False,,0,185.0
11886,8/1/25,370.56,Van Wyck Expressway,T5,Staff,False,False,,0,480.0
11887,8/1/25,370.71,Van Wyck Expressway,T4,Business,False,False,,0,321.0
11888,8/1/25,370.73,Van Wyck Expressway,T5,Short-Term,False,False,,0,108.0
11889,8/1/25,370.74,Van Wyck Expressway,T5,Short-Term,False,False,,0,82.0
11890,8/1/25,370.79,Van Wyck Expressway,T5,Staff,False,False,,0,480.0
11891,8/1/25,370.8,Van Wyck Expressway,T1,Business,False,False,,0,434.0
11892,8/1/25,370.9,Van Wyck Expressway,T1,Business,False,False,,0,467.0
11893,8/1/25,371.31,Van Wyck Expressway,T5,Vacationer,False,False,,0,2532.0
11894,8/1/25,371.34,Van Wyck Expressway,T8,Short-Term,True,False,,0,90.0
11895,8/1/25,371.36,Van Wyck Expressway,T8,Short-Term,False,False,,0,43.0
11896,8/1/25,371.39,Van Wyck Expressway,T1,Vacationer,False,False,,0,2771.0
11897,8/1/25,371.46,Van Wyck Expressway,T4,Vacationer,False,False,,0,3329.0
11898,8/1/25,371.66,Van Wyck Expressway,T8,Short-Term,True,False,,0,94.0
11899,8/1/25,371.87,Van Wyck Expressway,T1,Short-Term,False,False,,0,96.0
11900,8/1/25,372.16,Van Wyck Expressway,T1,Business,False,False,,0,478.0
11901,8/1/25,372.27,Van Wyck Expressway,T8,Vacationer,False,False,,0,3195.0
11902,8/1/25,372.28,Van Wyck Expressway,T4,Business,True,False,,0,397.0
11903,8/1/25,372.3,Van Wyck Expressway,T5,Business,False,False,,0,354.0
11904,8/1/25,372.39,Van Wyck Expressway,T4,Short-Term,True,False,,0,104.0
11905,8/1/25,372.4,Van Wyck Expressway,T1,Business,True,False,,0,275.0
11906,8/1/25,372.4,Van Wyck Expressway,T5,Vacationer,False,False,,0,3702.0
11907,8/1/25,372.95,Van Wyck Expressway,T5,Short-Term,False,False,,0,119.0
11908,8/1/25,373.34,Van Wyck Expressway,T1,Vacationer,False,False,,0,1440.0
11909,8/1/25,373.79,Van Wyck Expressway,T4,Business,False,False,,0,281.0
11910,8/1/25,374.0,Van Wyck Expressway,T4,Business,False,False,,0,260.0
11911,8/1/25,374.49,Van Wyck Expressway,T4,Short-Term,False,False,,0,114.0
11912,8/1/25,374.78,Van Wyck Expressway,T4,Vacationer,False,False,,0,1953.0
11913,8/1/25,375.16,Van Wyck Expressway,T8,Business,False,False,,0,230.0
11914,8/1/25,375.37,Van Wyck Expressway,T8,Staff,False,False,,0,480.0
11915,8/1/25,375.42,Van Wyck Expressway,T5,Short-Term,True,False,,0,97.0
11916,8/1/25,375.68,Van Wyck Expressway,T4,Short-Term,False,False,,0,41.0
11917,8/1/25,375.78,Van Wyck Expressway,T5,Business,False,False,,0,335.0
11918,8/1/25,375.79,Van Wyck Expressway,T4,Short-Term,False,False,,0,75.0
11919,8/1/25,376.11,Van Wyck Expressway,T8,Vacationer,False,False,,0,3642.0
11920,8/1/25,376.13,Van Wyck Expressway,T5,Business,False,False,,0,368.0
11921,8/1/25,376.18,Van Wyck Expressway,T1,Staff,False,False,,0,480.0
11922,8/1/25,376.8,Van Wyck Expressway,T4,Business,False,False,,0,320.0
11923,8/1/25,376.8,Van Wyck Expressway,T4,Business,False,False,,0,241.0
11924,8/1/25,377.18,Van Wyck Expressway,T5,Business,False,False,,0,231.0
11925,8/1/25,377.52,Van Wyck Expressway,T8,Business,False,False,,0,347.0
11926,8/1/25,378.23,Van Wyck Expressway,T4,Short-Term,False,False,,0,91.0
11927,8/1/25,378.28,Van Wyck Expressway,T5,Business,True,False,,0,368.0
11928,8/1/25,378.49,Van Wyck Expressway,T4,Vacationer,False,False,,0,4073.0
11929,8/1/25,378.55,Van Wyck Expressway,T5,Business,False,False,,0,242.0
11930,8/1/25,378.95,Van Wyck Expressway,T8,Short-Term,True,False,,0,81.0
11931,8/1/25,379.24,Van Wyck Expressway,T8,Short-Term,False,False,,0,67.0
11932,8/1/25,379.29,Van Wyck Expressway,T8,Staff,False,False,,0,480.0
11933,8/1/25,379.5,Van Wyck Expressway,T5,Business,False,False,,0,226.0
11934,8/1/25,379.82,Van Wyck Expressway,T4,Short-Term,False,False,,0,105.0
11935,8/1/25,379.92,Van Wyck Expressway,T5,Business,False,False,,0,191.0
11936,8/1/25,380.3,Van Wyck Expressway,T4,Short-Term,False,False,,0,98.0
11937,8/1/25,380.76,Van Wyck Expressway,T8,Vacationer,False,False,,0,2316.0
11938,8/1/25,380.98,Van Wyck Expressway,T4,Business,False,False,,0,443.0
11939,8/1/25,381.22,Van Wyck Expressway,T5,Short-Term,False,False,,0,97.0
11940,8/1/25,381.58,Van Wyck Expressway,T5,Short-Term,False,False,,0,110.0
11941,8/1/25,381.92,Van Wyck Expressway,T4,Business,False,False,,0,259.0
11942,8/1/25,382.01,Van Wyck Expressway,T8,Staff,True,False,,0,480.0
11943,8/1/25,382.12,Van Wyck Expressway,T5,Business,False,False,,0,202.0
11944,8/1/25,382.45,Van Wyck Expressway,T8,Short-Term,False,False,,0,81.0
11945,8/1/25,382.5,Van Wyck Expressway,T4,Staff,False,False,,0,480.0
11946,8/1/25,382.56,Van Wyck Expressway,T1,Business,False,False,,0,436.0
11947,8/1/25,382.6,Van Wyck Expressway,T8,Short-Term,False,False,,0,47.0
11948,8/1/25,382.84,Van Wyck Expressway,T8,Short-Term,False,False,,0,111.0
11949,8/1/25,383.01,Van Wyck Expressway,T4,Short-Term,False,False,,0,33.0
11950,8/1/25,383.17,Van Wyck Expressway,T5,Short-Term,False,False,,0,89.0
11951,8/1/25,383.37,Van Wyck Expressway,T8,Business,False,False,,0,333.0
11952,8/1/25,383.38,Van Wyck Expressway,T4,Vacationer,False,False,,0,3901.0
11953,8/1/25,383.43,Van Wyck Expressway,T8,Business,False,False,,0,343.0
11954,8/1/25,383.47,Van Wyck Expressway,T5,Vacationer,False,False,,0,3552.0
11955,8/1/25,383.54,Van Wyck Expressway,T5,Short-Term,False,False,,0,105.0
11956,8/1/25,383.73,Van Wyck Expressway,T5,Staff,False,False,,0,480.0
11957,8/1/25,384.17,Van Wyck Expressway,T4,Business,True,False,,0,199.0
11958,8/1/25,384.19,Van Wyck Expressway,T5,Short-Term,True,False,,0,53.0
11959,8/1/25,384.28,Van Wyck Expressway,T1,Short-Term,False,False,,0,72.0
11960,8/1/25,384.48,Van Wyck Expressway,T4,Business,False,False,,0,212.0
11961,8/1/25,384.86,Van Wyck Expressway,T4,Business,False,False,,0,419.0
11962,8/1/25,384.88,Van Wyck Expressway,T1,Short-Term,False,False,,0,116.0
11963,8/1/25,384.91,Van Wyck Expressway,T4,Business,True,False,,0,185.0
11964,8/1/25,385.63,Van Wyck Expressway,T8,Business,False,False,,0,319.0
11965,8/1/25,385.65,Van Wyck Expressway,T8,Vacationer,False,False,,0,3902.0
11966,8/1/25,385.79,Van Wyck Expressway,T1,Short-Term,False,False,,0,44.0
11967,8/1/25,386.18,Van Wyck Expressway,T8,Short-Term,False,False,,0,118.0
11968,8/1/25,386.7,Van Wyck Expressway,T8,Short-Term,False,False,,0,57.0
11969,8/1/25,386.93,Van Wyck Expressway,T5,Short-Term,False,False,,0,97.0
11970,8/1/25,386.98,Van Wyck Expressway,T4,Staff,False,False,,0,480.0
11971,8/1/25,387.06,Van Wyck Expressway,T8,Short-Term,False,False,,0,82.0
11972,8/1/25,387.36,Van Wyck Expressway,T8,Short-Term,False,False,,0,103.0
11973,8/1/25,387.38,Van Wyck Expressway,T5,Vacationer,False,False,,0,2848.0
11974,8/1/25,387.79,Van Wyck Expressway,T4,Business,False,False,,0,302.0
11975,8/1/25,387.9,Van Wyck Expressway,T8,Short-Term,True,False,,0,97.0
11976,8/1/25,388.02,Van Wyck Expressway,T1,Short-Term,False,False,,0,108.0
11977,8/1/25,388.11,Van Wyck Expressway,T4,Business,False,False,,0,404.0
11978,8/1/25,388.12,Van Wyck Expressway,T1,Vacationer,True,False,,0,2834.0
11979,8/1/25,388.22,Van Wyck Expressway,T8,Vacationer,False,False,,0,610.0
11980,8/1/25,388.24,Van Wyck Expressway,T4,Business,True,False,,0,327.0
11981,8/1/25,388.34,Van Wyck Expressway,T8,Vacationer,False,False,,0,981.0
11982,8/1/25,388.52,Van Wyck Expressway,T8,Short-Term,False,False,,0,65.0
11983,8/1/25,388.61,Van Wyck Expressway,T4,Staff,False,False,,0,480.0
11984,8/1/25,388.75,Van Wyck Expressway,T1,Short-Term,False,False,,0,53.0
11985,8/1/25,388.83,Van Wyck Expressway,T1,Short-Term,False,False,,0,97.0
11986,8/1/25,388.83,Van Wyck Expressway,T5,Short-Term,True,False,,0,93.0
11987,8/1/25,389.14,Van Wyck Expressway,T1,Short-Term,False,False,,0,38.0
11988,8/1/25,389.14,Van Wyck Expressway,T4,Staff,False,False,,0,480.0
11989,8/1/25,389.19,Van Wyck Expressway,T1,Short-Term,False,False,,0,98.0
11990,8/1/25,389.2,Van Wyck Expressway,T1,Short-Term,False,False,,0,109.0
11991,8/1/25,389.53,Van Wyck Expressway,T4,Short-Term,False,False,,0,66.0
11992,8/1/25,389.71,Van Wyck Expressway,T8,Short-Term,False,False,,0,74.0
11993,8/1/25,390.21,Van Wyck Expressway,T1,Business,True,False,,0,459.0
11994,8/1/25,390.43,Van Wyck Expressway,T8,Short-Term,True,False,,0,83.0
11995,8/1/25,390.59,Van Wyck Expressway,T5,Short-Term,False,False,,0,108.0
11996,8/1/25,390.61,Van Wyck Expressway,T5,Business,False,False,,0,197.0
11997,8/1/25,390.62,Van Wyck Expressway,T4,Short-Term,False,False,,0,76.0
11998,8/1/25,390.97,Van Wyck Expressway,T8,Short-Term,False,False,,0,37.0
11999,8/1/25,391.12,Van Wyck Expressway,T5,Short-Term,False,False,,0,32.0
12000,8/1/25,391.4,Van Wyck Expressway,T5,Short-Term,False,False,,0,49.0
12001,8/1/25,391.69,Van Wyck Expressway,T8,Business,False,False,,0,314.0
12002,8/1/25,391.8,Van Wyck Expressway,T8,Business,False,False,,0,286.0
12003,8/1/25,391.95,Van Wyck Expressway,T5,Business,True,False,,0,413.0
12004,8/1/25,392.21,Van Wyck Expressway,T5,Short-Term,False,False,,0,33.0
12005,8/1/25,392.31,Van Wyck Expressway,T4,Business,True,False,,0,407.0
12006,8/1/25,392.72,Van Wyck Expressway,T4,Business,True,False,,0,183.0
12007,8/1/25,392.84,Van Wyck Expressway,T5,Vacationer,False,False,,0,1134.0
12008,8/1/25,393.14,Van Wyck Expressway,T1,Business,False,False,,0,325.0
12009,8/1/25,393.15,Van Wyck Expressway,T1,Vacationer,False,False,,0,1897.0
12010,8/1/25,393.34,Van Wyck Expressway,T4,Business,False,False,,0,130.0
12011,8/1/25,393.35,Van Wyck Expressway,T4,Short-Term,False,False,,0,52.0
12012,8/1/25,393.58,Van Wyck Expressway,T5,Short-Term,False,False,,0,45.0
12013,8/1/25,393.67,Van Wyck Expressway,T8,Vacationer,False,False,,0,508.0
12014,8/1/25,393.75,Van Wyck Expressway,T8,Business,False,False,,0,405.0
12015,8/1/25,393.9,Van Wyck Expressway,T4,Short-Term,False,False,,0,61.0
12016,8/1/25,394.11,Van Wyck Expressway,T5,Short-Term,False,False,,0,45.0
12017,8/1/25,394.14,Van Wyck Expressway,T4,Short-Term,False,False,,0,83.0
12018,8/1/25,394.23,Van Wyck Expressway,T1,Short-Term,True,False,,0,95.0
12019,8/1/25,394.28,Van Wyck Expressway,T5,Short-Term,False,False,,0,53.0
12020,8/1/25,394.38,Van Wyck Expressway,T8,Short-Term,False,False,,0,72.0
12021,8/1/25,394.41,Van Wyck Expressway,T8,Business,False,False,,0,156.0
12022,8/1/25,394.52,Van Wyck Expressway,T5,Business,False,False,,0,470.0
12023,8/1/25,394.6,Van Wyck Expressway,T4,Business,False,False,,0,158.0
12024,8/1/25,394.63,Van Wyck Expressway,T1,Business,False,False,,0,216.0
12025,8/1/25,394.99,Van Wyck Expressway,T4,Short-Term,True,False,,0,100.0
12026,8/1/25,395.05,Van Wyck Expressway,T4,Business,True,False,,0,175.0
12027,8/1/25,395.06,Van Wyck Expressway,T8,Short-Term,False,False,,0,63.0
12028,8/1/25,395.08,Van Wyck Expressway,T8,Vacationer,False,False,,0,4032.0
12029,8/1/25,395.34,Van Wyck Expressway,T8,Business,False,False,,0,188.0
12030,8/1/25,395.69,Van Wyck Expressway,T1,Short-Term,False,False,,0,57.0
12031,8/1/25,395.85,Van Wyck Expressway,T5,Vacationer,False,False,,0,3526.0
12032,8/1/25,396.38,Van Wyck Expressway,T8,Short-Term,False,False,,0,115.0
12033,8/1/25,396.54,Van Wyck Expressway,T8,Short-Term,False,False,,0,69.0
12034,8/1/25,396.61,Van Wyck Expressway,T8,Vacationer,False,False,,0,1955.0
12035,8/1/25,396.8,Van Wyck Expressway,T8,Short-Term,False,False,,0,63.0
12036,8/1/25,396.81,Van Wyck Expressway,T1,Short-Term,False,False,,0,58.0
12037,8/1/25,397.13,Van Wyck Expressway,T8,Business,False,False,,0,138.0
12038,8/1/25,397.4,Van Wyck Expressway,T5,Vacationer,False,False,,0,1808.0
12039,8/1/25,398.15,Van Wyck Expressway,T8,Business,False,False,,0,453.0
12040,8/1/25,398.32,Van Wyck Expressway,T5,Staff,False,False,,0,480.0
12041,8/1/25,398.64,Van Wyck Expressway,T5,Business,False,False,,0,191.0
12042,8/1/25,398.95,Van Wyck Expressway,T5,Vacationer,False,False,,0,2094.0
12043,8/1/25,399.47,Van Wyck Expressway,T5,Business,False,False,,0,164.0
12044,8/1/25,399.72,Van Wyck Expressway,T4,Business,False,False,,0,408.0
12045,8/1/25,400.13,Van Wyck Expressway,T8,Business,False,False,,0,327.0
12046,8/1/25,400.31,Van Wyck Expressway,T4,Short-Term,False,False,,0,51.0
12047,8/1/25,400.8,Van Wyck Expressway,T8,Short-Term,False,False,,0,115.0
12048,8/1/25,400.84,Van Wyck Expressway,T5,Business,False,False,,0,274.0
12049,8/1/25,401.26,Van Wyck Expressway,T4,Business,False,False,,0,174.0
12050,8/1/25,401.35,Van Wyck Expressway,T8,Short-Term,False,False,,0,97.0
12051,8/1/25,401.41,Van Wyck Expressway,T1,Vacationer,False,False,,0,1762.0
12052,8/1/25,401.53,Van Wyck Expressway,T8,Staff,False,False,,0,480.0
12053,8/1/25,401.75,Van Wyck Expressway,T5,Staff,True,False,,0,480.0
12054,8/1/25,401.88,Van Wyck Expressway,T4,Business,False,False,,0,217.0
12055,8/1/25,401.89,Van Wyck Expressway,T5,Short-Term,False,False,,0,111.0
12056,8/1/25,402.05,Van Wyck Expressway,T1,Short-Term,False,False,,0,46.0
12057,8/1/25,402.06,Van Wyck Expressway,T5,Staff,False,False,,0,480.0
12058,8/1/25,402.44,Van Wyck Expressway,T4,Vacationer,False,False,,0,2465.0
12059,8/1/25,402.51,Van Wyck Expressway,T5,Business,False,False,,0,402.0
12060,8/1/25,402.68,Van Wyck Expressway,T8,Short-Term,False,False,,0,47.0
12061,8/1/25,402.68,Van Wyck Expressway,T4,Short-Term,False,False,,0,48.0
12062,8/1/25,402.78,Van Wyck Expressway,T4,Business,False,False,,0,120.0
12063,8/1/25,402.97,Van Wyck Expressway,T4,Short-Term,False,False,,0,82.0
12064,8/1/25,403.18,Van Wyck Expressway,T1,Short-Term,False,False,,0,102.0
12065,8/1/25,403.27,Van Wyck Expressway,T5,Short-Term,False,False,,0,117.0
12066,8/1/25,403.35,Van Wyck Expressway,T5,Business,False,False,,0,189.0
12067,8/1/25,403.54,Van Wyck Expressway,T5,Vacationer,False,False,,0,2312.0
12068,8/1/25,404.0,Van Wyck Expressway,T1,Short-Term,False,False,,0,73.0
12069,8/1/25,404.34,Van Wyck Expressway,T8,Business,False,False,,0,388.0
12070,8/1/25,404.37,Van Wyck Expressway,T4,Staff,False,False,,0,480.0
12071,8/1/25,404.44,Van Wyck Expressway,T4,Business,False,False,,0,417.0
12072,8/1/25,404.76,Van Wyck Expressway,T5,Vacationer,False,False,,0,643.0
12073,8/1/25,404.84,Van Wyck Expressway,T4,Short-Term,False,False,,0,74.0
12074,8/1/25,404.96,Van Wyck Expressway,T1,Short-Term,False,False,,0,78.0
12075,8/1/25,405.27,Van Wyck Expressway,T5,Business,False,False,,0,258.0
12076,8/1/25,405.44,Van Wyck Expressway,T1,Business,False,False,,0,429.0
12077,8/1/25,405.49,Van Wyck Expressway,T4,Short-Term,False,False,,0,80.0
12078,8/1/25,405.57,Van Wyck Expressway,T4,Vacationer,True,False,,0,2334.0
12079,8/1/25,406.09,Van Wyck Expressway,T1,Vacationer,True,False,,0,2190.0
12080,8/1/25,406.17,Van Wyck Expressway,T5,Business,False,False,,0,229.0
12081,8/1/25,406.89,Van Wyck Expressway,T8,Business,False,False,,0,314.0
12082,8/1/25,407.38,Van Wyck Expressway,T8,Business,False,False,,0,341.0
12083,8/1/25,407.57,Van Wyck Expressway,T4,Short-Term,False,False,,0,98.0
12084,8/1/25,407.65,Van Wyck Expressway,T8,Business,False,False,,0,268.0
12085,8/1/25,407.71,Van Wyck Expressway,T8,Business,False,False,,0,445.0
12086,8/1/25,407.88,Van Wyck Expressway,T4,Business,False,False,,0,358.0
12087,8/1/25,408.03,Van Wyck Expressway,T5,Short-Term,False,False,,0,103.0
12088,8/1/25,408.19,Van Wyck Expressway,T1,Short-Term,False,False,,0,49.0
12089,8/1/25,408.19,Van Wyck Expressway,T4,Short-Term,False,False,,0,120.0
12090,8/1/25,408.29,Van Wyck Expressway,T5,Vacationer,False,False,,0,1430.0
12091,8/1/25,408.34,Van Wyck Expressway,T1,Vacationer,False,False,,0,1926.0
12092,8/1/25,408.73,Van Wyck Expressway,T4,Vacationer,False,False,,0,1152.0
12093,8/1/25,408.98,Van Wyck Expressway,T4,Short-Term,False,False,,0,101.0
12094,8/1/25,409.06,Van Wyck Expressway,T4,Staff,False,False,,0,480.0
12095,8/1/25,409.11,Van Wyck Expressway,T4,Vacationer,False,False,,0,2581.0
12096,8/1/25,409.47,Van Wyck Expressway,T8,Short-Term,True,False,,0,85.0
12097,8/1/25,409.8,Van Wyck Expressway,T5,Staff,False,False,,0,480.0
12098,8/1/25,409.94,Van Wyck Expressway,T1,Business,False,False,,0,163.0
12099,8/1/25,410.0,Van Wyck Expressway,T8,Short-Term,False,False,,0,47.0
12100,8/1/25,410.06,Van Wyck Expressway,T1,Vacationer,False,False,,0,712.0
12101,8/1/25,410.13,Van Wyck Expressway,T5,Staff,False,False,,0,480.0
12102,8/1/25,410.17,Van Wyck Expressway,T5,Short-Term,False,False,,0,63.0
12103,8/1/25,410.56,Van Wyck Expressway,T1,Business,False,False,,0,180.0
12104,8/1/25,410.75,Van Wyck Expressway,T1,Short-Term,False,False,,0,67.0
12105,8/1/25,410.79,Van Wyck Expressway,T1,Short-Term,False,False,,0,51.0
12106,8/1/25,410.87,Van Wyck Expressway,T4,Vacationer,False,False,,0,2066.0
12107,8/1/25,411.06,Van Wyck Expressway,T5,Staff,False,False,,0,480.0
12108,8/1/25,411.17,Van Wyck Expressway,T1,Staff,False,False,,0,480.0
12109,8/1/25,411.46,Van Wyck Expressway,T4,Short-Term,False,False,,0,30.0
12110,8/1/25,411.58,Van Wyck Expressway,T5,Business,False,False,,0,192.0
12111,8/1/25,411.65,Van Wyck Expressway,T5,Business,False,False,,0,326.0
12112,8/1/25,411.67,Van Wyck Expressway,T1,Business,False,False,,0,471.0
12113,8/1/25,411.72,Van Wyck Expressway,T8,Staff,False,False,,0,480.0
12114,8/1/25,411.88,Van Wyck Expressway,T5,Short-Term,False,False,,0,65.0
12115,8/1/25,411.93,Van Wyck Expressway,T4,Business,False,False,,0,200.0
12116,8/1/25,412.15,Van Wyck Expressway,T8,Staff,False,False,,0,480.0
12117,8/1/25,412.61,Van Wyck Expressway,T8,Short-Term,False,False,,0,37.0
12118,8/1/25,412.69,Van Wyck Expressway,T4,Business,False,False,,0,208.0
12119,8/1/25,413.12,Van Wyck Expressway,T8,Business,False,False,,0,461.0
12120,8/1/25,413.2,Van Wyck Expressway,T8,Short-Term,False,False,,0,83.0
12121,8/1/25,413.26,Van Wyck Expressway,T8,Business,False,False,,0,463.0
12122,8/1/25,413.52,Van Wyck Expressway,T5,Business,False,False,,0,380.0
12123,8/1/25,413.63,Van Wyck Expressway,T4,Business,False,False,,0,314.0
12124,8/1/25,413.67,Van Wyck Expressway,T8,Vacationer,False,False,,0,1193.0
12125,8/1/25,413.74,Van Wyck Expressway,T8,Vacationer,False,False,,0,1943.0
12126,8/1/25,413.76,Van Wyck Expressway,T5,Staff,False,False,,0,480.0
12127,8/1/25,413.84,Van Wyck Expressway,T5,Business,False,False,,0,430.0
12128,8/1/25,414.1,Van Wyck Expressway,T5,Vacationer,False,False,,0,578.0
12129,8/1/25,414.12,Van Wyck Expressway,T4,Short-Term,True,False,,0,43.0
12130,8/1/25,414.18,Van Wyck Expressway,T4,Business,False,False,,0,456.0
12131,8/1/25,414.56,Van Wyck Expressway,T8,Staff,False,False,,0,480.0
12132,8/1/25,414.79,Van Wyck Expressway,T5,Business,False,False,,0,294.0
12133,8/1/25,414.8,Van Wyck Expressway,T4,Short-Term,False,False,,0,96.0
12134,8/1/25,414.81,Van Wyck Expressway,T8,Short-Term,False,False,,0,56.0
12135,8/1/25,415.52,Van Wyck Expressway,T1,Vacationer,False,False,,0,841.0
12136,8/1/25,415.54,Van Wyck Expressway,T4,Short-Term,False,False,,0,42.0
12137,8/1/25,415.6,Van Wyck Expressway,T8,Business,True,False,,0,346.0
12138,8/1/25,415.62,Van Wyck Expressway,T4,Short-Term,False,False,,0,98.0
12139,8/1/25,415.67,Van Wyck Expressway,T5,Staff,False,False,,0,480.0
12140,8/1/25,415.85,Van Wyck Expressway,T5,Business,False,False,,0,419.0
12141,8/1/25,416.02,Van Wyck Expressway,T4,Short-Term,False,False,,0,96.0
12142,8/1/25,416.07,Van Wyck Expressway,T8,Business,False,False,,0,227.0
12143,8/1/25,416.11,Van Wyck Expressway,T4,Business,False,False,,0,353.0
12144,8/1/25,416.26,Van Wyck Expressway,T5,Business,False,False,,0,185.0
12145,8/1/25,416.27,Van Wyck Expressway,T5,Business,False,False,,0,157.0
12146,8/1/25,416.34,Van Wyck Expressway,T5,Business,False,False,,0,338.0
12147,8/1/25,416.54,Van Wyck Expressway,T8,Short-Term,False,False,,0,70.0
12148,8/1/25,416.56,Van Wyck Expressway,T1,Staff,False,False,,0,480.0
12149,8/1/25,416.75,Van Wyck Expressway,T8,Business,False,False,,0,325.0
12150,8/1/25,416.85,Van Wyck Expressway,T5,Short-Term,False,False,,0,116.0
12151,8/1/25,417.01,Van Wyck Expressway,T5,Short-Term,False,False,,0,95.0
12152,8/1/25,417.36,Van Wyck Expressway,T5,Short-Term,False,False,,0,92.0
12153,8/1/25,417.46,Van Wyck Expressway,T1,Business,False,False,,0,218.0
12154,8/1/25,417.68,Van Wyck Expressway,T1,Vacationer,True,False,,0,1891.0
12155,8/1/25,417.93,Van Wyck Expressway,T5,Business,False,False,,0,271.0
12156,8/1/25,417.95,Van Wyck Expressway,T5,Business,False,False,,0,236.0
12157,8/1/25,418.49,Van Wyck Expressway,T1,Staff,False,False,,0,480.0
12158,8/1/25,418.49,Van Wyck Expressway,T5,Staff,False,False,,0,480.0
12159,8/1/25,418.55,Van Wyck Expressway,T5,Short-Term,False,False,,0,85.0
12160,8/1/25,418.7,Van Wyck Expressway,T8,Short-Term,False,False,,0,63.0
12161,8/1/25,418.71,Van Wyck Expressway,T5,Short-Term,False,False,,0,48.0
12162,8/1/25,418.84,Van Wyck Expressway,T5,Business,False,False,,0,294.0
12163,8/1/25,418.88,Van Wyck Expressway,T4,Short-Term,False,False,,0,119.0
12164,8/1/25,419.09,Van Wyck Expressway,T5,Business,False,False,,0,397.0
12165,8/1/25,419.63,Van Wyck Expressway,T1,Short-Term,False,False,,0,83.0
12166,8/1/25,419.71,Van Wyck Expressway,T5,Vacationer,False,False,,0,3543.0
12167,8/1/25,419.95,Van Wyck Expressway,T5,Short-Term,True,False,,0,100.0
12168,8/1/25,419.99,Van Wyck Expressway,T1,Short-Term,True,False,,0,72.0
12169,8/1/25,420.01,Van Wyck Expressway,T1,Vacationer,False,False,,0,3717.0
12170,8/1/25,420.23,Van Wyck Expressway,T5,Short-Term,False,False,,0,32.0
12171,8/1/25,420.26,Van Wyck Expressway,T8,Vacationer,False,False,,0,3278.0
12172,8/1/25,420.3,Van Wyck Expressway,T5,Business,False,False,,0,152.0
12173,8/1/25,420.35,Van Wyck Expressway,T5,Vacationer,False,False,,0,1973.0
12174,8/1/25,420.37,Van Wyck Expressway,T4,Short-Term,False,False,,0,112.0
12175,8/1/25,420.46,Van Wyck Expressway,T1,Staff,False,False,,0,480.0
12176,8/1/25,420.57,Van Wyck Expressway,T8,Business,False,False,,0,452.0
12177,8/1/25,420.7,Van Wyck Expressway,T4,Short-Term,False,False,,0,85.0
12178,8/1/25,420.81,Van Wyck Expressway,T1,Business,False,False,,0,125.0
12179,8/1/25,420.82,Van Wyck Expressway,T4,Business,True,False,,0,309.0
12180,8/1/25,420.84,Van Wyck Expressway,T8,Short-Term,False,False,,0,66.0
12181,8/1/25,421.1,Van Wyck Expressway,T1,Short-Term,False,False,,0,106.0
12182,8/1/25,421.11,Van Wyck Expressway,T1,Business,False,False,,0,149.0
12183,8/1/25,421.16,Van Wyck Expressway,T4,Business,False,False,,0,190.0
12184,8/1/25,421.2,Van Wyck Expressway,T4,Staff,False,False,,0,480.0
12185,8/1/25,421.33,Van Wyck Expressway,T1,Business,False,False,,0,222.0
12186,8/1/25,421.39,Van Wyck Expressway,T8,Staff,False,False,,0,480.0
12187,8/1/25,421.46,Van Wyck Expressway,T1,Vacationer,False,False,,0,580.0
12188,8/1/25,421.49,Van Wyck Expressway,T8,Vacationer,True,False,,0,1079.0
12189,8/1/25,421.5,Van Wyck Expressway,T4,Business,False,False,,0,121.0
12190,8/1/25,421.55,Van Wyck Expressway,T5,Staff,False,False,,0,480.0
12191,8/1/25,421.61,Van Wyck Expressway,T5,Vacationer,False,False,,0,2139.0
12192,8/1/25,421.66,Van Wyck Expressway,T5,Business,False,False,,0,476.0
12193,8/1/25,421.99,Van Wyck Expressway,T1,Short-Term,False,False,,0,117.0
12194,8/1/25,422.02,Van Wyck Expressway,T8,Business,False,False,,0,295.0
12195,8/1/25,422.2,Van Wyck Expressway,T8,Business,False,False,,0,144.0
12196,8/1/25,422.22,Van Wyck Expressway,T5,Short-Term,False,False,,0,82.0
12197,8/1/25,422.4,Van Wyck Expressway,T4,Short-Term,False,False,,0,99.0
12198,8/1/25,422.5,Van Wyck Expressway,T8,Short-Term,False,False,,0,77.0
12199,8/1/25,422.55,Van Wyck Expressway,T5,Business,False,False,,0,191.0
12200,8/1/25,422.58,Van Wyck Expressway,T4,Short-Term,False,False,,0,60.0
12201,8/1/25,423.15,Van Wyck Expressway,T8,Short-Term,False,False,,0,52.0
12202,8/1/25,423.4,Van Wyck Expressway,T1,Vacationer,False,False,,0,2616.0
12203,8/1/25,423.61,Van Wyck Expressway,T5,Short-Term,False,False,,0,113.0
12204,8/1/25,423.63,Van Wyck Expressway,T5,Short-Term,False,False,,0,118.0
12205,8/1/25,423.75,Van Wyck Expressway,T1,Short-Term,False,False,,0,97.0
12206,8/1/25,423.91,Van Wyck Expressway,T5,Short-Term,False,False,,0,104.0
12207,8/1/25,423.94,Van Wyck Expressway,T5,Staff,False,False,,0,480.0
12208,8/1/25,424.3,Van Wyck Expressway,T8,Short-Term,True,False,,0,87.0
12209,8/1/25,424.32,Van Wyck Expressway,T4,Short-Term,False,False,,0,67.0
12210,8/1/25,424.33,Van Wyck Expressway,T1,Business,False,False,,0,468.0
12211,8/1/25,424.37,Van Wyck Expressway,T4,Short-Term,False,False,,0,101.0
12212,8/1/25,424.46,Van Wyck Expressway,T8,Staff,False,False,,0,480.0
12213,8/1/25,424.58,Van Wyck Expressway,T1,Vacationer,False,False,,0,1591.0
12214,8/1/25,424.73,Van Wyck Expressway,T5,Business,False,False,,0,282.0
12215,8/1/25,424.75,Van Wyck Expressway,T5,Business,True,False,,0,315.0
12216,8/1/25,424.87,Van Wyck Expressway,T8,Short-Term,False,False,,0,88.0
12217,8/1/25,425.01,Van Wyck Expressway,T4,Staff,True,False,,0,480.0
12218,8/1/25,425.04,Van Wyck Expressway,T1,Short-Term,False,False,,0,94.0
12219,8/1/25,425.11,Van Wyck Expressway,T5,Business,False,False,,0,136.0
12220,8/1/25,425.43,Van Wyck Expressway,T4,Short-Term,False,False,,0,119.0
12221,8/1/25,425.59,Van Wyck Expressway,T5,Short-Term,False,False,,0,37.0
12222,8/1/25,425.71,Van Wyck Expressway,T5,Short-Term,False,False,,0,106.0
12223,8/1/25,426.05,Van Wyck Expressway,T4,Vacationer,False,False,,0,2690.0
12224,8/1/25,426.05,Van Wyck Expressway,T5,Short-Term,False,False,,0,51.0
12225,8/1/25,426.2,Van Wyck Expressway,T1,Short-Term,False,False,,0,40.0
12226,8/1/25,426.24,Van Wyck Expressway,T4,Staff,False,False,,0,480.0
12227,8/1/25,426.44,Van Wyck Expressway,T5,Short-Term,False,False,,0,58.0
12228,8/1/25,426.5,Van Wyck Expressway,T1,Short-Term,True,False,,0,119.0
12229,8/1/25,426.56,Van Wyck Expressway,T1,Business,False,False,,0,185.0
12230,8/1/25,427.14,Van Wyck Expressway,T5,Short-Term,False,False,,0,69.0
12231,8/1/25,427.25,Van Wyck Expressway,T5,Staff,False,False,,0,480.0
12232,8/1/25,427.35,Van Wyck Expressway,T8,Short-Term,False,False,,0,120.0
12233,8/1/25,427.58,Van Wyck Expressway,T1,Business,True,False,,0,346.0
12234,8/1/25,427.66,Van Wyck Expressway,T8,Business,False,False,,0,417.0
12235,8/1/25,427.68,Van Wyck Expressway,T4,Business,False,False,,0,127.0
12236,8/1/25,427.8,Van Wyck Expressway,T1,Short-Term,False,False,,0,81.0
12237,8/1/25,428.02,Van Wyck Expressway,T8,Business,False,False,,0,244.0
12238,8/1/25,428.04,Van Wyck Expressway,T1,Business,True,False,,0,169.0
12239,8/1/25,428.08,Van Wyck Expressway,T8,Short-Term,True,False,,0,46.0
12240,8/1/25,428.08,Van Wyck Expressway,T5,Short-Term,False,False,,0,111.0
12241,8/1/25,428.13,Van Wyck Expressway,T8,Business,False,False,,0,362.0
12242,8/1/25,428.21,Van Wyck Expressway,T4,Short-Term,False,False,,0,77.0
12243,8/1/25,428.22,Van Wyck Expressway,T5,Staff,False,False,,0,480.0
12244,8/1/25,428.23,Van Wyck Expressway,T1,Short-Term,False,False,,0,100.0
12245,8/1/25,428.27,Van Wyck Expressway,T1,Short-Term,False,False,,0,79.0
12246,8/1/25,428.45,Van Wyck Expressway,T5,Vacationer,False,False,,0,3215.0
12247,8/1/25,428.52,Van Wyck Expressway,T1,Short-Term,False,False,,0,109.0
12248,8/1/25,428.61,Van Wyck Expressway,T8,Vacationer,False,False,,0,1556.0
12249,8/1/25,428.73,Van Wyck Expressway,T4,Short-Term,False,False,,0,49.0
12250,8/1/25,428.74,Van Wyck Expressway,T4,Short-Term,False,False,,0,82.0
12251,8/1/25,428.76,Van Wyck Expressway,T8,Business,False,False,,0,373.0
12252,8/1/25,428.84,Van Wyck Expressway,T5,Business,False,False,,0,237.0
12253,8/1/25,428.93,Van Wyck Expressway,T5,Vacationer,False,False,,0,941.0
12254,8/1/25,428.99,Van Wyck Expressway,T1,Vacationer,False,False,,0,402.0
12255,8/1/25,429.46,Van Wyck Expressway,T1,Short-Term,False,False,,0,91.0
12256,8/1/25,429.51,Van Wyck Expressway,T1,Business,False,False,,0,264.0
12257,8/1/25,429.51,Van Wyck Expressway,T8,Short-Term,False,False,,0,84.0
12258,8/1/25,429.56,Van Wyck Expressway,T8,Short-Term,False,False,,0,111.0
12259,8/1/25,429.58,Van Wyck Expressway,T4,Short-Term,False,False,,0,40.0
12260,8/1/25,429.61,Van Wyck Expressway,T5,Vacationer,False,False,,0,3431.0
12261,8/1/25,429.7,Van Wyck Expressway,T4,Vacationer,False,False,,0,1262.0
12262,8/1/25,429.75,Van Wyck Expressway,T8,Vacationer,False,False,,0,3416.0
12263,8/1/25,429.83,Van Wyck Expressway,T4,Business,False,False,,0,428.0
12264,8/1/25,429.86,Van Wyck Expressway,T4,Business,False,False,,0,269.0
12265,8/1/25,430.08,Van Wyck Expressway,T1,Vacationer,False,False,,0,3001.0
12266,8/1/25,430.1,Van Wyck Expressway,T1,Short-Term,False,False,,0,106.0
12267,8/1/25,430.14,Van Wyck Expressway,T8,Short-Term,False,False,,0,109.0
12268,8/1/25,430.25,Van Wyck Expressway,T8,Short-Term,False,False,,0,65.0
12269,8/1/25,430.33,Van Wyck Expressway,T8,Short-Term,False,False,,0,72.0
12270,8/1/25,430.39,Van Wyck Expressway,T1,Business,False,False,,0,193.0
12271,8/1/25,430.39,Van Wyck Expressway,T5,Staff,False,False,,0,480.0
12272,8/1/25,430.51,Van Wyck Expressway,T4,Staff,False,False,,0,480.0
12273,8/1/25,430.52,Van Wyck Expressway,T1,Short-Term,False,False,,0,111.0
12274,8/1/25,430.54,Van Wyck Expressway,T5,Staff,True,False,,0,480.0
12275,8/1/25,430.71,Van Wyck Expressway,T5,Short-Term,False,False,,0,74.0
12276,8/1/25,430.96,Van Wyck Expressway,T4,Short-Term,False,False,,0,105.0
12277,8/1/25,430.98,Van Wyck Expressway,T4,Short-Term,False,False,,0,111.0
12278,8/1/25,431.04,Van Wyck Expressway,T4,Short-Term,False,False,,0,55.0
12279,8/1/25,431.39,Van Wyck Expressway,T8,Vacationer,False,False,,0,1855.0
12280,8/1/25,431.42,Van Wyck Expressway,T4,Vacationer,False,False,,0,3866.0
12281,8/1/25,431.53,Van Wyck Expressway,T4,Short-Term,True,False,,0,110.0
12282,8/1/25,431.59,Van Wyck Expressway,T8,Business,False,False,,0,445.0
12283,8/1/25,431.76,Van Wyck Expressway,T8,Business,False,False,,0,237.0
12284,8/1/25,431.78,Van Wyck Expressway,T4,Vacationer,False,False,,0,2843.0
12285,8/1/25,431.82,Van Wyck Expressway,T8,Business,False,False,,0,301.0
12286,8/1/25,431.84,Van Wyck Expressway,T5,Business,False,False,,0,196.0
12287,8/1/25,431.93,Van Wyck Expressway,T8,Vacationer,False,False,,0,2802.0
12288,8/1/25,432.03,Van Wyck Expressway,T8,Staff,False,False,,0,480.0
12289,8/1/25,432.13,Van Wyck Expressway,T4,Short-Term,False,False,,0,119.0
12290,8/1/25,432.37,Van Wyck Expressway,T4,Business,True,False,,0,327.0
12291,8/1/25,432.44,Van Wyck Expressway,T1,Short-Term,False,False,,0,91.0
12292,8/1/25,432.46,Van Wyck Expressway,T1,Business,False,False,,0,225.0
12293,8/1/25,432.49,Van Wyck Expressway,T8,Short-Term,False,False,,0,67.0
12294,8/1/25,432.6,Van Wyck Expressway,T1,Short-Term,True,False,,0,71.0
12295,8/1/25,432.67,Van Wyck Expressway,T4,Business,False,False,,0,191.0
12296,8/1/25,432.68,Van Wyck Expressway,T5,Business,False,False,,0,412.0
12297,8/1/25,432.83,Van Wyck Expressway,T1,Staff,False,False,,0,480.0
12298,8/1/25,432.86,Van Wyck Expressway,T1,Staff,False,False,,0,480.0
12299,8/1/25,432.89,Van Wyck Expressway,T5,Short-Term,False,False,,0,99.0
12300,8/1/25,433.14,Van Wyck Expressway,T5,Vacationer,False,False,,0,679.0
12301,8/1/25,433.32,Van Wyck Expressway,T5,Short-Term,False,False,,0,91.0
12302,8/1/25,433.46,Van Wyck Expressway,T1,Vacationer,False,False,,0,3362.0
12303,8/1/25,433.61,Van Wyck Expressway,T5,Short-Term,False,False,,0,84.0
12304,8/1/25,433.68,Van Wyck Expressway,T8,Short-Term,False,False,,0,64.0
12305,8/1/25,433.69,Van Wyck Expressway,T1,Business,False,False,,0,223.0
12306,8/1/25,433.72,Van Wyck Expressway,T8,Business,False,False,,0,183.0
12307,8/1/25,433.75,Van Wyck Expressway,T4,Business,False,False,,0,424.0
12308,8/1/25,433.78,Van Wyck Expressway,T5,Business,False,False,,0,200.0
12309,8/1/25,433.86,Van Wyck Expressway,T4,Business,False,False,,0,374.0
12310,8/1/25,433.88,Van Wyck Expressway,T1,Short-Term,False,False,,0,62.0
12311,8/1/25,434.01,Van Wyck Expressway,T1,Short-Term,False,False,,0,109.0
12312,8/1/25,434.34,Van Wyck Expressway,T4,Business,False,False,,0,284.0
12313,8/1/25,434.7,Van Wyck Expressway,T1,Staff,False,False,,0,480.0
12314,8/1/25,434.89,Van Wyck Expressway,T5,Staff,False,False,,0,480.0
12315,8/1/25,434.94,Van Wyck Expressway,T8,Vacationer,False,False,,0,3056.0
12316,8/1/25,434.95,Van Wyck Expressway,T4,Short-Term,False,False,,0,114.0
12317,8/1/25,435.07,Van Wyck Expressway,T4,Business,True,False,,0,211.0
12318,8/1/25,435.09,Van Wyck Expressway,T5,Short-Term,False,False,,0,91.0
12319,8/1/25,435.2,Van Wyck Expressway,T4,Business,False,False,,0,259.0
12320,8/1/25,435.28,Van Wyck Expressway,T8,Short-Term,False,False,,0,80.0
12321,8/1/25,435.46,Van Wyck Expressway,T5,Short-Term,False,False,,0,60.0
12322,8/1/25,435.63,Van Wyck Expressway,T5,Short-Term,False,False,,0,108.0
12323,8/1/25,435.83,Van Wyck Expressway,T4,Vacationer,True,False,,0,1462.0
12324,8/1/25,435.86,Van Wyck Expressway,T4,Business,False,False,,0,449.0
12325,8/1/25,436.09,Van Wyck Expressway,T4,Vacationer,False,False,,0,2550.0
12326,8/1/25,436.39,Van Wyck Expressway,T8,Business,False,False,,0,209.0
12327,8/1/25,436.42,Van Wyck Expressway,T1,Short-Term,True,False,,0,73.0
12328,8/1/25,436.44,Van Wyck Expressway,T8,Vacationer,False,False,,0,1963.0
12329,8/1/25,436.45,Van Wyck Expressway,T4,Vacationer,False,False,,0,362.0
12330,8/1/25,436.51,Van Wyck Expressway,T8,Business,False,False,,0,346.0
12331,8/1/25,436.57,Van Wyck Expressway,T1,Vacationer,True,False,,0,2580.0
12332,8/1/25,437.06,Van Wyck Expressway,T5,Staff,False,False,,0,480.0
12333,8/1/25,437.06,Van Wyck Expressway,T5,Business,False,False,,0,360.0
12334,8/1/25,437.15,Van Wyck Expressway,T4,Vacationer,False,False,,0,3472.0
12335,8/1/25,437.26,Van Wyck Expressway,T1,Short-Term,False,False,,0,67.0
12336,8/1/25,437.31,Van Wyck Expressway,T8,Staff,False,False,,0,480.0
12337,8/1/25,437.31,Van Wyck Expressway,T8,Short-Term,False,False,,0,98.0
12338,8/1/25,437.33,Van Wyck Expressway,T1,Vacationer,True,False,,0,4056.0
12339,8/1/25,437.4,Van Wyck Expressway,T4,Short-Term,False,False,,0,33.0
12340,8/1/25,437.62,Van Wyck Expressway,T8,Short-Term,False,False,,0,32.0
12341,8/1/25,437.62,Van Wyck Expressway,T1,Short-Term,False,False,,0,40.0
12342,8/1/25,437.62,Van Wyck Expressway,T5,Vacationer,False,False,,0,1274.0
12343,8/1/25,437.7,Van Wyck Expressway,T5,Short-Term,False,False,,0,114.0
12344,8/1/25,437.91,Van Wyck Expressway,T1,Short-Term,True,False,,0,90.0
12345,8/1/25,437.93,Van Wyck Expressway,T8,Vacationer,False,False,,0,2540.0
12346,8/1/25,438.04,Van Wyck Expressway,T4,Staff,False,False,,0,480.0
12347,8/1/25,438.55,Van Wyck Expressway,T5,Staff,False,False,,0,480.0
12348,8/1/25,438.64,Van Wyck Expressway,T5,Vacationer,False,False,,0,1363.0
12349,8/1/25,438.82,Van Wyck Expressway,T8,Short-Term,False,False,,0,70.0
12350,8/1/25,438.83,Van Wyck Expressway,T4,Short-Term,False,False,,0,113.0
12351,8/1/25,438.93,Van Wyck Expressway,T4,Vacationer,False,False,,0,1673.0
12352,8/1/25,439.09,Van Wyck Expressway,T8,Short-Term,False,False,,0,81.0
12353,8/1/25,439.13,Van Wyck Expressway,T4,Short-Term,False,False,,0,61.0
12354,8/1/25,439.42,Van Wyck Expressway,T4,Short-Term,False,False,,0,75.0
12355,8/1/25,439.44,Van Wyck Expressway,T1,Short-Term,False,False,,0,39.0
12356,8/1/25,439.68,Van Wyck Expressway,T5,Short-Term,False,False,,0,33.0
12357,8/1/25,439.71,Van Wyck Expressway,T5,Short-Term,False,False,,0,116.0
12358,8/1/25,439.73,Van Wyck Expressway,T5,Short-Term,False,False,,0,76.0
12359,8/1/25,439.9,Van Wyck Expressway,T1,Vacationer,False,False,,0,2937.0
12360,8/1/25,439.9,Van Wyck Expressway,T4,Vacationer,False,False,,0,1640.0
12361,8/1/25,439.93,Van Wyck Expressway,T1,Short-Term,False,False,,0,53.0
12362,8/1/25,439.93,Van Wyck Expressway,T1,Business,False,False,,0,282.0
12363,8/1/25,440.1,Van Wyck Expressway,T1,Staff,False,False,,0,480.0
12364,8/1/25,440.1,Van Wyck Expressway,T8,Vacationer,False,False,,0,2004.0
12365,8/1/25,440.13,Van Wyck Expressway,T8,Short-Term,False,False,,0,86.0
12366,8/1/25,440.14,Van Wyck Expressway,T1,Vacationer,False,False,,0,3577.0
12367,8/1/25,440.27,Van Wyck Expressway,T5,Business,False,False,,0,388.0
12368,8/1/25,440.28,Van Wyck Expressway,T5,Short-Term,True,False,,0,53.0
12369,8/1/25,440.37,Van Wyck Expressway,T1,Short-Term,False,False,,0,78.0
12370,8/1/25,440.54,Van Wyck Expressway,T5,Short-Term,False,False,,0,35.0
12371,8/1/25,440.63,Van Wyck Expressway,T8,Vacationer,False,False,,0,2087.0
12372,8/1/25,440.99,Van Wyck Expressway,T1,Short-Term,False,False,,0,63.0
12373,8/1/25,441.04,Van Wyck Expressway,T8,Vacationer,False,False,,0,2134.0
12374,8/1/25,441.15,Van Wyck Expressway,T5,Vacationer,True,False,,0,1160.0
12375,8/1/25,441.18,Van Wyck Expressway,T4,Business,False,False,,0,468.0
12376,8/1/25,441.24,Van Wyck Expressway,T1,Short-Term,False,False,,0,104.0
12377,8/1/25,441.4,Van Wyck Expressway,T1,Short-Term,False,False,,0,104.0
12378,8/1/25,441.93,Van Wyck Expressway,T5,Short-Term,False,False,,0,74.0
12379,8/1/25,442.01,Van Wyck Expressway,T8,Short-Term,False,False,,0,91.0
12380,8/1/25,442.13,Van Wyck Expressway,T4,Short-Term,False,False,,0,57.0
12381,8/1/25,442.18,Van Wyck Expressway,T5,Short-Term,False,False,,0,68.0
12382,8/1/25,442.2,Van Wyck Expressway,T1,Short-Term,False,False,,0,53.0
12383,8/1/25,442.74,Van Wyck Expressway,T5,Short-Term,True,False,,0,102.0
12384,8/1/25,442.84,Van Wyck Expressway,T8,Business,True,False,,0,172.0
12385,8/1/25,442.9,Van Wyck Expressway,T5,Short-Term,False,False,,0,76.0
12386,8/1/25,443.24,Van Wyck Expressway,T1,Short-Term,False,False,,0,38.0
12387,8/1/25,443.29,Van Wyck Expressway,T8,Short-Term,False,False,,0,63.0
12388,8/1/25,443.45,Van Wyck Expressway,T8,Business,False,False,,0,406.0
12389,8/1/25,443.5,Van Wyck Expressway,T5,Vacationer,False,False,,0,1569.0
12390,8/1/25,443.53,Van Wyck Expressway,T8,Staff,False,False,,0,480.0
12391,8/1/25,443.57,Van Wyck Expressway,T5,Staff,False,False,,0,480.0
12392,8/1/25,443.59,Van Wyck Expressway,T8,Staff,False,False,,0,480.0
12393,8/1/25,443.66,Van Wyck Expressway,T1,Business,False,False,,0,124.0
12394,8/1/25,443.68,Van Wyck Expressway,T4,Vacationer,False,False,,0,476.0
12395,8/1/25,444.05,Van Wyck Expressway,T8,Business,False,False,,0,183.0
12396,8/1/25,444.12,Van Wyck Expressway,T8,Business,False,False,,0,322.0
12397,8/1/25,444.17,Van Wyck Expressway,T5,Short-Term,False,False,,0,40.0
12398,8/1/25,444.37,Van Wyck Expressway,T5,Short-Term,False,False,,0,96.0
12399,8/1/25,444.39,Van Wyck Expressway,T4,Short-Term,False,False,,0,78.0
12400,8/1/25,444.42,Van Wyck Expressway,T4,Short-Term,False,False,,0,39.0
12401,8/1/25,444.5,Van Wyck Expressway,T5,Staff,False,False,,0,480.0
12402,8/1/25,444.61,Van Wyck Expressway,T5,Business,False,False,,0,335.0
12403,8/1/25,444.63,Van Wyck Expressway,T4,Vacationer,True,False,,0,2478.0
12404,8/1/25,444.74,Van Wyck Expressway,T5,Business,False,False,,0,465.0
12405,8/1/25,444.77,Van Wyck Expressway,T5,Staff,False,False,,0,480.0
12406,8/1/25,444.78,Van Wyck Expressway,T5,Vacationer,False,False,,0,997.0
12407,8/1/25,444.84,Van Wyck Expressway,T5,Vacationer,False,False,,0,3320.0
12408,8/1/25,444.85,Van Wyck Expressway,T1,Short-Term,False,False,,0,78.0
12409,8/1/25,444.89,Van Wyck Expressway,T8,Staff,False,False,,0,480.0
12410,8/1/25,445.04,Van Wyck Expressway,T4,Business,True,False,,0,347.0
12411,8/1/25,445.22,Van Wyck Expressway,T4,Short-Term,False,False,,0,45.0
12412,8/1/25,445.23,Van Wyck Expressway,T5,Business,False,False,,0,411.0
12413,8/1/25,445.23,Van Wyck Expressway,T5,Short-Term,False,False,,0,119.0
12414,8/1/25,445.39,Van Wyck Expressway,T8,Short-Term,False,False,,0,117.0
12415,8/1/25,445.41,Van Wyck Expressway,T8,Vacationer,False,False,,0,2230.0
12416,8/1/25,445.45,Van Wyck Expressway,T8,Business,False,False,,0,405.0
12417,8/1/25,445.49,Van Wyck Expressway,T1,Vacationer,False,False,,0,1498.0
12418,8/1/25,445.6,Van Wyck Expressway,T5,Short-Term,False,False,,0,74.0
12419,8/1/25,445.62,Van Wyck Expressway,T1,Vacationer,False,False,,0,3071.0
12420,8/1/25,445.63,Van Wyck Expressway,T5,Business,False,False,,0,385.0
12421,8/1/25,445.66,Van Wyck Expressway,T8,Vacationer,False,False,,0,3933.0
12422,8/1/25,445.69,Van Wyck Expressway,T5,Short-Term,False,False,,0,84.0
12423,8/1/25,445.8,Van Wyck Expressway,T4,Short-Term,False,False,,0,30.0
12424,8/1/25,445.88,Van Wyck Expressway,T8,Business,False,False,,0,395.0
12425,8/1/25,445.92,Van Wyck Expressway,T4,Staff,False,False,,0,480.0
12426,8/1/25,446.0,Van Wyck Expressway,T4,Vacationer,False,False,,0,1331.0
12427,8/1/25,446.13,Van Wyck Expressway,T4,Short-Term,False,False,,0,57.0
12428,8/1/25,446.14,Van Wyck Expressway,T8,Vacationer,False,False,,0,1812.0
12429,8/1/25,446.18,Van Wyck Expressway,T4,Business,False,False,,0,207.0
12430,8/1/25,446.23,Van Wyck Expressway,T5,Vacationer,False,False,,0,3413.0
12431,8/1/25,446.41,Van Wyck Expressway,T8,Short-Term,True,False,,0,117.0
12432,8/1/25,446.62,Van Wyck Expressway,T8,Business,False,False,,0,190.0
12433,8/1/25,446.88,Van Wyck Expressway,T1,Business,False,False,,0,335.0
12434,8/1/25,446.99,Van Wyck Expressway,T5,Business,False,False,,0,255.0
12435,8/1/25,447.05,Van Wyck Expressway,T4,Business,False,False,,0,276.0
12436,8/1/25,447.13,Van Wyck Expressway,T4,Vacationer,False,False,,0,4045.0
12437,8/1/25,447.42,Van Wyck Expressway,T8,Short-Term,True,False,,0,93.0
12438,8/1/25,447.48,Van Wyck Expressway,T4,Short-Term,False,False,,0,74.0
12439,8/1/25,447.48,Van Wyck Expressway,T8,Short-Term,True,False,,0,75.0
12440,8/1/25,447.5,Van Wyck Expressway,T5,Short-Term,False,False,,0,54.0
12441,8/1/25,447.71,Van Wyck Expressway,T4,Staff,False,False,,0,480.0
12442,8/1/25,447.75,Van Wyck Expressway,T8,Business,False,False,,0,210.0
12443,8/1/25,447.92,Van Wyck Expressway,T1,Business,False,False,,0,180.0
12444,8/1/25,447.93,Van Wyck Expressway,T8,Business,False,False,,0,480.0
12445,8/1/25,447.93,Van Wyck Expressway,T5,Vacationer,False,False,,0,4263.0
12446,8/1/25,447.96,Van Wyck Expressway,T4,Short-Term,True,False,,0,68.0
12447,8/1/25,447.97,Van Wyck Expressway,T1,Staff,False,False,,0,480.0
12448,8/1/25,448.01,Van Wyck Expressway,T5,Short-Term,False,False,,0,51.0
12449,8/1/25,448.05,Van Wyck Expressway,T8,Short-Term,False,False,,0,118.0
12450,8/1/25,448.06,Van Wyck Expressway,T4,Business,False,False,,0,275.0
12451,8/1/25,448.16,Van Wyck Expressway,T1,Short-Term,False,False,,0,31.0
12452,8/1/25,448.2,Van Wyck Expressway,T4,Short-Term,False,False,,0,32.0
12453,8/1/25,448.31,Van Wyck Expressway,T5,Staff,True,False,,0,480.0
12454,8/1/25,448.58,Van Wyck Expressway,T1,Business,False,False,,0,301.0
12455,8/1/25,448.64,Van Wyck Expressway,T1,Short-Term,False,False,,0,36.0
12456,8/1/25,448.75,Van Wyck Expressway,T4,Staff,True,False,,0,480.0
12457,8/1/25,448.75,Van Wyck Expressway,T5,Short-Term,False,False,,0,75.0
12458,8/1/25,448.84,Van Wyck Expressway,T8,Staff,False,False,,0,480.0
12459,8/1/25,448.91,Van Wyck Expressway,T4,Short-Term,False,False,,0,108.0
12460,8/1/25,448.93,Van Wyck Expressway,T4,Staff,False,False,,0,480.0
12461,8/1/25,449.0,Van Wyck Expressway,T4,Business,False,False,,0,396.0
12462,8/1/25,449.12,Van Wyck Expressway,T5,Vacationer,False,False,,0,1191.0
12463,8/1/25,449.29,Van Wyck Expressway,T5,Business,False,False,,0,239.0
12464,8/1/25,449.4,Van Wyck Expressway,T8,Short-Term,True,False,,0,86.0
12465,8/1/25,449.59,Van Wyck Expressway,T8,Short-Term,False,False,,0,45.0
12466,8/1/25,449.67,Van Wyck Expressway,T8,Vacationer,False,False,,0,1287.0
12467,8/1/25,449.69,Van Wyck Expressway,T4,Vacationer,True,False,,0,2746.0
12468,8/1/25,449.81,Van Wyck Expressway,T8,Vacationer,False,False,,0,1133.0
12469,8/1/25,449.93,Van Wyck Expressway,T4,Business,False,False,,0,379.0
12470,8/1/25,450.08,Van Wyck Expressway,T4,Vacationer,True,False,,0,3497.0
12471,8/1/25,450.08,Van Wyck Expressway,T4,Short-Term,False,False,,0,43.0
12472,8/1/25,450.22,Van Wyck Expressway,T4,Short-Term,False,False,,0,82.0
12473,8/1/25,450.23,Van Wyck Expressway,T8,Staff,True,False,,0,480.0
12474,8/1/25,450.26,Van Wyck Expressway,T8,Vacationer,False,False,,0,2754.0
12475,8/1/25,450.3,Van Wyck Expressway,T4,Business,False,False,,0,214.0
12476,8/1/25,450.33,Van Wyck Expressway,T4,Vacationer,False,False,,0,1036.0
12477,8/1/25,450.42,Van Wyck Expressway,T1,Short-Term,False,False,,0,68.0
12478,8/1/25,450.66,Van Wyck Expressway,T1,Staff,False,False,,0,480.0
12479,8/1/25,451.02,Van Wyck Expressway,T5,Short-Term,False,False,,0,73.0
12480,8/1/25,451.08,Van Wyck Expressway,T8,Staff,False,False,,0,480.0
12481,8/1/25,451.24,Van Wyck Expressway,T1,Short-Term,False,False,,0,46.0
12482,8/1/25,451.53,Van Wyck Expressway,T1,Vacationer,False,False,,0,863.0
12483,8/1/25,451.54,Van Wyck Expressway,T8,Short-Term,False,False,,0,59.0
12484,8/1/25,451.55,Van Wyck Expressway,T1,Staff,False,False,,0,480.0
12485,8/1/25,451.59,Van Wyck Expressway,T1,Vacationer,False,False,,0,4094.0
12486,8/1/25,451.6,Van Wyck Expressway,T4,Business,False,False,,0,414.0
12487,8/1/25,451.69,Van Wyck Expressway,T1,Business,False,False,,0,137.0
12488,8/1/25,451.75,Van Wyck Expressway,T8,Short-Term,False,False,,0,47.0
12489,8/1/25,451.79,Van Wyck Expressway,T1,Short-Term,False,False,,0,76.0
12490,8/1/25,451.87,Van Wyck Expressway,T1,Short-Term,False,False,,0,49.0
12491,8/1/25,452.34,Van Wyck Expressway,T4,Business,False,False,,0,296.0
12492,8/1/25,452.77,Van Wyck Expressway,T8,Business,False,False,,0,432.0
12493,8/1/25,453.01,Van Wyck Expressway,T8,Short-Term,False,False,,0,45.0
12494,8/1/25,453.1,Van Wyck Expressway,T4,Vacationer,False,False,,0,4004.0
12495,8/1/25,453.16,Van Wyck Expressway,T5,Business,False,False,,0,412.0
12496,8/1/25,453.19,Van Wyck Expressway,T8,Staff,False,False,,0,480.0
12497,8/1/25,453.31,Van Wyck Expressway,T8,Short-Term,False,False,,0,93.0
12498,8/1/25,453.41,Van Wyck Expressway,T4,Business,False,False,,0,424.0
12499,8/1/25,453.41,Van Wyck Expressway,T5,Vacationer,False,False,,0,2178.0
12500,8/1/25,453.7,Van Wyck Expressway,T8,Vacationer,False,False,,0,4099.0
12501,8/1/25,453.76,Van Wyck Expressway,T1,Staff,False,False,,0,480.0
12502,8/1/25,453.8,Van Wyck Expressway,T1,Business,False,False,,0,276.0
12503,8/1/25,454.03,Van Wyck Expressway,T1,Business,False,False,,0,424.0
12504,8/1/25,454.19,Van Wyck Expressway,T4,Staff,False,False,,0,480.0
12505,8/1/25,454.24,Van Wyck Expressway,T5,Vacationer,False,False,,0,4031.0
12506,8/1/25,454.46,Van Wyck Expressway,T4,Vacationer,False,False,,0,3219.0
12507,8/1/25,454.78,Van Wyck Expressway,T5,Business,False,False,,0,287.0
12508,8/1/25,454.88,Van Wyck Expressway,T5,Short-Term,False,False,,0,85.0
12509,8/1/25,454.9,Van Wyck Expressway,T1,Short-Term,True,False,,0,113.0
12510,8/1/25,455.22,Van Wyck Expressway,T1,Business,False,False,,0,284.0
12511,8/1/25,455.28,Van Wyck Expressway,T1,Short-Term,False,False,,0,41.0
12512,8/1/25,455.28,Van Wyck Expressway,T5,Vacationer,False,False,,0,1707.0
12513,8/1/25,455.33,Van Wyck Expressway,T5,Short-Term,False,False,,0,61.0
12514,8/1/25,455.49,Van Wyck Expressway,T5,Short-Term,False,False,,0,56.0
12515,8/1/25,455.55,Van Wyck Expressway,T4,Short-Term,False,False,,0,57.0
12516,8/1/25,455.74,Van Wyck Expressway,T1,Short-Term,True,False,,0,73.0
12517,8/1/25,455.76,Van Wyck Expressway,T8,Vacationer,False,False,,0,4188.0
12518,8/1/25,455.77,Van Wyck Expressway,T5,Short-Term,False,False,,0,76.0
12519,8/1/25,455.81,Van Wyck Expressway,T1,Short-Term,False,False,,0,55.0
12520,8/1/25,455.99,Van Wyck Expressway,T4,Business,False,False,,0,458.0
12521,8/1/25,456.38,Van Wyck Expressway,T4,Short-Term,False,False,,0,77.0
12522,8/1/25,456.44,Van Wyck Expressway,T8,Short-Term,False,False,,0,43.0
12523,8/1/25,456.49,Van Wyck Expressway,T5,Short-Term,False,False,,0,119.0
12524,8/1/25,456.5,Van Wyck Expressway,T4,Staff,False,False,,0,480.0
12525,8/1/25,456.54,Van Wyck Expressway,T1,Business,True,False,,0,210.0
12526,8/1/25,456.56,Van Wyck Expressway,T8,Short-Term,False,False,,0,100.0
12527,8/1/25,456.57,Van Wyck Expressway,T1,Short-Term,False,False,,0,76.0
12528,8/1/25,456.69,Van Wyck Expressway,T1,Short-Term,False,False,,0,31.0
12529,8/1/25,456.9,Van Wyck Expressway,T1,Business,False,False,,0,241.0
12530,8/1/25,456.92,Van Wyck Expressway,T5,Vacationer,False,False,,0,1630.0
12531,8/1/25,456.95,Van Wyck Expressway,T1,Short-Term,False,False,,0,52.0
12532,8/1/25,457.07,Van Wyck Expressway,T5,Business,False,False,,0,130.0
12533,8/1/25,457.1,Van Wyck Expressway,T1,Business,False,False,,0,381.0
12534,8/1/25,457.17,Van Wyck Expressway,T1,Short-Term,False,False,,0,70.0
12535,8/1/25,457.19,Van Wyck Expressway,T1,Business,False,False,,0,251.0
12536,8/1/25,457.2,Van Wyck Expressway,T1,Business,False,False,,0,195.0
12537,8/1/25,457.46,Van Wyck Expressway,T4,Short-Term,False,False,,0,113.0
12538,8/1/25,457.53,Van Wyck Expressway,T5,Business,False,False,,0,293.0
12539,8/1/25,457.71,Van Wyck Expressway,T4,Short-Term,False,False,,0,85.0
12540,8/1/25,457.85,Van Wyck Expressway,T8,Vacationer,False,False,,0,3493.0
12541,8/1/25,457.9,Van Wyck Expressway,T1,Short-Term,False,False,,0,89.0
12542,8/1/25,458.2,Van Wyck Expressway,T1,Short-Term,False,False,,0,45.0
12543,8/1/25,458.3,Van Wyck Expressway,T5,Staff,False,False,,0,480.0
12544,8/1/25,458.34,Van Wyck Expressway,T5,Short-Term,False,False,,0,68.0
12545,8/1/25,458.37,Van Wyck Expressway,T5,Business,False,False,,0,226.0
12546,8/1/25,458.39,Van Wyck Expressway,T8,Short-Term,True,False,,0,50.0
12547,8/1/25,458.46,Van Wyck Expressway,T8,Staff,False,False,,0,480.0
12548,8/1/25,458.48,Van Wyck Expressway,T8,Staff,False,False,,0,480.0
12549,8/1/25,458.68,Van Wyck Expressway,T5,Short-Term,False,False,,0,42.0
12550,8/1/25,458.72,Van Wyck Expressway,T4,Business,False,False,,0,234.0
12551,8/1/25,458.85,Van Wyck Expressway,T4,Staff,True,False,,0,480.0
12552,8/1/25,458.91,Van Wyck Expressway,T1,Business,False,False,,0,161.0
12553,8/1/25,459.19,Van Wyck Expressway,T4,Business,False,False,,0,348.0
12554,8/1/25,459.22,Van Wyck Expressway,T4,Business,False,False,,0,196.0
12555,8/1/25,459.29,Van Wyck Expressway,T4,Short-Term,False,False,,0,68.0
12556,8/1/25,459.49,Van Wyck Expressway,T5,Short-Term,False,False,,0,117.0
12557,8/1/25,459.86,Van Wyck Expressway,T8,Short-Term,False,False,,0,109.0
12558,8/1/25,459.91,Van Wyck Expressway,T5,Short-Term,True,False,,0,96.0
12559,8/1/25,460.01,Van Wyck Expressway,T5,Vacationer,False,False,,0,833.0
12560,8/1/25,460.05,Van Wyck Expressway,T5,Business,False,False,,0,227.0
12561,8/1/25,460.14,Van Wyck Expressway,T1,Short-Term,False,False,,0,57.0
12562,8/1/25,460.35,Van Wyck Expressway,T4,Vacationer,False,False,,0,666.0
12563,8/1/25,460.35,Van Wyck Expressway,T8,Business,False,False,,0,266.0
12564,8/1/25,460.37,Van Wyck Expressway,T8,Short-Term,False,False,,0,111.0
12565,8/1/25,460.39,Van Wyck Expressway,T4,Short-Term,False,False,,0,85.0
12566,8/1/25,460.41,Van Wyck Expressway,T4,Business,False,False,,0,288.0
12567,8/1/25,460.59,Van Wyck Expressway,T1,Business,False,False,,0,451.0
12568,8/1/25,460.74,Van Wyck Expressway,T8,Short-Term,False,False,,0,91.0
12569,8/1/25,460.76,Van Wyck Expressway,T5,Vacationer,False,False,,0,1585.0
12570,8/1/25,460.8,Van Wyck Expressway,T1,Vacationer,False,False,,0,455.0
12571,8/1/25,460.86,Van Wyck Expressway,T8,Vacationer,False,False,,0,2212.0
12572,8/1/25,461.0,Van Wyck Expressway,T5,Short-Term,False,False,,0,108.0
12573,8/1/25,461.08,Van Wyck Expressway,T4,Vacationer,True,False,,0,3221.0
12574,8/1/25,461.15,Van Wyck Expressway,T4,Short-Term,False,False,,0,70.0
12575,8/1/25,461.4,Van Wyck Expressway,T5,Business,False,False,,0,450.0
12576,8/1/25,461.59,Van Wyck Expressway,T1,Short-Term,False,False,,0,85.0
12577,8/1/25,461.62,Van Wyck Expressway,T1,Vacationer,False,False,,0,2905.0
12578,8/1/25,461.65,Van Wyck Expressway,T5,Business,True,False,,0,312.0
12579,8/1/25,461.66,Van Wyck Expressway,T8,Vacationer,False,False,,0,1656.0
12580,8/1/25,461.75,Van Wyck Expressway,T4,Business,False,False,,0,433.0
12581,8/1/25,461.88,Van Wyck Expressway,T5,Business,True,False,,0,206.0
12582,8/1/25,462.12,Van Wyck Expressway,T8,Business,False,False,,0,434.0
12583,8/1/25,462.28,Van Wyck Expressway,T5,Short-Term,False,False,,0,110.0
12584,8/1/25,462.57,Van Wyck Expressway,T4,Short-Term,False,False,,0,34.0
12585,8/1/25,463.05,Van Wyck Expressway,T4,Business,False,False,,0,345.0
12586,8/1/25,463.23,Van Wyck Expressway,T5,Short-Term,False,False,,0,35.0
12587,8/1/25,463.3,Van Wyck Expressway,T5,Vacationer,False,False,,0,1472.0
12588,8/1/25,463.33,Van Wyck Expressway,T4,Short-Term,False,False,,0,110.0
12589,8/1/25,463.58,Van Wyck Expressway,T8,Vacationer,False,False,,0,1124.0
12590,8/1/25,463.68,Van Wyck Expressway,T4,Short-Term,False,False,,0,102.0
12591,8/1/25,463.75,Van Wyck Expressway,T5,Vacationer,False,False,,0,666.0
12592,8/1/25,463.76,Van Wyck Expressway,T5,Short-Term,False,False,,0,42.0
12593,8/1/25,463.88,Van Wyck Expressway,T5,Short-Term,False,False,,0,98.0
12594,8/1/25,463.92,Van Wyck Expressway,T4,Staff,False,False,,0,480.0
12595,8/1/25,464.03,Van Wyck Expressway,T1,Short-Term,False,False,,0,72.0
12596,8/1/25,464.06,Van Wyck Expressway,T4,Staff,True,False,,0,480.0
12597,8/1/25,464.14,Van Wyck Expressway,T1,Short-Term,False,False,,0,53.0
12598,8/1/25,464.24,Van Wyck Expressway,T8,Vacationer,True,False,,0,1658.0
12599,8/1/25,464.35,Van Wyck Expressway,T5,Business,False,False,,0,146.0
12600,8/1/25,464.38,Van Wyck Expressway,T8,Business,False,False,,0,307.0
12601,8/1/25,464.57,Van Wyck Expressway,T5,Vacationer,False,False,,0,3860.0
12602,8/1/25,464.58,Van Wyck Expressway,T5,Business,False,False,,0,278.0
12603,8/1/25,464.61,Van Wyck Expressway,T8,Staff,False,False,,0,480.0
12604,8/1/25,464.8,Van Wyck Expressway,T5,Business,False,False,,0,237.0
12605,8/1/25,464.83,Van Wyck Expressway,T1,Short-Term,False,False,,0,66.0
12606,8/1/25,464.97,Van Wyck Expressway,T4,Vacationer,True,False,,0,2866.0
12607,8/1/25,465.02,Van Wyck Expressway,T5,Short-Term,False,False,,0,81.0
12608,8/1/25,465.07,Van Wyck Expressway,T4,Business,False,False,,0,356.0
12609,8/1/25,465.35,Van Wyck Expressway,T5,Business,False,False,,0,366.0
12610,8/1/25,465.39,Van Wyck Expressway,T4,Short-Term,False,False,,0,35.0
12611,8/1/25,465.43,Van Wyck Expressway,T4,Short-Term,False,False,,0,71.0
12612,8/1/25,465.47,Van Wyck Expressway,T5,Business,False,False,,0,192.0
12613,8/1/25,465.57,Van Wyck Expressway,T5,Short-Term,False,False,,0,119.0
12614,8/1/25,465.62,Van Wyck Expressway,T4,Vacationer,False,False,,0,1165.0
12615,8/1/25,465.67,Van Wyck Expressway,T8,Short-Term,False,False,,0,79.0
12616,8/1/25,465.72,Van Wyck Expressway,T1,Short-Term,False,False,,0,100.0
12617,8/1/25,465.79,Van Wyck Expressway,T4,Business,False,False,,0,414.0
12618,8/1/25,465.82,Van Wyck Expressway,T4,Short-Term,False,False,,0,111.0
12619,8/1/25,465.91,Van Wyck Expressway,T8,Short-Term,False,False,,0,67.0
12620,8/1/25,466.1,Van Wyck Expressway,T5,Business,False,False,,0,398.0
12621,8/1/25,466.14,Van Wyck Expressway,T5,Business,False,False,,0,262.0
12622,8/1/25,466.31,Van Wyck Expressway,T5,Short-Term,False,False,,0,62.0
12623,8/1/25,466.53,Van Wyck Expressway,T1,Business,False,False,,0,470.0
12624,8/1/25,466.63,Van Wyck Expressway,T5,Short-Term,False,False,,0,75.0
12625,8/1/25,466.63,Van Wyck Expressway,T1,Business,False,False,,0,226.0
12626,8/1/25,466.64,Van Wyck Expressway,T5,Short-Term,False,False,,0,39.0
12627,8/1/25,466.64,Van Wyck Expressway,T8,Vacationer,True,False,,0,2815.0
12628,8/1/25,466.66,Van Wyck Expressway,T5,Vacationer,False,False,,0,3054.0
12629,8/1/25,466.7,Van Wyck Expressway,T8,Short-Term,False,False,,0,91.0
12630,8/1/25,466.77,Van Wyck Expressway,T4,Short-Term,False,False,,0,110.0
12631,8/1/25,466.78,Van Wyck Expressway,T1,Business,False,False,,0,421.0
12632,8/1/25,467.0,Van Wyck Expressway,T1,Business,True,False,,0,291.0
12633,8/1/25,467.04,Van Wyck Expressway,T4,Short-Term,False,False,,0,72.0
12634,8/1/25,467.12,Van Wyck Expressway,T1,Staff,False,False,,0,480.0
12635,8/1/25,467.44,Van Wyck Expressway,T1,Short-Term,False,False,,0,109.0
12636,8/1/25,467.59,Van Wyck Expressway,T1,Business,False,False,,0,223.0
12637,8/1/25,467.66,Van Wyck Expressway,T4,Short-Term,False,False,,0,108.0
12638,8/1/25,467.69,Van Wyck Expressway,T8,Business,False,False,,0,384.0
12639,8/1/25,467.88,Van Wyck Expressway,T1,Short-Term,False,False,,0,78.0
12640,8/1/25,468.48,Van Wyck Expressway,T8,Short-Term,False,False,,0,84.0
12641,8/1/25,468.51,Van Wyck Expressway,T1,Short-Term,False,False,,0,86.0
12642,8/1/25,468.55,Van Wyck Expressway,T5,Short-Term,False,False,,0,72.0
12643,8/1/25,468.62,Van Wyck Expressway,T4,Short-Term,False,False,,0,97.0
12644,8/1/25,468.87,Van Wyck Expressway,T5,Short-Term,False,False,,0,91.0
12645,8/1/25,468.94,Van Wyck Expressway,T4,Staff,False,False,,0,480.0
12646,8/1/25,469.62,Van Wyck Expressway,T8,Vacationer,False,False,,0,2754.0
12647,8/1/25,469.62,Van Wyck Expressway,T5,Vacationer,False,False,,0,4107.0
12648,8/1/25,469.66,Van Wyck Expressway,T5,Business,True,False,,0,367.0
12649,8/1/25,469.72,Van Wyck Expressway,T8,Short-Term,True,False,,0,99.0
12650,8/1/25,469.73,Van Wyck Expressway,T1,Short-Term,False,False,,0,55.0
12651,8/1/25,469.89,Van Wyck Expressway,T1,Vacationer,False,False,,0,1828.0
12652,8/1/25,469.92,Van Wyck Expressway,T4,Short-Term,False,False,,0,100.0
12653,8/1/25,470.18,Van Wyck Expressway,T1,Business,False,False,,0,157.0
12654,8/1/25,470.25,Van Wyck Expressway,T8,Short-Term,True,False,,0,52.0
12655,8/1/25,470.42,Van Wyck Expressway,T8,Short-Term,False,False,,0,35.0
12656,8/1/25,470.59,Van Wyck Expressway,T1,Short-Term,False,False,,0,53.0
12657,8/1/25,470.61,Van Wyck Expressway,T5,Business,False,False,,0,139.0
12658,8/1/25,470.72,Van Wyck Expressway,T4,Vacationer,False,False,,0,2874.0
12659,8/1/25,470.79,Van Wyck Expressway,T1,Short-Term,False,False,,0,106.0
12660,8/1/25,470.8,Van Wyck Expressway,T4,Business,False,False,,0,404.0
12661,8/1/25,471.22,Van Wyck Expressway,T4,Business,False,False,,0,442.0
12662,8/1/25,471.27,Van Wyck Expressway,T4,Business,False,False,,0,171.0
12663,8/1/25,471.28,Van Wyck Expressway,T4,Staff,False,False,,0,480.0
12664,8/1/25,471.28,Van Wyck Expressway,T8,Short-Term,False,False,,0,99.0
12665,8/1/25,471.38,Van Wyck Expressway,T4,Business,True,False,,0,352.0
12666,8/1/25,471.52,Van Wyck Expressway,T4,Business,False,False,,0,453.0
12667,8/1/25,471.61,Van Wyck Expressway,T1,Short-Term,False,False,,0,118.0
12668,8/1/25,471.63,Van Wyck Expressway,T8,Short-Term,False,False,,0,68.0
12669,8/1/25,471.65,Van Wyck Expressway,T5,Short-Term,False,False,,0,108.0
12670,8/1/25,471.75,Van Wyck Expressway,T4,Vacationer,False,False,,0,3661.0
12671,8/1/25,471.8,Van Wyck Expressway,T1,Short-Term,False,False,,0,66.0
12672,8/1/25,471.89,Van Wyck Expressway,T4,Vacationer,False,False,,0,2401.0
12673,8/1/25,471.96,Van Wyck Expressway,T4,Short-Term,False,False,,0,33.0
12674,8/1/25,472.0,Van Wyck Expressway,T4,Business,False,False,,0,244.0
12675,8/1/25,472.07,Van Wyck Expressway,T4,Short-Term,False,False,,0,81.0
12676,8/1/25,472.24,Van Wyck Expressway,T1,Vacationer,False,False,,0,2201.0
12677,8/1/25,472.27,Van Wyck Expressway,T1,Short-Term,False,False,,0,69.0
12678,8/1/25,472.4,Van Wyck Expressway,T8,Vacationer,False,False,,0,2249.0
12679,8/1/25,472.41,Van Wyck Expressway,T8,Vacationer,True,False,,0,524.0
12680,8/1/25,472.46,Van Wyck Expressway,T8,Business,False,False,,0,400.0
12681,8/1/25,472.71,Van Wyck Expressway,T1,Business,False,False,,0,356.0
12682,8/1/25,472.79,Van Wyck Expressway,T1,Short-Term,False,False,,0,103.0
12683,8/1/25,472.85,Van Wyck Expressway,T8,Business,False,False,,0,247.0
12684,8/1/25,472.97,Van Wyck Expressway,T1,Staff,False,False,,0,480.0
12685,8/1/25,473.07,Van Wyck Expressway,T5,Staff,False,False,,0,480.0
12686,8/1/25,473.31,Van Wyck Expressway,T1,Business,False,False,,0,360.0
12687,8/1/25,473.34,Van Wyck Expressway,T1,Short-Term,False,False,,0,31.0
12688,8/1/25,473.62,Van Wyck Expressway,T4,Business,False,False,,0,287.0
12689,8/1/25,473.63,Van Wyck Expressway,T4,Business,False,False,,0,342.0
12690,8/1/25,473.67,Van Wyck Expressway,T5,Business,False,False,,0,375.0
12691,8/1/25,473.77,Van Wyck Expressway,T5,Short-Term,False,False,,0,104.0
12692,8/1/25,473.94,Van Wyck Expressway,T1,Vacationer,False,False,,0,3050.0
12693,8/1/25,473.95,Van Wyck Expressway,T5,Short-Term,True,False,,0,98.0
12694,8/1/25,473.97,Van Wyck Expressway,T5,Short-Term,False,False,,0,63.0
12695,8/1/25,474.05,Van Wyck Expressway,T4,Vacationer,False,False,,0,3662.0
12696,8/1/25,474.06,Van Wyck Expressway,T8,Short-Term,True,False,,0,95.0
12697,8/1/25,474.11,Van Wyck Expressway,T5,Business,False,False,,0,469.0
12698,8/1/25,474.12,Van Wyck Expressway,T8,Short-Term,False,False,,0,85.0
12699,8/1/25,474.3,Van Wyck Expressway,T5,Business,True,False,,0,410.0
12700,8/1/25,474.33,Van Wyck Expressway,T4,Business,False,False,,0,425.0
12701,8/1/25,474.61,Van Wyck Expressway,T5,Business,False,False,,0,279.0
12702,8/1/25,474.91,Van Wyck Expressway,T5,Business,False,False,,0,155.0
12703,8/1/25,474.98,Van Wyck Expressway,T5,Business,False,False,,0,359.0
12704,8/1/25,475.17,Van Wyck Expressway,T8,Short-Term,False,False,,0,110.0
12705,8/1/25,475.22,Van Wyck Expressway,T1,Short-Term,False,False,,0,112.0
12706,8/1/25,475.26,Van Wyck Expressway,T8,Short-Term,True,False,,0,43.0
12707,8/1/25,475.33,Van Wyck Expressway,T5,Vacationer,False,False,,0,986.0
12708,8/1/25,475.71,Van Wyck Expressway,T4,Short-Term,False,False,,0,31.0
12709,8/1/25,475.86,Van Wyck Expressway,T8,Short-Term,False,False,,0,68.0
12710,8/1/25,475.89,Van Wyck Expressway,T8,Vacationer,False,False,,0,1625.0
12711,8/1/25,475.93,Van Wyck Expressway,T4,Business,False,False,,0,323.0
12712,8/1/25,475.99,Van Wyck Expressway,T8,Short-Term,False,False,,0,95.0
12713,8/1/25,476.21,Van Wyck Expressway,T1,Business,False,False,,0,464.0
12714,8/1/25,476.32,Van Wyck Expressway,T1,Vacationer,False,False,,0,3469.0
12715,8/1/25,476.33,Van Wyck Expressway,T5,Staff,False,False,,0,480.0
12716,8/1/25,476.65,Van Wyck Expressway,T8,Business,False,False,,0,262.0
12717,8/1/25,476.67,Van Wyck Expressway,T1,Business,False,False,,0,416.0
12718,8/1/25,476.77,Van Wyck Expressway,T1,Business,False,False,,0,407.0
12719,8/1/25,476.78,Van Wyck Expressway,T5,Business,False,False,,0,447.0
12720,8/1/25,476.89,Van Wyck Expressway,T5,Staff,False,False,,0,480.0
12721,8/1/25,477.04,Van Wyck Expressway,T5,Short-Term,False,False,,0,55.0
12722,8/1/25,477.11,Van Wyck Expressway,T8,Business,False,False,,0,423.0
12723,8/1/25,477.12,Van Wyck Expressway,T1,Short-Term,False,False,,0,81.0
12724,8/1/25,477.13,Van Wyck Expressway,T5,Short-Term,True,False,,0,90.0
12725,8/1/25,477.18,Van Wyck Expressway,T5,Short-Term,False,False,,0,102.0
12726,8/1/25,477.48,Van Wyck Expressway,T4,Vacationer,False,False,,0,3761.0
12727,8/1/25,477.48,Van Wyck Expressway,T5,Vacationer,False,False,,0,3471.0
12728,8/1/25,477.63,Van Wyck Expressway,T8,Vacationer,False,False,,0,4125.0
12729,8/1/25,477.64,Van Wyck Expressway,T5,Vacationer,False,False,,0,3620.0
12730,8/1/25,477.83,Van Wyck Expressway,T5,Short-Term,True,False,,0,53.0
12731,8/1/25,477.84,Van Wyck Expressway,T8,Staff,False,False,,0,480.0
12732,8/1/25,477.92,Van Wyck Expressway,T8,Business,False,False,,0,207.0
12733,8/1/25,478.01,Van Wyck Expressway,T5,Business,False,False,,0,457.0
12734,8/1/25,478.03,Van Wyck Expressway,T8,Short-Term,False,False,,0,41.0
12735,8/1/25,478.08,Van Wyck Expressway,T4,Short-Term,True,False,,0,53.0
12736,8/1/25,478.16,Van Wyck Expressway,T5,Business,False,False,,0,455.0
12737,8/1/25,478.22,Van Wyck Expressway,T1,Vacationer,False,False,,0,1160.0
12738,8/1/25,478.23,Van Wyck Expressway,T8,Business,False,False,,0,236.0
12739,8/1/25,478.28,Van Wyck Expressway,T1,Business,False,False,,0,260.0
12740,8/1/25,478.41,Van Wyck Expressway,T4,Short-Term,False,False,,0,86.0
12741,8/1/25,478.43,Van Wyck Expressway,T4,Short-Term,False,False,,0,91.0
12742,8/1/25,478.54,Van Wyck Expressway,T8,Short-Term,False,False,,0,55.0
12743,8/1/25,478.6,Van Wyck Expressway,T8,Short-Term,False,False,,0,97.0
12744,8/1/25,478.7,Van Wyck Expressway,T8,Short-Term,False,False,,0,60.0
12745,8/1/25,478.85,Van Wyck Expressway,T1,Business,False,False,,0,469.0
12746,8/1/25,478.86,Van Wyck Expressway,T5,Vacationer,False,False,,0,3783.0
12747,8/1/25,479.1,Van Wyck Expressway,T1,Short-Term,False,False,,0,92.0
12748,8/1/25,479.33,Van Wyck Expressway,T5,Short-Term,False,False,,0,77.0
12749,8/1/25,479.36,Van Wyck Expressway,T5,Short-Term,False,False,,0,101.0
12750,8/1/25,479.47,Van Wyck Expressway,T8,Short-Term,False,False,,0,56.0
12751,8/1/25,479.48,Van Wyck Expressway,T4,Short-Term,False,False,,0,70.0
12752,8/1/25,479.7,Van Wyck Expressway,T1,Short-Term,False,False,,0,64.0
12753,8/1/25,479.82,Van Wyck Expressway,T8,Vacationer,False,False,,0,2278.0
12754,8/1/25,479.84,Van Wyck Expressway,T4,Business,False,False,,0,336.0
12755,8/1/25,479.91,Van Wyck Expressway,T5,Short-Term,False,False,,0,86.0
12756,8/1/25,479.96,Van Wyck Expressway,T5,Business,False,False,,0,302.0
12757,8/1/25,480.05,Van Wyck Expressway,T5,Short-Term,True,False,,0,80.0
12758,8/1/25,480.16,Van Wyck Expressway,T8,Short-Term,False,False,,0,40.0
12759,8/1/25,480.17,Van Wyck Expressway,T4,Short-Term,True,False,,0,59.0
12760,8/1/25,480.17,Van Wyck Expressway,T1,Business,False,False,,0,413.0
12761,8/1/25,480.19,Van Wyck Expressway,T4,Business,False,False,,0,455.0
12762,8/1/25,480.19,Van Wyck Expressway,T8,Business,False,False,,0,211.0
12763,8/1/25,480.26,Van Wyck Expressway,T1,Short-Term,False,False,,0,62.0
12764,8/1/25,480.69,Van Wyck Expressway,T4,Short-Term,True,False,,0,72.0
12765,8/1/25,480.84,Van Wyck Expressway,T8,Business,False,False,,0,382.0
12766,8/1/25,481.14,Van Wyck Expressway,T8,Short-Term,False,False,,0,41.0
12767,8/1/25,481.14,Van Wyck Expressway,T4,Business,False,False,,0,393.0
12768,8/1/25,481.25,Van Wyck Expressway,T4,Business,False,False,,0,373.0
12769,8/1/25,481.32,Van Wyck Expressway,T1,Business,True,False,,0,437.0
12770,8/1/25,481.42,Van Wyck Expressway,T8,Vacationer,False,False,,0,946.0
12771,8/1/25,481.6,Van Wyck Expressway,T1,Short-Term,False,False,,0,48.0
12772,8/1/25,481.74,Van Wyck Expressway,T1,Vacationer,False,False,,0,703.0
12773,8/1/25,481.8,Van Wyck Expressway,T1,Business,True,False,,0,466.0
12774,8/1/25,481.99,Van Wyck Expressway,T5,Business,False,False,,0,201.0
12775,8/1/25,482.16,Van Wyck Expressway,T5,Business,False,False,,0,398.0
12776,8/1/25,482.4,Van Wyck Expressway,T4,Business,False,False,,0,447.0
12777,8/1/25,482.51,Van Wyck Expressway,T8,Business,False,False,,0,185.0
12778,8/1/25,482.55,Van Wyck Expressway,T8,Vacationer,False,False,,0,1944.0
12779,8/1/25,482.76,Van Wyck Expressway,T5,Business,False,False,,0,317.0
12780,8/1/25,482.8,Van Wyck Expressway,T5,Short-Term,False,False,,0,52.0
12781,8/1/25,482.88,Van Wyck Expressway,T8,Business,False,False,,0,385.0
12782,8/1/25,482.89,Van Wyck Expressway,T4,Short-Term,False,False,,0,114.0
12783,8/1/25,483.18,Van Wyck Expressway,T1,Vacationer,False,False,,0,3836.0
12784,8/1/25,483.54,Van Wyck Expressway,T4,Staff,False,False,,0,480.0
12785,8/1/25,483.68,Van Wyck Expressway,T1,Vacationer,False,False,,0,4033.0
12786,8/1/25,483.69,Van Wyck Expressway,T1,Business,False,False,,0,304.0
12787,8/1/25,483.87,Van Wyck Expressway,T8,Vacationer,False,False,,0,3608.0
12788,8/1/25,484.02,Van Wyck Expressway,T1,Business,False,False,,0,206.0
12789,8/1/25,484.04,Van Wyck Expressway,T8,Vacationer,False,False,,0,3522.0
12790,8/1/25,484.11,Van Wyck Expressway,T4,Business,False,False,,0,152.0
12791,8/1/25,484.12,Van Wyck Expressway,T4,Short-Term,False,False,,0,46.0
12792,8/1/25,484.12,Van Wyck Expressway,T4,Business,False,False,,0,229.0
12793,8/1/25,484.31,Van Wyck Expressway,T1,Vacationer,False,False,,0,1352.0
12794,8/1/25,484.52,Van Wyck Expressway,T4,Business,False,False,,0,193.0
12795,8/1/25,484.99,Van Wyck Expressway,T4,Short-Term,False,False,,0,76.0
12796,8/1/25,484.99,Van Wyck Expressway,T4,Staff,True,False,,0,480.0
12797,8/1/25,485.11,Van Wyck Expressway,T1,Short-Term,False,False,,0,106.0
12798,8/1/25,485.25,Van Wyck Expressway,T1,Short-Term,False,False,,0,38.0
12799,8/1/25,485.26,Van Wyck Expressway,T1,Short-Term,False,False,,0,88.0
12800,8/1/25,485.36,Van Wyck Expressway,T1,Short-Term,False,False,,0,110.0
12801,8/1/25,485.38,Van Wyck Expressway,T1,Short-Term,False,False,,0,66.0
12802,8/1/25,485.38,Van Wyck Expressway,T8,Staff,False,False,,0,480.0
12803,8/1/25,485.46,Van Wyck Expressway,T5,Business,False,False,,0,224.0
12804,8/1/25,485.48,Van Wyck Expressway,T1,Business,False,False,,0,215.0
12805,8/1/25,485.48,Van Wyck Expressway,T8,Short-Term,False,False,,0,52.0
12806,8/1/25,485.53,Van Wyck Expressway,T8,Staff,True,False,,0,480.0
12807,8/1/25,485.55,Van Wyck Expressway,T8,Short-Term,False,False,,0,55.0
12808,8/1/25,485.89,Van Wyck Expressway,T4,Vacationer,False,False,,0,2082.0
12809,8/1/25,485.91,Van Wyck Expressway,T8,Short-Term,False,False,,0,53.0
12810,8/1/25,486.2,Van Wyck Expressway,T4,Short-Term,False,False,,0,110.0
12811,8/1/25,486.2,Van Wyck Expressway,T8,Short-Term,False,False,,0,73.0
12812,8/1/25,486.31,Van Wyck Expressway,T4,Business,False,False,,0,434.0
12813,8/1/25,486.31,Van Wyck Expressway,T4,Vacationer,False,False,,0,1206.0
12814,8/1/25,486.34,Van Wyck Expressway,T5,Short-Term,True,False,,0,69.0
12815,8/1/25,486.44,Van Wyck Expressway,T8,Short-Term,True,False,,0,105.0
12816,8/1/25,486.5,Van Wyck Expressway,T5,Short-Term,False,False,,0,84.0
12817,8/1/25,486.61,Van Wyck Expressway,T1,Short-Term,False,False,,0,62.0
12818,8/1/25,486.73,Van Wyck Expressway,T8,Vacationer,False,False,,0,2793.0
12819,8/1/25,487.13,Van Wyck Expressway,T4,Vacationer,False,False,,0,2117.0
12820,8/1/25,487.36,Van Wyck Expressway,T1,Business,True,False,,0,241.0
12821,8/1/25,487.62,Van Wyck Expressway,T8,Vacationer,True,False,,0,4247.0
12822,8/1/25,487.66,Van Wyck Expressway,T8,Short-Term,False,False,,0,39.0
12823,8/1/25,487.67,Van Wyck Expressway,T1,Vacationer,False,False,,0,2024.0
12824,8/1/25,487.69,Van Wyck Expressway,T4,Short-Term,True,False,,0,41.0
12825,8/1/25,487.94,Van Wyck Expressway,T4,Business,False,False,,0,145.0
12826,8/1/25,488.21,Van Wyck Expressway,T1,Staff,False,False,,0,480.0
12827,8/1/25,488.36,Van Wyck Expressway,T4,Short-Term,False,False,,0,57.0
12828,8/1/25,488.67,Van Wyck Expressway,T1,Short-Term,True,False,,0,116.0
12829,8/1/25,488.96,Van Wyck Expressway,T5,Vacationer,False,False,,0,3932.0
12830,8/1/25,489.12,Van Wyck Expressway,T8,Short-Term,False,False,,0,47.0
12831,8/1/25,489.7,Van Wyck Expressway,T4,Short-Term,False,False,,0,86.0
12832,8/1/25,489.71,Van Wyck Expressway,T5,Business,True,False,,0,318.0
12833,8/1/25,489.74,Van Wyck Expressway,T4,Staff,False,False,,0,480.0
12834,8/1/25,489.95,Van Wyck Expressway,T1,Business,False,False,,0,217.0
12835,8/1/25,489.95,Van Wyck Expressway,T4,Business,False,False,,0,267.0
12836,8/1/25,490.07,Van Wyck Expressway,T4,Business,False,False,,0,193.0
12837,8/1/25,490.16,Van Wyck Expressway,T5,Business,False,False,,0,141.0
12838,8/1/25,490.35,Van Wyck Expressway,T5,Short-Term,False,False,,0,107.0
12839,8/1/25,490.41,Van Wyck Expressway,T1,Business,False,False,,0,399.0
12840,8/1/25,490.47,Van Wyck Expressway,T1,Short-Term,False,False,,0,118.0
12841,8/1/25,490.71,Van Wyck Expressway,T8,Business,False,False,,0,122.0
12842,8/1/25,490.73,Van Wyck Expressway,T1,Short-Term,False,False,,0,44.0
12843,8/1/25,490.73,Van Wyck Expressway,T4,Business,False,False,,0,213.0
12844,8/1/25,490.94,Van Wyck Expressway,T1,Business,False,False,,0,201.0
12845,8/1/25,490.97,Van Wyck Expressway,T5,Business,False,False,,0,409.0
12846,8/1/25,491.1,Van Wyck Expressway,T1,Vacationer,True,False,,0,3343.0
12847,8/1/25,491.35,Van Wyck Expressway,T4,Vacationer,True,False,,0,2698.0
12848,8/1/25,491.39,Van Wyck Expressway,T5,Staff,True,False,,0,480.0
12849,8/1/25,491.41,Van Wyck Expressway,T1,Business,False,False,,0,380.0
12850,8/1/25,491.47,Van Wyck Expressway,T5,Short-Term,False,False,,0,95.0
12851,8/1/25,491.56,Van Wyck Expressway,T8,Short-Term,False,False,,0,88.0
12852,8/1/25,491.84,Van Wyck Expressway,T5,Business,False,False,,0,411.0
12853,8/1/25,491.91,Van Wyck Expressway,T4,Short-Term,False,False,,0,91.0
12854,8/1/25,491.96,Van Wyck Expressway,T8,Business,False,False,,0,183.0
12855,8/1/25,492.07,Van Wyck Expressway,T8,Business,False,False,,0,213.0
12856,8/1/25,492.07,Van Wyck Expressway,T5,Business,False,False,,0,172.0
12857,8/1/25,492.09,Van Wyck Expressway,T5,Vacationer,False,False,,0,1022.0
12858,8/1/25,492.28,Van Wyck Expressway,T8,Business,False,False,,0,328.0
12859,8/1/25,492.31,Van Wyck Expressway,T8,Business,False,False,,0,286.0
12860,8/1/25,492.38,Van Wyck Expressway,T4,Business,False,False,,0,359.0
12861,8/1/25,492.39,Van Wyck Expressway,T1,Short-Term,False,False,,0,31.0
12862,8/1/25,492.45,Van Wyck Expressway,T8,Business,False,False,,0,325.0
12863,8/1/25,492.52,Van Wyck Expressway,T5,Short-Term,False,False,,0,94.0
12864,8/1/25,492.65,Van Wyck Expressway,T1,Short-Term,False,False,,0,50.0
12865,8/1/25,492.74,Van Wyck Expressway,T8,Business,False,False,,0,333.0
12866,8/1/25,492.85,Van Wyck Expressway,T8,Vacationer,False,False,,0,1462.0
12867,8/1/25,492.86,Van Wyck Expressway,T4,Short-Term,False,False,,0,105.0
12868,8/1/25,493.0,Van Wyck Expressway,T8,Business,True,False,,0,409.0
12869,8/1/25,493.12,Van Wyck Expressway,T8,Business,False,False,,0,208.0
12870,8/1/25,493.15,Van Wyck Expressway,T1,Short-Term,False,False,,0,94.0
12871,8/1/25,493.23,Van Wyck Expressway,T8,Short-Term,False,False,,0,62.0
12872,8/1/25,493.58,Van Wyck Expressway,T5,Business,True,False,,0,170.0
12873,8/1/25,493.62,Van Wyck Expressway,T4,Short-Term,True,False,,0,31.0
12874,8/1/25,494.17,Van Wyck Expressway,T1,Business,False,False,,0,177.0
12875,8/1/25,494.24,Van Wyck Expressway,T5,Vacationer,True,False,,0,3531.0
12876,8/1/25,494.26,Van Wyck Expressway,T4,Short-Term,False,False,,0,118.0
12877,8/1/25,494.39,Van Wyck Expressway,T8,Business,True,False,,0,369.0
12878,8/1/25,494.42,Van Wyck Expressway,T8,Short-Term,False,False,,0,76.0
12879,8/1/25,494.44,Van Wyck Expressway,T5,Vacationer,False,False,,0,2074.0
12880,8/1/25,494.56,Van Wyck Expressway,T1,Vacationer,False,False,,0,3961.0
12881,8/1/25,494.62,Van Wyck Expressway,T8,Vacationer,False,False,,0,3361.0
12882,8/1/25,494.7,Van Wyck Expressway,T4,Vacationer,False,False,,0,1789.0
12883,8/1/25,494.75,Van Wyck Expressway,T5,Staff,False,False,,0,480.0
12884,8/1/25,494.81,Van Wyck Expressway,T8,Business,False,False,,0,317.0
12885,8/1/25,495.0,Van Wyck Expressway,T5,Vacationer,False,False,,0,2892.0
12886,8/1/25,495.07,Van Wyck Expressway,T5,Short-Term,False,False,,0,51.0
12887,8/1/25,495.08,Van Wyck Expressway,T8,Short-Term,False,False,,0,47.0
12888,8/1/25,495.13,Van Wyck Expressway,T5,Short-Term,False,False,,0,110.0
12889,8/1/25,495.27,Van Wyck Expressway,T1,Vacationer,False,False,,0,3059.0
12890,8/1/25,495.31,Van Wyck Expressway,T1,Vacationer,False,False,,0,2522.0
12891,8/1/25,495.48,Van Wyck Expressway,T1,Vacationer,True,False,,0,4114.0
12892,8/1/25,495.81,Van Wyck Expressway,T8,Business,False,False,,0,138.0
12893,8/1/25,495.82,Van Wyck Expressway,T5,Vacationer,False,False,,0,3548.0
12894,8/1/25,495.82,Van Wyck Expressway,T4,Vacationer,False,False,,0,1601.0
12895,8/1/25,495.89,Van Wyck Expressway,T4,Business,False,False,,0,338.0
12896,8/1/25,495.97,Van Wyck Expressway,T4,Business,False,False,,0,337.0
12897,8/1/25,496.07,Van Wyck Expressway,T4,Short-Term,False,False,,0,114.0
12898,8/1/25,496.13,Van Wyck Expressway,T8,Short-Term,False,False,,0,101.0
12899,8/1/25,496.2,Van Wyck Expressway,T5,Staff,False,False,,0,480.0
12900,8/1/25,496.23,Van Wyck Expressway,T4,Vacationer,False,False,,0,3348.0
12901,8/1/25,496.27,Van Wyck Expressway,T5,Vacationer,False,False,,0,3579.0
12902,8/1/25,496.31,Van Wyck Expressway,T8,Vacationer,False,False,,0,3809.0
12903,8/1/25,496.45,Van Wyck Expressway,T5,Business,False,False,,0,316.0
12904,8/1/25,496.61,Van Wyck Expressway,T8,Short-Term,True,False,,0,93.0
12905,8/1/25,496.64,Van Wyck Expressway,T1,Short-Term,False,False,,0,103.0
12906,8/1/25,496.75,Van Wyck Expressway,T5,Short-Term,False,False,,0,86.0
12907,8/1/25,496.87,Van Wyck Expressway,T8,Vacationer,False,False,,0,1770.0
12908,8/1/25,496.93,Van Wyck Expressway,T8,Business,False,False,,0,441.0
12909,8/1/25,497.19,Van Wyck Expressway,T1,Business,False,False,,0,376.0
12910,8/1/25,497.32,Van Wyck Expressway,T8,Business,False,False,,0,196.0
12911,8/1/25,497.34,Van Wyck Expressway,T8,Vacationer,False,False,,0,3947.0
12912,8/1/25,497.34,Van Wyck Expressway,T5,Short-Term,False,False,,0,80.0
12913,8/1/25,497.49,Van Wyck Expressway,T1,Short-Term,False,False,,0,86.0
12914,8/1/25,497.5,Van Wyck Expressway,T8,Staff,False,False,,0,480.0
12915,8/1/25,497.51,Van Wyck Expressway,T8,Vacationer,False,False,,0,3285.0
12916,8/1/25,497.57,Van Wyck Expressway,T4,Business,False,False,,0,471.0
12917,8/1/25,497.76,Van Wyck Expressway,T5,Short-Term,True,False,,0,44.0
12918,8/1/25,497.81,Van Wyck Expressway,T1,Vacationer,False,False,,0,3813.0
12919,8/1/25,497.85,Van Wyck Expressway,T1,Short-Term,False,False,,0,39.0
12920,8/1/25,497.89,Van Wyck Expressway,T1,Short-Term,False,False,,0,84.0
12921,8/1/25,497.93,Van Wyck Expressway,T1,Staff,False,False,,0,480.0
12922,8/1/25,497.93,Van Wyck Expressway,T8,Short-Term,False,False,,0,70.0
12923,8/1/25,497.94,Van Wyck Expressway,T4,Staff,False,False,,0,480.0
12924,8/1/25,497.95,Van Wyck Expressway,T4,Short-Term,True,False,,0,77.0
12925,8/1/25,498.02,Van Wyck Expressway,T1,Business,False,False,,0,432.0
12926,8/1/25,498.03,Van Wyck Expressway,T4,Short-Term,False,False,,0,77.0
12927,8/1/25,498.1,Van Wyck Expressway,T1,Business,False,False,,0,288.0
12928,8/1/25,498.17,Van Wyck Expressway,T1,Short-Term,False,False,,0,38.0
12929,8/1/25,498.24,Van Wyck Expressway,T5,Short-Term,False,False,,0,114.0
12930,8/1/25,498.25,Van Wyck Expressway,T5,Short-Term,False,False,,0,51.0
12931,8/1/25,498.39,Van Wyck Expressway,T1,Business,False,False,,0,212.0
12932,8/1/25,498.52,Van Wyck Expressway,T8,Short-Term,False,False,,0,106.0
12933,8/1/25,498.58,Van Wyck Expressway,T5,Short-Term,False,False,,0,107.0
12934,8/1/25,498.6,Van Wyck Expressway,T5,Short-Term,False,False,,0,92.0
12935,8/1/25,499.0,Van Wyck Expressway,T1,Business,False,False,,0,332.0
12936,8/1/25,499.02,Van Wyck Expressway,T1,Staff,False,False,,0,480.0
12937,8/1/25,499.16,Van Wyck Expressway,T5,Business,False,False,,0,458.0
12938,8/1/25,499.17,Van Wyck Expressway,T1,Staff,False,False,,0,480.0
12939,8/1/25,499.34,Van Wyck Expressway,T5,Short-Term,False,False,,0,95.0
12940,8/1/25,499.34,Van Wyck Expressway,T4,Short-Term,False,False,,0,67.0
12941,8/1/25,499.38,Van Wyck Expressway,T5,Business,False,False,,0,464.0
12942,8/1/25,499.51,Van Wyck Expressway,T1,Short-Term,False,False,,0,119.0
12943,8/1/25,499.56,Van Wyck Expressway,T5,Short-Term,False,False,,0,94.0
12944,8/1/25,499.57,Van Wyck Expressway,T4,Vacationer,False,False,,0,676.0
12945,8/1/25,499.65,Van Wyck Expressway,T4,Business,False,False,,0,220.0
12946,8/1/25,499.83,Van Wyck Expressway,T4,Staff,False,False,,0,480.0
12947,8/1/25,500.04,Van Wyck Expressway,T5,Short-Term,False,False,,0,81.0
12948,8/1/25,500.17,Van Wyck Expressway,T1,Short-Term,True,False,,0,50.0
12949,8/1/25,500.2,Van Wyck Expressway,T5,Short-Term,False,False,,0,107.0
12950,8/1/25,500.36,Van Wyck Expressway,T8,Short-Term,False,False,,0,80.0
12951,8/1/25,500.41,Van Wyck Expressway,T1,Short-Term,False,False,,0,66.0
12952,8/1/25,500.68,Van Wyck Expressway,T4,Vacationer,False,False,,0,1121.0
12953,8/1/25,500.79,Van Wyck Expressway,T5,Short-Term,False,False,,0,54.0
12954,8/1/25,500.8,Van Wyck Expressway,T8,Business,False,False,,0,420.0
12955,8/1/25,500.81,Van Wyck Expressway,T4,Staff,False,False,,0,480.0
12956,8/1/25,500.89,Van Wyck Expressway,T4,Business,False,False,,0,464.0
12957,8/1/25,500.98,Van Wyck Expressway,T5,Short-Term,False,False,,0,56.0
12958,8/1/25,501.07,Van Wyck Expressway,T4,Business,False,False,,0,246.0
12959,8/1/25,501.1,Van Wyck Expressway,T8,Short-Term,False,False,,0,96.0
12960,8/1/25,501.17,Van Wyck Expressway,T5,Short-Term,False,False,,0,94.0
12961,8/1/25,501.41,Van Wyck Expressway,T8,Business,True,False,,0,171.0
12962,8/1/25,501.45,Van Wyck Expressway,T1,Business,False,False,,0,145.0
12963,8/1/25,501.52,Van Wyck Expressway,T1,Short-Term,True,False,,0,79.0
12964,8/1/25,501.56,Van Wyck Expressway,T5,Staff,False,False,,0,480.0
12965,8/1/25,501.84,Van Wyck Expressway,T1,Short-Term,False,False,,0,66.0
12966,8/1/25,501.9,Van Wyck Expressway,T1,Business,False,False,,0,382.0
12967,8/1/25,502.09,Van Wyck Expressway,T4,Staff,False,False,,0,480.0
12968,8/1/25,502.25,Van Wyck Expressway,T1,Staff,True,False,,0,480.0
12969,8/1/25,502.85,Van Wyck Expressway,T4,Short-Term,False,False,,0,52.0
12970,8/1/25,502.91,Van Wyck Expressway,T4,Business,False,False,,0,131.0
12971,8/1/25,502.96,Van Wyck Expressway,T8,Staff,False,False,,0,480.0
12972,8/1/25,503.09,Van Wyck Expressway,T1,Short-Term,False,False,,0,93.0
12973,8/1/25,503.12,Van Wyck Expressway,T5,Short-Term,True,False,,0,44.0
12974,8/1/25,503.45,Van Wyck Expressway,T5,Business,True,False,,0,316.0
12975,8/1/25,503.49,Van Wyck Expressway,T1,Vacationer,False,False,,0,2774.0
12976,8/1/25,503.61,Van Wyck Expressway,T8,Staff,False,False,,0,480.0
12977,8/1/25,503.62,Van Wyck Expressway,T4,Vacationer,False,False,,0,1767.0
12978,8/1/25,503.71,Van Wyck Expressway,T8,Short-Term,True,False,,0,66.0
12979,8/1/25,503.79,Van Wyck Expressway,T4,Business,False,False,,0,158.0
12980,8/1/25,503.86,Van Wyck Expressway,T4,Short-Term,False,False,,0,103.0
12981,8/1/25,503.95,Van Wyck Expressway,T1,Short-Term,False,False,,0,72.0
12982,8/1/25,503.97,Van Wyck Expressway,T1,Short-Term,False,False,,0,79.0
12983,8/1/25,504.09,Van Wyck Expressway,T4,Short-Term,False,False,,0,81.0
12984,8/1/25,504.12,Van Wyck Expressway,T8,Short-Term,False,False,,0,111.0
12985,8/1/25,504.19,Van Wyck Expressway,T8,Short-Term,False,False,,0,56.0
12986,8/1/25,504.33,Van Wyck Expressway,T8,Vacationer,False,False,,0,895.0
12987,8/1/25,504.39,Van Wyck Expressway,T5,Business,False,False,,0,339.0
12988,8/1/25,504.4,Van Wyck Expressway,T5,Business,True,False,,0,224.0
12989,8/1/25,504.47,Van Wyck Expressway,T5,Business,False,False,,0,328.0
12990,8/1/25,504.51,Van Wyck Expressway,T1,Staff,False,False,,0,480.0
12991,8/1/25,504.55,Van Wyck Expressway,T1,Short-Term,False,False,,0,96.0
12992,8/1/25,504.72,Van Wyck Expressway,T4,Business,False,False,,0,425.0
12993,8/1/25,504.94,Van Wyck Expressway,T4,Staff,False,False,,0,480.0
12994,8/1/25,505.39,Van Wyck Expressway,T5,Vacationer,True,False,,0,2654.0
12995,8/1/25,505.4,Van Wyck Expressway,T8,Business,True,False,,0,207.0
12996,8/1/25,505.44,Van Wyck Expressway,T8,Staff,False,False,,0,480.0
12997,8/1/25,505.47,Van Wyck Expressway,T4,Staff,False,False,,0,480.0
12998,8/1/25,505.47,Van Wyck Expressway,T5,Short-Term,False,False,,0,56.0
12999,8/1/25,505.52,Van Wyck Expressway,T4,Business,False,False,,0,404.0
13000,8/1/25,505.56,Van Wyck Expressway,T4,Business,False,False,,0,244.0
13001,8/1/25,505.88,Van Wyck Expressway,T8,Business,False,False,,0,299.0
13002,8/1/25,505.94,Van Wyck Expressway,T5,Business,False,False,,0,377.0
13003,8/1/25,506.05,Van Wyck Expressway,T4,Vacationer,False,False,,0,2103.0
13004,8/1/25,506.05,Van Wyck Expressway,T8,Business,False,False,,0,170.0
13005,8/1/25,506.1,Van Wyck Expressway,T1,Short-Term,False,False,,0,61.0
13006,8/1/25,506.12,Van Wyck Expressway,T5,Vacationer,True,False,,0,3891.0
13007,8/1/25,506.18,Van Wyck Expressway,T1,Short-Term,False,False,,0,63.0
13008,8/1/25,506.28,Van Wyck Expressway,T5,Vacationer,False,False,,0,2967.0
13009,8/1/25,506.39,Van Wyck Expressway,T5,Vacationer,False,False,,0,1554.0
13010,8/1/25,506.41,Van Wyck Expressway,T8,Business,False,False,,0,127.0
13011,8/1/25,506.44,Van Wyck Expressway,T8,Business,False,False,,0,224.0
13012,8/1/25,506.45,Van Wyck Expressway,T1,Business,False,False,,0,225.0
13013,8/1/25,506.62,Van Wyck Expressway,T8,Business,False,False,,0,470.0
13014,8/1/25,506.66,Van Wyck Expressway,T4,Business,False,False,,0,233.0
13015,8/1/25,506.71,Van Wyck Expressway,T5,Vacationer,False,False,,0,1072.0
13016,8/1/25,506.79,Van Wyck Expressway,T8,Staff,False,False,,0,480.0
13017,8/1/25,506.86,Van Wyck Expressway,T1,Short-Term,False,False,,0,65.0
13018,8/1/25,506.9,Van Wyck Expressway,T1,Business,False,False,,0,461.0
13019,8/1/25,506.91,Van Wyck Expressway,T4,Business,False,False,,0,471.0
13020,8/1/25,507.05,Van Wyck Expressway,T4,Staff,False,False,,0,480.0
13021,8/1/25,507.25,Van Wyck Expressway,T5,Short-Term,False,False,,0,108.0
13022,8/1/25,507.31,Van Wyck Expressway,T5,Short-Term,False,False,,0,91.0
13023,8/1/25,507.31,Van Wyck Expressway,T8,Vacationer,False,False,,0,1146.0
13024,8/1/25,507.33,Van Wyck Expressway,T1,Short-Term,False,False,,0,37.0
13025,8/1/25,507.4,Van Wyck Expressway,T4,Vacationer,False,False,,0,440.0
13026,8/1/25,507.6,Van Wyck Expressway,T1,Business,False,False,,0,388.0
13027,8/1/25,507.77,Van Wyck Expressway,T1,Short-Term,False,False,,0,86.0
13028,8/1/25,507.88,Van Wyck Expressway,T1,Short-Term,False,False,,0,75.0
13029,8/1/25,508.09,Van Wyck Expressway,T4,Vacationer,False,False,,0,851.0
13030,8/1/25,508.15,Van Wyck Expressway,T1,Business,False,False,,0,391.0
13031,8/1/25,508.17,Van Wyck Expressway,T1,Staff,False,False,,0,480.0
13032,8/1/25,508.22,Van Wyck Expressway,T5,Short-Term,False,False,,0,66.0
13033,8/1/25,508.41,Van Wyck Expressway,T8,Short-Term,False,False,,0,34.0
13034,8/1/25,508.44,Van Wyck Expressway,T1,Vacationer,False,False,,0,2758.0
13035,8/1/25,508.54,Van Wyck Expressway,T5,Business,True,False,,0,216.0
13036,8/1/25,508.68,Van Wyck Expressway,T5,Vacationer,False,False,,0,1106.0
13037,8/1/25,508.79,Van Wyck Expressway,T1,Business,False,False,,0,459.0
13038,8/1/25,508.98,Van Wyck Expressway,T1,Vacationer,False,False,,0,1863.0
13039,8/1/25,509.02,Van Wyck Expressway,T8,Staff,False,False,,0,480.0
13040,8/1/25,509.02,Van Wyck Expressway,T4,Staff,False,False,,0,480.0
13041,8/1/25,509.03,Van Wyck Expressway,T5,Staff,False,False,,0,480.0
13042,8/1/25,509.14,Van Wyck Expressway,T1,Business,False,False,,0,176.0
13043,8/1/25,509.19,Van Wyck Expressway,T4,Business,False,False,,0,145.0
13044,8/1/25,509.36,Van Wyck Expressway,T8,Staff,False,False,,0,480.0
13045,8/1/25,509.53,Van Wyck Expressway,T4,Business,False,False,,0,279.0
13046,8/1/25,509.75,Van Wyck Expressway,T8,Short-Term,False,False,,0,37.0
13047,8/1/25,509.96,Van Wyck Expressway,T4,Short-Term,False,False,,0,52.0
13048,8/1/25,510.05,Van Wyck Expressway,T5,Short-Term,False,False,,0,87.0
13049,8/1/25,510.09,Van Wyck Expressway,T1,Business,False,False,,0,134.0
13050,8/1/25,510.17,Van Wyck Expressway,T1,Business,False,False,,0,270.0
13051,8/1/25,510.21,Van Wyck Expressway,T4,Vacationer,False,False,,0,2908.0
13052,8/1/25,510.45,Van Wyck Expressway,T5,Business,False,False,,0,314.0
13053,8/1/25,510.63,Van Wyck Expressway,T1,Short-Term,False,False,,0,77.0
13054,8/1/25,510.68,Van Wyck Expressway,T5,Short-Term,False,False,,0,107.0
13055,8/1/25,510.84,Van Wyck Expressway,T5,Vacationer,False,False,,0,1423.0
13056,8/1/25,510.92,Van Wyck Expressway,T1,Business,False,False,,0,156.0
13057,8/1/25,510.98,Van Wyck Expressway,T1,Vacationer,False,False,,0,445.0
13058,8/1/25,511.04,Van Wyck Expressway,T1,Business,False,False,,0,171.0
13059,8/1/25,511.18,Van Wyck Expressway,T5,Short-Term,False,False,,0,53.0
13060,8/1/25,511.2,Van Wyck Expressway,T8,Staff,False,False,,0,480.0
13061,8/1/25,511.33,Van Wyck Expressway,T1,Staff,False,False,,0,480.0
13062,8/1/25,511.41,Van Wyck Expressway,T5,Short-Term,False,False,,0,103.0
13063,8/1/25,511.47,Van Wyck Expressway,T5,Short-Term,False,False,,0,46.0
13064,8/1/25,511.6,Van Wyck Expressway,T1,Vacationer,False,False,,0,2409.0
13065,8/1/25,511.9,Van Wyck Expressway,T5,Staff,False,False,,0,480.0
13066,8/1/25,511.93,Van Wyck Expressway,T4,Vacationer,False,False,,0,3279.0
13067,8/1/25,511.95,Van Wyck Expressway,T4,Vacationer,True,False,,0,2510.0
13068,8/1/25,512.04,Van Wyck Expressway,T1,Staff,False,False,,0,480.0
13069,8/1/25,512.06,Van Wyck Expressway,T4,Vacationer,False,False,,0,1622.0
13070,8/1/25,512.29,Van Wyck Expressway,T5,Short-Term,False,False,,0,81.0
13071,8/1/25,512.36,Van Wyck Expressway,T8,Staff,False,False,,0,480.0
13072,8/1/25,512.4,Van Wyck Expressway,T1,Vacationer,False,False,,0,1942.0
13073,8/1/25,512.61,Van Wyck Expressway,T1,Business,False,False,,0,362.0
13074,8/1/25,512.61,Van Wyck Expressway,T4,Staff,False,False,,0,480.0
13075,8/1/25,512.72,Van Wyck Expressway,T1,Business,False,False,,0,122.0
13076,8/1/25,512.77,Van Wyck Expressway,T8,Business,False,False,,0,287.0
13077,8/1/25,512.94,Van Wyck Expressway,T4,Short-Term,False,False,,0,63.0
13078,8/1/25,512.99,Van Wyck Expressway,T4,Short-Term,False,False,,0,86.0
13079,8/1/25,513.09,Van Wyck Expressway,T4,Vacationer,False,False,,0,3185.0
13080,8/1/25,513.18,Van Wyck Expressway,T5,Short-Term,False,False,,0,76.0
13081,8/1/25,513.19,Van Wyck Expressway,T1,Vacationer,False,False,,0,1118.0
13082,8/1/25,513.21,Van Wyck Expressway,T5,Vacationer,False,False,,0,652.0
13083,8/1/25,513.52,Van Wyck Expressway,T4,Short-Term,False,False,,0,115.0
13084,8/1/25,513.57,Van Wyck Expressway,T4,Vacationer,True,False,,0,3687.0
13085,8/1/25,513.62,Van Wyck Expressway,T5,Vacationer,False,False,,0,2299.0
13086,8/1/25,513.68,Van Wyck Expressway,T8,Business,False,False,,0,460.0
13087,8/1/25,513.69,Van Wyck Expressway,T5,Short-Term,False,False,,0,109.0
13088,8/1/25,513.72,Van Wyck Expressway,T4,Vacationer,False,False,,0,4266.0
13089,8/1/25,513.84,Van Wyck Expressway,T1,Short-Term,True,False,,0,51.0
13090,8/1/25,513.86,Van Wyck Expressway,T5,Vacationer,False,False,,0,3107.0
13091,8/1/25,513.94,Van Wyck Expressway,T1,Staff,False,False,,0,480.0
13092,8/1/25,513.99,Van Wyck Expressway,T1,Vacationer,False,False,,0,1619.0
13093,8/1/25,514.26,Van Wyck Expressway,T8,Short-Term,False,False,,0,67.0
13094,8/1/25,514.35,Van Wyck Expressway,T8,Short-Term,False,False,,0,58.0
13095,8/1/25,514.38,Van Wyck Expressway,T5,Business,True,False,,0,451.0
13096,8/1/25,514.38,Van Wyck Expressway,T4,Vacationer,False,False,,0,1416.0
13097,8/1/25,514.52,Van Wyck Expressway,T4,Vacationer,False,False,,0,4245.0
13098,8/1/25,514.61,Van Wyck Expressway,T8,Short-Term,False,False,,0,79.0
13099,8/1/25,514.61,Van Wyck Expressway,T8,Vacationer,False,False,,0,1617.0
13100,8/1/25,514.76,Van Wyck Expressway,T1,Business,False,False,,0,357.0
13101,8/1/25,514.76,Van Wyck Expressway,T8,Short-Term,False,False,,0,55.0
13102,8/1/25,514.77,Van Wyck Expressway,T1,Staff,False,False,,0,480.0
13103,8/1/25,514.89,Van Wyck Expressway,T5,Business,False,False,,0,142.0
13104,8/1/25,514.93,Van Wyck Expressway,T5,Business,False,False,,0,205.0
13105,8/1/25,514.97,Van Wyck Expressway,T1,Staff,False,False,,0,480.0
13106,8/1/25,515.13,Van Wyck Expressway,T8,Business,False,False,,0,420.0
13107,8/1/25,515.19,Van Wyck Expressway,T1,Vacationer,False,False,,0,1018.0
13108,8/1/25,515.34,Van Wyck Expressway,T4,Staff,True,False,,0,480.0
13109,8/1/25,515.35,Van Wyck Expressway,T4,Staff,False,False,,0,480.0
13110,8/1/25,515.4,Van Wyck Expressway,T5,Vacationer,False,False,,0,3544.0
13111,8/1/25,515.42,Van Wyck Expressway,T4,Staff,True,False,,0,480.0
13112,8/1/25,515.5,Van Wyck Expressway,T4,Short-Term,False,False,,0,51.0
13113,8/1/25,515.86,Van Wyck Expressway,T5,Business,False,False,,0,293.0
13114,8/1/25,515.89,Van Wyck Expressway,T1,Short-Term,False,False,,0,40.0
13115,8/1/25,516.07,Van Wyck Expressway,T4,Short-Term,False,False,,0,86.0
13116,8/1/25,516.11,Van Wyck Expressway,T5,Staff,False,False,,0,480.0
13117,8/1/25,516.13,Van Wyck Expressway,T1,Short-Term,False,False,,0,96.0
13118,8/1/25,516.31,Van Wyck Expressway,T1,Business,False,False,,0,203.0
13119,8/1/25,516.4,Van Wyck Expressway,T5,Business,True,False,,0,123.0
13120,8/1/25,516.54,Van Wyck Expressway,T1,Short-Term,False,False,,0,93.0
13121,8/1/25,516.57,Van Wyck Expressway,T8,Short-Term,False,False,,0,45.0
13122,8/1/25,516.62,Van Wyck Expressway,T5,Short-Term,False,False,,0,74.0
13123,8/1/25,516.78,Van Wyck Expressway,T1,Business,False,False,,0,120.0
13124,8/1/25,516.98,Van Wyck Expressway,T1,Business,False,False,,0,257.0
13125,8/1/25,517.39,Van Wyck Expressway,T1,Business,False,False,,0,297.0
13126,8/1/25,517.43,Van Wyck Expressway,T4,Vacationer,False,False,,0,3493.0
13127,8/1/25,517.76,Van Wyck Expressway,T4,Short-Term,False,False,,0,52.0
13128,8/1/25,517.84,Van Wyck Expressway,T1,Short-Term,False,False,,0,75.0
13129,8/1/25,518.09,Van Wyck Expressway,T5,Short-Term,False,False,,0,98.0
13130,8/1/25,518.1,Van Wyck Expressway,T1,Short-Term,False,False,,0,74.0
13131,8/1/25,518.18,Van Wyck Expressway,T8,Business,False,False,,0,318.0
13132,8/1/25,518.22,Van Wyck Expressway,T4,Business,False,False,,0,405.0
13133,8/1/25,518.22,Van Wyck Expressway,T4,Vacationer,False,False,,0,1597.0
13134,8/1/25,518.33,Van Wyck Expressway,T4,Short-Term,False,False,,0,112.0
13135,8/1/25,518.38,Van Wyck Expressway,T8,Business,True,False,,0,287.0
13136,8/1/25,518.61,Van Wyck Expressway,T5,Business,False,False,,0,242.0
13137,8/1/25,518.78,Van Wyck Expressway,T4,Vacationer,False,False,,0,490.0
13138,8/1/25,518.84,Van Wyck Expressway,T8,Vacationer,False,False,,0,2165.0
13139,8/1/25,519.01,Van Wyck Expressway,T4,Short-Term,False,False,,0,59.0
13140,8/1/25,519.22,Van Wyck Expressway,T8,Short-Term,False,False,,0,84.0
13141,8/1/25,519.33,Van Wyck Expressway,T4,Short-Term,False,False,,0,102.0
13142,8/1/25,519.34,Van Wyck Expressway,T1,Staff,False,False,,0,480.0
13143,8/1/25,519.4,Van Wyck Expressway,T1,Short-Term,False,False,,0,110.0
13144,8/1/25,519.71,Van Wyck Expressway,T4,Short-Term,False,False,,0,91.0
13145,8/1/25,519.77,Van Wyck Expressway,T1,Vacationer,False,False,,0,4106.0
13146,8/1/25,519.81,Van Wyck Expressway,T4,Short-Term,False,False,,0,63.0
13147,8/1/25,519.9,Van Wyck Expressway,T8,Business,False,False,,0,298.0
13148,8/1/25,520.11,Van Wyck Expressway,T8,Short-Term,False,False,,0,38.0
13149,8/1/25,520.22,Van Wyck Expressway,T4,Business,False,False,,0,371.0
13150,8/1/25,520.35,Van Wyck Expressway,T8,Business,True,False,,0,134.0
13151,8/1/25,520.39,Van Wyck Expressway,T5,Vacationer,False,False,,0,2131.0
13152,8/1/25,520.45,Van Wyck Expressway,T5,Business,False,False,,0,258.0
13153,8/1/25,520.54,Van Wyck Expressway,T5,Business,False,False,,0,408.0
13154,8/1/25,520.75,Van Wyck Expressway,T1,Business,False,False,,0,476.0
13155,8/1/25,520.84,Van Wyck Expressway,T5,Vacationer,False,False,,0,1685.0
13156,8/1/25,520.89,Van Wyck Expressway,T8,Short-Term,False,False,,0,76.0
13157,8/1/25,521.26,Van Wyck Expressway,T8,Short-Term,False,False,,0,45.0
13158,8/1/25,521.29,Van Wyck Expressway,T4,Staff,False,False,,0,480.0
13159,8/1/25,521.37,Van Wyck Expressway,T4,Short-Term,False,False,,0,55.0
13160,8/1/25,521.38,Van Wyck Expressway,T4,Vacationer,False,False,,0,2521.0
13161,8/1/25,521.39,Van Wyck Expressway,T5,Staff,False,False,,0,480.0
13162,8/1/25,521.41,Van Wyck Expressway,T8,Business,False,False,,0,306.0
13163,8/1/25,521.47,Van Wyck Expressway,T1,Business,False,False,,0,243.0
13164,8/1/25,521.49,Van Wyck Expressway,T4,Vacationer,False,False,,0,3131.0
13165,8/1/25,521.52,Van Wyck Expressway,T1,Short-Term,False,False,,0,105.0
13166,8/1/25,521.56,Van Wyck Expressway,T8,Short-Term,False,False,,0,110.0
13167,8/1/25,521.67,Van Wyck Expressway,T1,Vacationer,False,False,,0,2104.0
13168,8/1/25,521.71,Van Wyck Expressway,T8,Vacationer,False,False,,0,3694.0
13169,8/1/25,521.96,Van Wyck Expressway,T8,Short-Term,False,False,,0,84.0
13170,8/1/25,521.99,Van Wyck Expressway,T8,Vacationer,False,False,,0,4236.0
13171,8/1/25,522.01,Van Wyck Expressway,T1,Vacationer,False,False,,0,2946.0
13172,8/1/25,522.16,Van Wyck Expressway,T5,Business,False,False,,0,398.0
13173,8/1/25,522.17,Van Wyck Expressway,T4,Vacationer,False,False,,0,1970.0
13174,8/1/25,522.27,Van Wyck Expressway,T1,Short-Term,False,False,,0,45.0
13175,8/1/25,522.3,Van Wyck Expressway,T4,Short-Term,False,False,,0,55.0
13176,8/1/25,522.31,Van Wyck Expressway,T1,Vacationer,False,False,,0,1883.0
13177,8/1/25,522.41,Van Wyck Expressway,T8,Short-Term,False,False,,0,34.0
13178,8/1/25,522.42,Van Wyck Expressway,T4,Short-Term,False,False,,0,111.0
13179,8/1/25,522.43,Van Wyck Expressway,T1,Short-Term,False,False,,0,62.0
13180,8/1/25,522.59,Van Wyck Expressway,T5,Short-Term,False,False,,0,79.0
13181,8/1/25,522.6,Van Wyck Expressway,T4,Business,False,False,,0,134.0
13182,8/1/25,522.7,Van Wyck Expressway,T5,Vacationer,False,False,,0,3994.0
13183,8/1/25,522.72,Van Wyck Expressway,T1,Short-Term,False,False,,0,88.0
13184,8/1/25,522.83,Van Wyck Expressway,T4,Vacationer,False,False,,0,846.0
13185,8/1/25,523.31,Van Wyck Expressway,T5,Vacationer,False,False,,0,3993.0
13186,8/1/25,523.37,Van Wyck Expressway,T1,Business,False,False,,0,293.0
13187,8/1/25,523.48,Van Wyck Expressway,T4,Staff,False,False,,0,480.0
13188,8/1/25,523.51,Van Wyck Expressway,T4,Business,False,False,,0,338.0
13189,8/1/25,523.54,Van Wyck Expressway,T8,Staff,False,False,,0,480.0
13190,8/1/25,523.58,Van Wyck Expressway,T5,Short-Term,False,False,,0,73.0
13191,8/1/25,523.71,Van Wyck Expressway,T8,Business,False,False,,0,461.0
13192,8/1/25,523.72,Van Wyck Expressway,T1,Short-Term,False,False,,0,118.0
13193,8/1/25,523.8,Van Wyck Expressway,T5,Business,True,False,,0,475.0
13194,8/1/25,524.03,Van Wyck Expressway,T5,Vacationer,False,False,,0,3591.0
13195,8/1/25,524.11,Van Wyck Expressway,T8,Short-Term,False,False,,0,92.0
13196,8/1/25,524.15,Van Wyck Expressway,T5,Short-Term,False,False,,0,84.0
13197,8/1/25,524.24,Van Wyck Expressway,T1,Short-Term,False,False,,0,72.0
13198,8/1/25,524.38,Van Wyck Expressway,T4,Vacationer,False,False,,0,3252.0
13199,8/1/25,524.41,Van Wyck Expressway,T1,Business,False,False,,0,419.0
13200,8/1/25,524.47,Van Wyck Expressway,T8,Short-Term,False,False,,0,96.0
13201,8/1/25,524.63,Van Wyck Expressway,T5,Business,True,False,,0,402.0
13202,8/1/25,524.66,Van Wyck Expressway,T5,Short-Term,True,False,,0,113.0
13203,8/1/25,525.06,Van Wyck Expressway,T5,Short-Term,False,False,,0,79.0
13204,8/1/25,525.13,Van Wyck Expressway,T1,Staff,False,False,,0,480.0
13205,8/1/25,525.31,Van Wyck Expressway,T8,Staff,False,False,,0,480.0
13206,8/1/25,525.32,Van Wyck Expressway,T8,Staff,False,False,,0,480.0
13207,8/1/25,525.39,Van Wyck Expressway,T8,Short-Term,False,False,,0,85.0
13208,8/1/25,525.5,Van Wyck Expressway,T4,Short-Term,False,False,,0,46.0
13209,8/1/25,525.87,Van Wyck Expressway,T1,Vacationer,True,False,,0,1652.0
13210,8/1/25,525.91,Van Wyck Expressway,T1,Vacationer,False,False,,0,1753.0
13211,8/1/25,525.94,Van Wyck Expressway,T5,Business,False,False,,0,276.0
13212,8/1/25,526.04,Van Wyck Expressway,T1,Business,False,False,,0,142.0
13213,8/1/25,526.09,Van Wyck Expressway,T8,Staff,False,False,,0,480.0
13214,8/1/25,526.11,Van Wyck Expressway,T8,Staff,False,False,,0,480.0
13215,8/1/25,526.19,Van Wyck Expressway,T5,Business,False,False,,0,152.0
13216,8/1/25,526.22,Van Wyck Expressway,T5,Short-Term,True,False,,0,70.0
13217,8/1/25,526.24,Van Wyck Expressway,T5,Business,True,False,,0,471.0
13218,8/1/25,526.47,Van Wyck Expressway,T8,Vacationer,False,False,,0,590.0
13219,8/1/25,526.49,Van Wyck Expressway,T5,Short-Term,False,False,,0,39.0
13220,8/1/25,526.75,Van Wyck Expressway,T5,Staff,False,False,,0,480.0
13221,8/1/25,527.07,Van Wyck Expressway,T4,Business,False,False,,0,238.0
13222,8/1/25,527.19,Van Wyck Expressway,T4,Business,True,False,,0,164.0
13223,8/1/25,527.21,Van Wyck Expressway,T5,Short-Term,False,False,,0,102.0
13224,8/1/25,527.49,Van Wyck Expressway,T1,Vacationer,False,False,,0,2431.0
13225,8/1/25,527.96,Van Wyck Expressway,T5,Vacationer,False,False,,0,1297.0
13226,8/1/25,527.97,Van Wyck Expressway,T4,Vacationer,False,False,,0,3992.0
13227,8/1/25,528.06,Van Wyck Expressway,T8,Short-Term,False,False,,0,70.0
13228,8/1/25,528.16,Van Wyck Expressway,T1,Vacationer,False,False,,0,361.0
13229,8/1/25,528.23,Van Wyck Expressway,T1,Short-Term,False,False,,0,50.0
13230,8/1/25,528.6,Van Wyck Expressway,T5,Short-Term,False,False,,0,79.0
13231,8/1/25,528.7,Van Wyck Expressway,T1,Business,False,False,,0,327.0
13232,8/1/25,528.78,Van Wyck Expressway,T4,Business,True,False,,0,423.0
13233,8/1/25,528.87,Van Wyck Expressway,T8,Short-Term,False,False,,0,34.0
13234,8/1/25,528.91,Van Wyck Expressway,T8,Short-Term,False,False,,0,48.0
13235,8/1/25,529.0,Van Wyck Expressway,T5,Short-Term,False,False,,0,115.0
13236,8/1/25,529.02,Van Wyck Expressway,T1,Vacationer,False,False,,0,1710.0
13237,8/1/25,529.12,Van Wyck Expressway,T5,Vacationer,False,False,,0,830.0
13238,8/1/25,529.2,Van Wyck Expressway,T4,Staff,True,False,,0,480.0
13239,8/1/25,529.42,Van Wyck Expressway,T4,Business,False,False,,0,140.0
13240,8/1/25,529.47,Van Wyck Expressway,T5,Vacationer,False,False,,0,4073.0
13241,8/1/25,529.47,Van Wyck Expressway,T4,Short-Term,False,False,,0,115.0
13242,8/1/25,529.48,Van Wyck Expressway,T5,Business,False,False,,0,440.0
13243,8/1/25,529.52,Van Wyck Expressway,T5,Short-Term,False,False,,0,59.0
13244,8/1/25,529.69,Van Wyck Expressway,T8,Short-Term,False,False,,0,57.0
13245,8/1/25,529.71,Van Wyck Expressway,T8,Business,False,False,,0,194.0
13246,8/1/25,529.78,Van Wyck Expressway,T8,Vacationer,False,False,,0,2206.0
13247,8/1/25,529.97,Van Wyck Expressway,T5,Short-Term,False,False,,0,110.0
13248,8/1/25,530.05,Van Wyck Expressway,T4,Business,False,False,,0,421.0
13249,8/1/25,530.2,Van Wyck Expressway,T1,Short-Term,False,False,,0,109.0
13250,8/1/25,530.23,Van Wyck Expressway,T5,Vacationer,False,False,,0,974.0
13251,8/1/25,530.23,Van Wyck Expressway,T1,Short-Term,False,False,,0,70.0
13252,8/1/25,530.26,Van Wyck Expressway,T1,Business,False,False,,0,340.0
13253,8/1/25,530.56,Van Wyck Expressway,T4,Short-Term,False,False,,0,108.0
13254,8/1/25,530.73,Van Wyck Expressway,T5,Business,False,False,,0,146.0
13255,8/1/25,530.82,Van Wyck Expressway,T8,Short-Term,False,False,,0,61.0
13256,8/1/25,530.96,Van Wyck Expressway,T5,Vacationer,False,False,,0,3301.0
13257,8/1/25,531.1,Van Wyck Expressway,T4,Business,False,False,,0,155.0
13258,8/1/25,531.17,Van Wyck Expressway,T5,Business,False,False,,0,265.0
13259,8/1/25,531.28,Van Wyck Expressway,T4,Short-Term,True,False,,0,101.0
13260,8/1/25,531.31,Van Wyck Expressway,T5,Business,False,False,,0,304.0
13261,8/1/25,531.6,Van Wyck Expressway,T4,Short-Term,False,False,,0,79.0
13262,8/1/25,531.79,Van Wyck Expressway,T5,Staff,False,False,,0,480.0
13263,8/1/25,531.84,Van Wyck Expressway,T5,Vacationer,False,False,,0,2137.0
13264,8/1/25,531.85,Van Wyck Expressway,T4,Short-Term,False,False,,0,89.0
13265,8/1/25,531.97,Van Wyck Expressway,T5,Short-Term,False,False,,0,88.0
13266,8/1/25,532.28,Van Wyck Expressway,T1,Short-Term,False,False,,0,53.0
13267,8/1/25,532.29,Van Wyck Expressway,T4,Vacationer,True,False,,0,1781.0
13268,8/1/25,532.36,Van Wyck Expressway,T5,Short-Term,False,False,,0,119.0
13269,8/1/25,532.59,Van Wyck Expressway,T1,Vacationer,False,False,,0,1761.0
13270,8/1/25,532.63,Van Wyck Expressway,T4,Short-Term,False,False,,0,117.0
13271,8/1/25,532.72,Van Wyck Expressway,T1,Business,False,False,,0,391.0
13272,8/1/25,532.88,Van Wyck Expressway,T4,Short-Term,False,False,,0,58.0
13273,8/1/25,532.92,Van Wyck Expressway,T5,Short-Term,False,False,,0,96.0
13274,8/1/25,533.07,Van Wyck Expressway,T4,Vacationer,False,False,,0,3995.0
13275,8/1/25,533.1,Van Wyck Expressway,T1,Business,False,False,,0,358.0
13276,8/1/25,533.11,Van Wyck Expressway,T1,Staff,False,False,,0,480.0
13277,8/1/25,533.16,Van Wyck Expressway,T4,Short-Term,False,False,,0,50.0
13278,8/1/25,533.44,Van Wyck Expressway,T4,Business,False,False,,0,246.0
13279,8/1/25,533.45,Van Wyck Expressway,T5,Short-Term,False,False,,0,32.0
13280,8/1/25,533.63,Van Wyck Expressway,T4,Business,False,False,,0,427.0
13281,8/1/25,533.65,Van Wyck Expressway,T4,Staff,True,False,,0,480.0
13282,8/1/25,533.65,Van Wyck Expressway,T4,Vacationer,False,False,,0,3652.0
13283,8/1/25,533.66,Van Wyck Expressway,T8,Business,False,False,,0,361.0
13284,8/1/25,534.1,Van Wyck Expressway,T5,Short-Term,False,False,,0,110.0
13285,8/1/25,534.3,Van Wyck Expressway,T4,Business,False,False,,0,321.0
13286,8/1/25,534.42,Van Wyck Expressway,T1,Short-Term,False,False,,0,48.0
13287,8/1/25,534.44,Van Wyck Expressway,T4,Business,False,False,,0,451.0
13288,8/1/25,534.46,Van Wyck Expressway,T1,Business,False,False,,0,309.0
13289,8/1/25,534.67,Van Wyck Expressway,T8,Business,False,False,,0,179.0
13290,8/1/25,534.68,Van Wyck Expressway,T4,Business,False,False,,0,475.0
13291,8/1/25,534.83,Van Wyck Expressway,T5,Staff,True,False,,0,480.0
13292,8/1/25,534.83,Van Wyck Expressway,T5,Vacationer,False,False,,0,1039.0
13293,8/1/25,535.16,Van Wyck Expressway,T1,Business,False,False,,0,338.0
13294,8/1/25,535.26,Van Wyck Expressway,T1,Staff,False,False,,0,480.0
13295,8/1/25,535.28,Van Wyck Expressway,T8,Business,False,False,,0,332.0
13296,8/1/25,535.29,Van Wyck Expressway,T4,Short-Term,False,False,,0,56.0
13297,8/1/25,535.49,Van Wyck Expressway,T8,Short-Term,True,False,,0,96.0
13298,8/1/25,535.74,Van Wyck Expressway,T5,Staff,False,False,,0,480.0
13299,8/1/25,535.86,Van Wyck Expressway,T8,Vacationer,False,False,,0,2854.0
13300,8/1/25,535.88,Van Wyck Expressway,T1,Short-Term,False,False,,0,103.0
13301,8/1/25,536.06,Van Wyck Expressway,T4,Short-Term,True,False,,0,77.0
13302,8/1/25,536.22,Van Wyck Expressway,T8,Staff,False,False,,0,480.0
13303,8/1/25,536.31,Van Wyck Expressway,T4,Short-Term,False,False,,0,110.0
13304,8/1/25,536.35,Van Wyck Expressway,T1,Business,False,False,,0,354.0
13305,8/1/25,536.36,Van Wyck Expressway,T5,Business,False,False,,0,188.0
13306,8/1/25,536.55,Van Wyck Expressway,T5,Short-Term,False,False,,0,33.0
13307,8/1/25,536.76,Van Wyck Expressway,T5,Short-Term,True,False,,0,75.0
13308,8/1/25,536.83,Van Wyck Expressway,T4,Short-Term,False,False,,0,76.0
13309,8/1/25,536.86,Van Wyck Expressway,T4,Vacationer,False,False,,0,2866.0
13310,8/1/25,537.19,Van Wyck Expressway,T1,Short-Term,False,False,,0,38.0
13311,8/1/25,537.22,Van Wyck Expressway,T4,Vacationer,False,False,,0,2442.0
13312,8/1/25,537.23,Van Wyck Expressway,T8,Vacationer,False,False,,0,3942.0
13313,8/1/25,537.74,Van Wyck Expressway,T8,Business,True,False,,0,270.0
13314,8/1/25,538.05,Van Wyck Expressway,T5,Vacationer,False,False,,0,1385.0
13315,8/1/25,538.11,Van Wyck Expressway,T5,Short-Term,False,False,,0,73.0
13316,8/1/25,538.14,Van Wyck Expressway,T5,Short-Term,False,False,,0,97.0
13317,8/1/25,538.29,Van Wyck Expressway,T1,Short-Term,False,False,,0,110.0
13318,8/1/25,538.34,Van Wyck Expressway,T1,Short-Term,True,False,,0,43.0
13319,8/1/25,538.43,Van Wyck Expressway,T8,Short-Term,True,False,,0,73.0
13320,8/1/25,538.46,Van Wyck Expressway,T5,Vacationer,False,False,,0,2668.0
13321,8/1/25,538.47,Van Wyck Expressway,T5,Short-Term,False,False,,0,100.0
13322,8/1/25,538.49,Van Wyck Expressway,T4,Staff,False,False,,0,480.0
13323,8/1/25,538.49,Van Wyck Expressway,T1,Business,False,False,,0,410.0
13324,8/1/25,538.52,Van Wyck Expressway,T5,Short-Term,False,False,,0,107.0
13325,8/1/25,538.55,Van Wyck Expressway,T4,Vacationer,False,False,,0,2906.0
13326,8/1/25,538.56,Van Wyck Expressway,T4,Vacationer,False,False,,0,2114.0
13327,8/1/25,538.62,Van Wyck Expressway,T4,Staff,False,False,,0,480.0
13328,8/1/25,538.85,Van Wyck Expressway,T1,Business,False,False,,0,295.0
13329,8/1/25,538.87,Van Wyck Expressway,T8,Business,False,False,,0,228.0
13330,8/1/25,538.93,Van Wyck Expressway,T1,Short-Term,False,False,,0,100.0
13331,8/1/25,539.04,Van Wyck Expressway,T5,Business,False,False,,0,440.0
13332,8/1/25,539.17,Van Wyck Expressway,T1,Business,False,False,,0,185.0
13333,8/1/25,539.23,Van Wyck Expressway,T5,Business,False,False,,0,126.0
13334,8/1/25,539.36,Van Wyck Expressway,T1,Short-Term,False,False,,0,42.0
13335,8/1/25,539.38,Van Wyck Expressway,T8,Short-Term,False,False,,0,86.0
13336,8/1/25,539.39,Van Wyck Expressway,T5,Business,False,False,,0,420.0
13337,8/1/25,539.64,Van Wyck Expressway,T8,Short-Term,False,False,,0,119.0
13338,8/1/25,539.67,Van Wyck Expressway,T5,Business,False,False,,0,277.0
13339,8/1/25,539.91,Van Wyck Expressway,T8,Vacationer,True,False,,0,2593.0
13340,8/1/25,540.03,Van Wyck Expressway,T1,Short-Term,False,False,,0,77.0
13341,8/1/25,540.05,Van Wyck Expressway,T8,Vacationer,False,False,,0,794.0
13342,8/1/25,540.05,Van Wyck Expressway,T1,Business,False,False,,0,453.0
13343,8/1/25,540.06,Van Wyck Expressway,T4,Staff,False,False,,0,480.0
13344,8/1/25,540.07,Van Wyck Expressway,T5,Short-Term,False,False,,0,94.0
13345,8/1/25,540.14,Van Wyck Expressway,T4,Business,True,False,,0,397.0
13346,8/1/25,540.28,Van Wyck Expressway,T4,Vacationer,False,False,,0,2588.0
13347,8/1/25,540.53,Van Wyck Expressway,T4,Vacationer,False,False,,0,501.0
13348,8/1/25,540.91,Van Wyck Expressway,T8,Vacationer,False,False,,0,4191.0
13349,8/1/25,540.98,Van Wyck Expressway,T4,Staff,False,False,,0,480.0
13350,8/1/25,541.05,Van Wyck Expressway,T4,Short-Term,False,False,,0,111.0
13351,8/1/25,541.11,Van Wyck Expressway,T1,Business,False,False,,0,256.0
13352,8/1/25,541.7,Van Wyck Expressway,T1,Short-Term,False,False,,0,90.0
13353,8/1/25,541.78,Van Wyck Expressway,T5,Staff,False,False,,0,480.0
13354,8/1/25,541.79,Van Wyck Expressway,T5,Short-Term,True,False,,0,101.0
13355,8/1/25,541.91,Van Wyck Expressway,T5,Vacationer,False,False,,0,3964.0
13356,8/1/25,541.91,Van Wyck Expressway,T8,Short-Term,False,False,,0,60.0
13357,8/1/25,542.42,Van Wyck Expressway,T4,Vacationer,False,False,,0,1046.0
13358,8/1/25,542.43,Van Wyck Expressway,T1,Vacationer,False,False,,0,2074.0
13359,8/1/25,542.67,Van Wyck Expressway,T4,Vacationer,False,False,,0,1864.0
13360,8/1/25,542.73,Van Wyck Expressway,T8,Business,False,False,,0,246.0
13361,8/1/25,542.76,Van Wyck Expressway,T8,Business,False,False,,0,185.0
13362,8/1/25,542.91,Van Wyck Expressway,T4,Short-Term,False,False,,0,108.0
13363,8/1/25,543.2,Van Wyck Expressway,T1,Business,False,False,,0,246.0
13364,8/1/25,543.26,Van Wyck Expressway,T5,Short-Term,True,False,,0,34.0
13365,8/1/25,543.27,Van Wyck Expressway,T1,Business,False,False,,0,383.0
13366,8/1/25,543.3,Van Wyck Expressway,T5,Short-Term,False,False,,0,71.0
13367,8/1/25,543.3,Van Wyck Expressway,T1,Short-Term,False,False,,0,103.0
13368,8/1/25,543.57,Van Wyck Expressway,T4,Business,False,False,,0,449.0
13369,8/1/25,543.66,Van Wyck Expressway,T4,Short-Term,False,False,,0,98.0
13370,8/1/25,543.76,Van Wyck Expressway,T4,Short-Term,False,False,,0,71.0
13371,8/1/25,543.82,Van Wyck Expressway,T5,Short-Term,False,False,,0,107.0
13372,8/1/25,543.86,Van Wyck Expressway,T4,Vacationer,False,False,,0,1304.0
13373,8/1/25,543.86,Van Wyck Expressway,T4,Staff,False,False,,0,480.0
13374,8/1/25,543.9,Van Wyck Expressway,T5,Business,True,False,,0,406.0
13375,8/1/25,544.03,Van Wyck Expressway,T5,Vacationer,False,False,,0,1142.0
13376,8/1/25,544.49,Van Wyck Expressway,T1,Vacationer,False,False,,0,1183.0
13377,8/1/25,544.53,Van Wyck Expressway,T8,Vacationer,False,False,,0,3608.0
13378,8/1/25,544.7,Van Wyck Expressway,T1,Short-Term,False,False,,0,118.0
13379,8/1/25,544.85,Van Wyck Expressway,T1,Short-Term,False,False,,0,111.0
13380,8/1/25,545.03,Van Wyck Expressway,T4,Business,True,False,,0,309.0
13381,8/1/25,545.06,Van Wyck Expressway,T8,Staff,False,False,,0,480.0
13382,8/1/25,545.07,Van Wyck Expressway,T8,Staff,False,False,,0,480.0
13383,8/1/25,545.09,Van Wyck Expressway,T1,Short-Term,False,False,,0,117.0
13384,8/1/25,545.11,Van Wyck Expressway,T4,Vacationer,False,False,,0,2609.0
13385,8/1/25,545.16,Van Wyck Expressway,T5,Short-Term,False,False,,0,34.0
13386,8/1/25,545.49,Van Wyck Expressway,T1,Business,False,False,,0,312.0
13387,8/1/25,545.6,Van Wyck Expressway,T4,Vacationer,False,False,,0,571.0
13388,8/1/25,545.6,Van Wyck Expressway,T8,Business,False,False,,0,321.0
13389,8/1/25,545.6,Van Wyck Expressway,T1,Vacationer,False,False,,0,784.0
13390,8/1/25,545.73,Van Wyck Expressway,T1,Business,True,False,,0,138.0
13391,8/1/25,545.73,Van Wyck Expressway,T1,Business,False,False,,0,136.0
13392,8/1/25,546.09,Van Wyck Expressway,T1,Vacationer,False,False,,0,375.0
13393,8/1/25,546.09,Van Wyck Expressway,T1,Staff,False,False,,0,480.0
13394,8/1/25,546.21,Van Wyck Expressway,T4,Short-Term,True,False,,0,92.0
13395,8/1/25,546.54,Van Wyck Expressway,T5,Short-Term,False,False,,0,55.0
13396,8/1/25,546.54,Van Wyck Expressway,T8,Short-Term,False,False,,0,103.0
13397,8/1/25,546.54,Van Wyck Expressway,T4,Business,False,False,,0,248.0
13398,8/1/25,546.84,Van Wyck Expressway,T4,Business,False,False,,0,280.0
13399,8/1/25,547.1,Van Wyck Expressway,T5,Short-Term,False,False,,0,41.0
13400,8/1/25,547.15,Van Wyck Expressway,T4,Vacationer,False,False,,0,4280.0
13401,8/1/25,547.17,Van Wyck Expressway,T8,Business,False,False,,0,157.0
13402,8/1/25,547.2,Van Wyck Expressway,T8,Short-Term,False,False,,0,39.0
13403,8/1/25,547.25,Van Wyck Expressway,T5,Vacationer,False,False,,0,1539.0
13404,8/1/25,547.44,Van Wyck Expressway,T8,Business,False,False,,0,401.0
13405,8/1/25,547.67,Van Wyck Expressway,T1,Vacationer,False,False,,0,835.0
13406,8/1/25,547.75,Van Wyck Expressway,T8,Business,False,False,,0,196.0
13407,8/1/25,548.4,Van Wyck Expressway,T8,Short-Term,False,False,,0,94.0
13408,8/1/25,548.43,Van Wyck Expressway,T5,Vacationer,False,False,,0,1007.0
13409,8/1/25,548.44,Van Wyck Expressway,T8,Business,True,False,,0,408.0
13410,8/1/25,548.53,Van Wyck Expressway,T8,Short-Term,False,False,,0,36.0
13411,8/1/25,548.93,Van Wyck Expressway,T8,Short-Term,True,False,,0,56.0
13412,8/1/25,548.93,Van Wyck Expressway,T1,Staff,False,False,,0,480.0
13413,8/1/25,548.94,Van Wyck Expressway,T8,Short-Term,False,False,,0,30.0
13414,8/1/25,549.05,Van Wyck Expressway,T5,Vacationer,False,False,,0,2723.0
13415,8/1/25,549.08,Van Wyck Expressway,T4,Business,False,False,,0,410.0
13416,8/1/25,549.16,Van Wyck Expressway,T1,Staff,False,False,,0,480.0
13417,8/1/25,549.4,Van Wyck Expressway,T1,Business,False,False,,0,425.0
13418,8/1/25,549.67,Van Wyck Expressway,T8,Business,False,False,,0,372.0
13419,8/1/25,549.71,Van Wyck Expressway,T1,Short-Term,False,False,,0,58.0
13420,8/1/25,549.86,Van Wyck Expressway,T5,Business,False,False,,0,366.0
13421,8/1/25,549.91,Van Wyck Expressway,T5,Staff,False,False,,0,480.0
13422,8/1/25,550.02,Van Wyck Expressway,T8,Vacationer,False,False,,0,375.0
13423,8/1/25,550.14,Van Wyck Expressway,T1,Short-Term,False,False,,0,69.0
13424,8/1/25,550.2,Van Wyck Expressway,T4,Short-Term,False,False,,0,34.0
13425,8/1/25,550.21,Van Wyck Expressway,T8,Vacationer,False,False,,0,2709.0
13426,8/1/25,550.24,Van Wyck Expressway,T1,Vacationer,False,False,,0,3117.0
13427,8/1/25,550.55,Van Wyck Expressway,T4,Vacationer,False,False,,0,2290.0
13428,8/1/25,550.65,Van Wyck Expressway,T4,Business,False,False,,0,462.0
13429,8/1/25,550.66,Van Wyck Expressway,T8,Short-Term,True,False,,0,75.0
13430,8/1/25,550.77,Van Wyck Expressway,T5,Short-Term,False,False,,0,109.0
13431,8/1/25,550.83,Van Wyck Expressway,T4,Business,False,False,,0,241.0
13432,8/1/25,550.9,Van Wyck Expressway,T8,Short-Term,True,False,,0,107.0
13433,8/1/25,551.15,Van Wyck Expressway,T8,Business,False,False,,0,410.0
13434,8/1/25,551.15,Van Wyck Expressway,T1,Short-Term,False,False,,0,82.0
13435,8/1/25,551.18,Van Wyck Expressway,T8,Vacationer,False,False,,0,2077.0
13436,8/1/25,551.25,Van Wyck Expressway,T8,Short-Term,False,False,,0,68.0
13437,8/1/25,551.31,Van Wyck Expressway,T4,Business,False,False,,0,362.0
13438,8/1/25,551.37,Van Wyck Expressway,T5,Short-Term,False,False,,0,102.0
13439,8/1/25,551.41,Van Wyck Expressway,T1,Vacationer,False,False,,0,2778.0
13440,8/1/25,551.67,Van Wyck Expressway,T1,Staff,False,False,,0,480.0
13441,8/1/25,551.82,Van Wyck Expressway,T5,Short-Term,False,False,,0,74.0
13442,8/1/25,551.87,Van Wyck Expressway,T4,Short-Term,False,False,,0,100.0
13443,8/1/25,552.02,Van Wyck Expressway,T8,Short-Term,False,False,,0,56.0
13444,8/1/25,552.02,Van Wyck Expressway,T4,Short-Term,False,False,,0,101.0
13445,8/1/25,552.09,Van Wyck Expressway,T4,Staff,False,False,,0,480.0
13446,8/1/25,552.43,Van Wyck Expressway,T4,Short-Term,False,False,,0,76.0
13447,8/1/25,552.54,Van Wyck Expressway,T8,Short-Term,False,False,,0,107.0
13448,8/1/25,552.56,Van Wyck Expressway,T8,Short-Term,True,False,,0,36.0
13449,8/1/25,552.56,Van Wyck Expressway,T5,Business,False,False,,0,364.0
13450,8/1/25,553.11,Van Wyck Expressway,T4,Short-Term,False,False,,0,92.0
13451,8/1/25,553.29,Van Wyck Expressway,T1,Vacationer,True,False,,0,2239.0
13452,8/1/25,553.49,Van Wyck Expressway,T4,Short-Term,False,False,,0,31.0
13453,8/1/25,553.58,Van Wyck Expressway,T8,Staff,True,False,,0,480.0
13454,8/1/25,553.59,Van Wyck Expressway,T1,Business,False,False,,0,223.0
13455,8/1/25,553.8,Van Wyck Expressway,T5,Business,False,False,,0,468.0
13456,8/1/25,553.8,Van Wyck Expressway,T4,Short-Term,False,False,,0,78.0
13457,8/1/25,554.26,Van Wyck Expressway,T5,Vacationer,False,False,,0,1176.0
13458,8/1/25,554.32,Van Wyck Expressway,T4,Staff,True,False,,0,480.0
13459,8/1/25,554.47,Van Wyck Expressway,T5,Staff,False,False,,0,480.0
13460,8/1/25,554.51,Van Wyck Expressway,T5,Business,False,False,,0,361.0
13461,8/1/25,554.75,Van Wyck Expressway,T1,Short-Term,False,False,,0,91.0
13462,8/1/25,555.05,Van Wyck Expressway,T4,Short-Term,False,False,,0,59.0
13463,8/1/25,555.44,Van Wyck Expressway,T5,Short-Term,False,False,,0,49.0
13464,8/1/25,555.49,Van Wyck Expressway,T8,Staff,False,False,,0,480.0
13465,8/1/25,555.56,Van Wyck Expressway,T4,Vacationer,False,False,,0,3253.0
13466,8/1/25,555.75,Van Wyck Expressway,T1,Vacationer,True,False,,0,2153.0
13467,8/1/25,555.94,Van Wyck Expressway,T8,Business,False,False,,0,447.0
13468,8/1/25,556.01,Van Wyck Expressway,T1,Short-Term,False,False,,0,112.0
13469,8/1/25,556.38,Van Wyck Expressway,T4,Vacationer,False,False,,0,3240.0
13470,8/1/25,556.38,Van Wyck Expressway,T8,Short-Term,False,False,,0,109.0
13471,8/1/25,556.59,Van Wyck Expressway,T5,Short-Term,False,False,,0,100.0
13472,8/1/25,556.62,Van Wyck Expressway,T8,Short-Term,False,False,,0,65.0
13473,8/1/25,556.64,Van Wyck Expressway,T1,Staff,True,False,,0,480.0
13474,8/1/25,556.64,Van Wyck Expressway,T4,Business,False,False,,0,329.0
13475,8/1/25,556.69,Van Wyck Expressway,T4,Staff,False,False,,0,480.0
13476,8/1/25,556.83,Van Wyck Expressway,T1,Business,True,False,,0,122.0
13477,8/1/25,556.9,Van Wyck Expressway,T4,Short-Term,False,False,,0,58.0
13478,8/1/25,556.94,Van Wyck Expressway,T5,Vacationer,False,False,,0,3140.0
13479,8/1/25,557.17,Van Wyck Expressway,T8,Vacationer,False,False,,0,4274.0
13480,8/1/25,557.21,Van Wyck Expressway,T8,Business,False,False,,0,377.0
13481,8/1/25,557.64,Van Wyck Expressway,T8,Vacationer,False,False,,0,1759.0
13482,8/1/25,558.2,Van Wyck Expressway,T8,Vacationer,False,False,,0,3636.0
13483,8/1/25,558.32,Van Wyck Expressway,T1,Short-Term,True,False,,0,30.0
13484,8/1/25,558.36,Van Wyck Expressway,T8,Short-Term,False,False,,0,43.0
13485,8/1/25,558.55,Van Wyck Expressway,T8,Short-Term,True,False,,0,38.0
13486,8/1/25,558.71,Van Wyck Expressway,T5,Short-Term,False,False,,0,91.0
13487,8/1/25,558.78,Van Wyck Expressway,T8,Short-Term,False,False,,0,92.0
13488,8/1/25,558.87,Van Wyck Expressway,T8,Business,False,False,,0,309.0
13489,8/1/25,558.96,Van Wyck Expressway,T1,Business,False,False,,0,291.0
13490,8/1/25,558.98,Van Wyck Expressway,T5,Business,False,False,,0,143.0
13491,8/1/25,558.99,Van Wyck Expressway,T1,Business,False,False,,0,123.0
13492,8/1/25,559.04,Van Wyck Expressway,T5,Business,False,False,,0,270.0
13493,8/1/25,559.35,Van Wyck Expressway,T5,Business,False,False,,0,211.0
13494,8/1/25,559.44,Van Wyck Expressway,T1,Short-Term,False,False,,0,115.0
13495,8/1/25,559.59,Van Wyck Expressway,T5,Business,False,False,,0,303.0
13496,8/1/25,559.6,Van Wyck Expressway,T5,Business,False,False,,0,461.0
13497,8/1/25,559.66,Van Wyck Expressway,T8,Short-Term,False,False,,0,118.0
13498,8/1/25,559.76,Van Wyck Expressway,T4,Short-Term,False,False,,0,79.0
13499,8/1/25,559.87,Van Wyck Expressway,T8,Vacationer,False,False,,0,2195.0
13500,8/1/25,559.98,Van Wyck Expressway,T8,Business,True,False,,0,273.0
13501,8/1/25,560.07,Van Wyck Expressway,T1,Business,False,False,,0,476.0
13502,8/1/25,560.2,Van Wyck Expressway,T8,Business,False,False,,0,188.0
13503,8/1/25,560.4,Van Wyck Expressway,T4,Short-Term,False,False,,0,95.0
13504,8/1/25,560.53,Van Wyck Expressway,T4,Short-Term,False,False,,0,79.0
13505,8/1/25,560.58,Van Wyck Expressway,T1,Short-Term,False,False,,0,82.0
13506,8/1/25,560.67,Van Wyck Expressway,T1,Short-Term,False,False,,0,35.0
13507,8/1/25,560.75,Van Wyck Expressway,T8,Business,False,False,,0,451.0
13508,8/1/25,560.81,Van Wyck Expressway,T1,Short-Term,False,False,,0,63.0
13509,8/1/25,560.87,Van Wyck Expressway,T1,Short-Term,False,False,,0,84.0
13510,8/1/25,561.07,Van Wyck Expressway,T4,Short-Term,False,False,,0,33.0
13511,8/1/25,561.51,Van Wyck Expressway,T1,Business,False,False,,0,151.0
13512,8/1/25,561.57,Van Wyck Expressway,T4,Vacationer,False,False,,0,2938.0
13513,8/1/25,561.68,Van Wyck Expressway,T5,Short-Term,False,False,,0,91.0
13514,8/1/25,561.73,Van Wyck Expressway,T8,Vacationer,False,False,,0,652.0
13515,8/1/25,561.76,Van Wyck Expressway,T8,Short-Term,False,False,,0,70.0
13516,8/1/25,561.86,Van Wyck Expressway,T1,Short-Term,False,False,,0,117.0
13517,8/1/25,562.12,Van Wyck Expressway,T8,Short-Term,False,False,,0,65.0
13518,8/1/25,562.28,Van Wyck Expressway,T8,Short-Term,False,False,,0,101.0
13519,8/1/25,562.41,Van Wyck Expressway,T8,Vacationer,False,False,,0,2638.0
13520,8/1/25,562.46,Van Wyck Expressway,T4,Business,True,False,,0,467.0
13521,8/1/25,562.48,Van Wyck Expressway,T8,Vacationer,False,False,,0,707.0
13522,8/1/25,562.64,Van Wyck Expressway,T8,Short-Term,False,False,,0,81.0
13523,8/1/25,562.65,Van Wyck Expressway,T8,Business,False,False,,0,422.0
13524,8/1/25,563.04,Van Wyck Expressway,T1,Business,False,False,,0,248.0
13525,8/1/25,563.07,Van Wyck Expressway,T5,Vacationer,False,False,,0,3562.0
13526,8/1/25,563.14,Van Wyck Expressway,T4,Business,True,False,,0,335.0
13527,8/1/25,563.3,Van Wyck Expressway,T5,Business,True,False,,0,286.0
13528,8/1/25,563.61,Van Wyck Expressway,T4,Business,False,False,,0,129.0
13529,8/1/25,563.77,Van Wyck Expressway,T8,Business,False,False,,0,241.0
13530,8/1/25,563.87,Van Wyck Expressway,T1,Short-Term,False,False,,0,51.0
13531,8/1/25,563.92,Van Wyck Expressway,T8,Business,False,False,,0,323.0
13532,8/1/25,564.07,Van Wyck Expressway,T5,Short-Term,False,False,,0,35.0
13533,8/1/25,564.13,Van Wyck Expressway,T8,Short-Term,False,False,,0,48.0
13534,8/1/25,564.25,Van Wyck Expressway,T4,Business,False,False,,0,305.0
13535,8/1/25,564.5,Van Wyck Expressway,T1,Staff,False,False,,0,480.0
13536,8/1/25,564.52,Van Wyck Expressway,T5,Short-Term,True,False,,0,113.0
13537,8/1/25,564.55,Van Wyck Expressway,T4,Short-Term,False,False,,0,98.0
13538,8/1/25,564.58,Van Wyck Expressway,T5,Short-Term,False,False,,0,68.0
13539,8/1/25,564.59,Van Wyck Expressway,T8,Short-Term,False,False,,0,54.0
13540,8/1/25,564.62,Van Wyck Expressway,T4,Business,False,False,,0,194.0
13541,8/1/25,564.63,Van Wyck Expressway,T4,Business,False,False,,0,447.0
13542,8/1/25,564.71,Van Wyck Expressway,T5,Vacationer,False,False,,0,3216.0
13543,8/1/25,564.74,Van Wyck Expressway,T4,Vacationer,False,False,,0,1199.0
13544,8/1/25,564.79,Van Wyck Expressway,T1,Short-Term,False,False,,0,60.0
13545,8/1/25,564.85,Van Wyck Expressway,T5,Short-Term,True,False,,0,50.0
13546,8/1/25,564.87,Van Wyck Expressway,T1,Business,False,False,,0,456.0
13547,8/1/25,565.26,Van Wyck Expressway,T8,Business,False,False,,0,169.0
13548,8/1/25,565.29,Van Wyck Expressway,T4,Short-Term,False,False,,0,38.0
13549,8/1/25,565.43,Van Wyck Expressway,T4,Business,False,False,,0,424.0
13550,8/1/25,565.49,Van Wyck Expressway,T4,Business,True,False,,0,428.0
13551,8/1/25,565.5,Van Wyck Expressway,T1,Business,False,False,,0,169.0
13552,8/1/25,565.58,Van Wyck Expressway,T4,Short-Term,False,False,,0,112.0
13553,8/1/25,566.21,Van Wyck Expressway,T8,Vacationer,False,False,,0,2060.0
13554,8/1/25,566.24,Van Wyck Expressway,T5,Short-Term,False,False,,0,47.0
13555,8/1/25,566.43,Van Wyck Expressway,T8,Business,False,False,,0,163.0
13556,8/1/25,566.44,Van Wyck Expressway,T5,Vacationer,False,False,,0,3945.0
13557,8/1/25,566.51,Van Wyck Expressway,T8,Staff,False,False,,0,480.0
13558,8/1/25,566.51,Van Wyck Expressway,T8,Vacationer,False,False,,0,2462.0
13559,8/1/25,566.64,Van Wyck Expressway,T5,Short-Term,False,False,,0,110.0
13560,8/1/25,566.69,Van Wyck Expressway,T8,Business,False,False,,0,400.0
13561,8/1/25,566.81,Van Wyck Expressway,T1,Short-Term,False,False,,0,75.0
13562,8/1/25,566.84,Van Wyck Expressway,T5,Staff,False,False,,0,480.0
13563,8/1/25,566.89,Van Wyck Expressway,T8,Business,False,False,,0,375.0
13564,8/1/25,567.07,Van Wyck Expressway,T1,Short-Term,False,False,,0,53.0
13565,8/1/25,567.1,Van Wyck Expressway,T1,Vacationer,False,False,,0,791.0
13566,8/1/25,567.11,Van Wyck Expressway,T5,Staff,False,False,,0,480.0
13567,8/1/25,567.32,Van Wyck Expressway,T1,Short-Term,True,False,,0,73.0
13568,8/1/25,567.33,Van Wyck Expressway,T5,Business,False,False,,0,461.0
13569,8/1/25,567.36,Van Wyck Expressway,T5,Short-Term,False,False,,0,71.0
13570,8/1/25,567.38,Van Wyck Expressway,T1,Vacationer,False,False,,0,1556.0
13571,8/1/25,567.45,Van Wyck Expressway,T4,Vacationer,False,False,,0,1559.0
13572,8/1/25,567.48,Van Wyck Expressway,T1,Business,False,False,,0,477.0
13573,8/1/25,567.5,Van Wyck Expressway,T8,Vacationer,False,False,,0,2322.0
13574,8/1/25,567.71,Van Wyck Expressway,T1,Short-Term,False,False,,0,113.0
13575,8/1/25,567.81,Van Wyck Expressway,T1,Vacationer,False,False,,0,624.0
13576,8/1/25,567.93,Van Wyck Expressway,T8,Vacationer,False,False,,0,1209.0
13577,8/1/25,568.23,Van Wyck Expressway,T1,Short-Term,True,False,,0,30.0
13578,8/1/25,568.29,Van Wyck Expressway,T8,Vacationer,False,False,,0,4174.0
13579,8/1/25,568.33,Van Wyck Expressway,T8,Short-Term,False,False,,0,55.0
13580,8/1/25,568.4,Van Wyck Expressway,T5,Business,True,False,,0,409.0
13581,8/1/25,568.43,Van Wyck Expressway,T8,Business,False,False,,0,407.0
13582,8/1/25,568.54,Van Wyck Expressway,T8,Short-Term,False,False,,0,70.0
13583,8/1/25,568.62,Van Wyck Expressway,T8,Short-Term,False,False,,0,92.0
13584,8/1/25,568.62,Van Wyck Expressway,T4,Business,False,False,,0,280.0
13585,8/1/25,568.73,Van Wyck Expressway,T4,Short-Term,False,False,,0,94.0
13586,8/1/25,568.77,Van Wyck Expressway,T5,Short-Term,False,False,,0,50.0
13587,8/1/25,568.78,Van Wyck Expressway,T1,Business,False,False,,0,249.0
13588,8/1/25,568.91,Van Wyck Expressway,T1,Vacationer,True,False,,0,3234.0
13589,8/1/25,569.01,Van Wyck Expressway,T8,Short-Term,False,False,,0,75.0
13590,8/1/25,569.07,Van Wyck Expressway,T8,Business,False,False,,0,178.0
13591,8/1/25,569.1,Van Wyck Expressway,T8,Short-Term,False,False,,0,102.0
13592,8/1/25,569.14,Van Wyck Expressway,T1,Staff,False,False,,0,480.0
13593,8/1/25,569.32,Van Wyck Expressway,T8,Business,True,False,,0,202.0
13594,8/1/25,569.39,Van Wyck Expressway,T4,Vacationer,False,False,,0,2701.0
13595,8/1/25,569.45,Van Wyck Expressway,T5,Short-Term,False,False,,0,83.0
13596,8/1/25,569.45,Van Wyck Expressway,T1,Short-Term,False,False,,0,55.0
13597,8/1/25,569.53,Van Wyck Expressway,T4,Business,False,False,,0,377.0
13598,8/1/25,569.65,Van Wyck Expressway,T8,Staff,True,False,,0,480.0
13599,8/1/25,569.67,Van Wyck Expressway,T4,Short-Term,False,False,,0,60.0
13600,8/1/25,570.16,Van Wyck Expressway,T8,Business,False,False,,0,422.0
13601,8/1/25,570.32,Van Wyck Expressway,T4,Business,False,False,,0,152.0
13602,8/1/25,570.36,Van Wyck Expressway,T5,Short-Term,False,False,,0,47.0
13603,8/1/25,570.38,Van Wyck Expressway,T5,Short-Term,False,False,,0,119.0
13604,8/1/25,570.43,Van Wyck Expressway,T4,Short-Term,False,False,,0,113.0
13605,8/1/25,570.52,Van Wyck Expressway,T5,Vacationer,False,False,,0,531.0
13606,8/1/25,570.64,Van Wyck Expressway,T4,Business,False,False,,0,314.0
13607,8/1/25,570.72,Van Wyck Expressway,T8,Short-Term,False,False,,0,65.0
13608,8/1/25,570.94,Van Wyck Expressway,T5,Vacationer,True,False,,0,1560.0
13609,8/1/25,570.97,Van Wyck Expressway,T8,Short-Term,False,False,,0,112.0
13610,8/1/25,571.1,Van Wyck Expressway,T5,Business,True,False,,0,441.0
13611,8/1/25,571.1,Van Wyck Expressway,T1,Business,False,False,,0,177.0
13612,8/1/25,571.17,Van Wyck Expressway,T8,Short-Term,False,False,,0,45.0
13613,8/1/25,571.24,Van Wyck Expressway,T5,Staff,False,False,,0,480.0
13614,8/1/25,571.26,Van Wyck Expressway,T5,Vacationer,False,False,,0,1755.0
13615,8/1/25,571.41,Van Wyck Expressway,T8,Short-Term,False,False,,0,55.0
13616,8/1/25,571.49,Van Wyck Expressway,T5,Business,False,False,,0,449.0
13617,8/1/25,571.66,Van Wyck Expressway,T8,Short-Term,False,False,,0,54.0
13618,8/1/25,571.68,Van Wyck Expressway,T8,Business,False,False,,0,267.0
13619,8/1/25,571.72,Van Wyck Expressway,T1,Vacationer,True,False,,0,1544.0
13620,8/1/25,571.72,Van Wyck Expressway,T4,Short-Term,False,False,,0,105.0
13621,8/1/25,572.23,Van Wyck Expressway,T8,Vacationer,False,False,,0,2111.0
13622,8/1/25,572.23,Van Wyck Expressway,T4,Staff,False,False,,0,480.0
13623,8/1/25,572.3,Van Wyck Expressway,T5,Short-Term,False,False,,0,57.0
13624,8/1/25,572.3,Van Wyck Expressway,T5,Business,False,False,,0,460.0
13625,8/1/25,572.34,Van Wyck Expressway,T8,Vacationer,False,False,,0,362.0
13626,8/1/25,572.34,Van Wyck Expressway,T4,Short-Term,False,False,,0,43.0
13627,8/1/25,572.63,Van Wyck Expressway,T4,Short-Term,False,False,,0,97.0
13628,8/1/25,573.05,Van Wyck Expressway,T5,Vacationer,False,False,,0,1650.0
13629,8/1/25,573.12,Van Wyck Expressway,T4,Short-Term,True,False,,0,45.0
13630,8/1/25,573.15,Van Wyck Expressway,T1,Business,True,False,,0,348.0
13631,8/1/25,573.17,Van Wyck Expressway,T4,Vacationer,False,False,,0,2411.0
13632,8/1/25,573.23,Van Wyck Expressway,T8,Vacationer,False,False,,0,1551.0
13633,8/1/25,573.27,Van Wyck Expressway,T5,Vacationer,False,False,,0,1179.0
13634,8/1/25,573.33,Van Wyck Expressway,T4,Staff,False,False,,0,480.0
13635,8/1/25,573.46,Van Wyck Expressway,T8,Business,False,False,,0,342.0
13636,8/1/25,573.5,Van Wyck Expressway,T1,Vacationer,False,False,,0,4158.0
13637,8/1/25,573.88,Van Wyck Expressway,T8,Short-Term,False,False,,0,110.0
13638,8/1/25,573.98,Van Wyck Expressway,T1,Short-Term,False,False,,0,80.0
13639,8/1/25,574.03,Van Wyck Expressway,T4,Business,False,False,,0,137.0
13640,8/1/25,574.14,Van Wyck Expressway,T1,Business,True,False,,0,447.0
13641,8/1/25,574.21,Van Wyck Expressway,T8,Vacationer,False,False,,0,1350.0
13642,8/1/25,574.3,Van Wyck Expressway,T8,Short-Term,True,False,,0,78.0
13643,8/1/25,574.33,Van Wyck Expressway,T1,Short-Term,False,False,,0,65.0
13644,8/1/25,574.5,Van Wyck Expressway,T1,Business,False,False,,0,375.0
13645,8/1/25,574.53,Van Wyck Expressway,T4,Short-Term,False,False,,0,31.0
13646,8/1/25,574.73,Van Wyck Expressway,T4,Business,False,False,,0,184.0
13647,8/1/25,575.1,Van Wyck Expressway,T8,Vacationer,False,False,,0,4114.0
13648,8/1/25,575.15,Van Wyck Expressway,T8,Short-Term,False,False,,0,32.0
13649,8/1/25,575.23,Van Wyck Expressway,T1,Short-Term,False,False,,0,49.0
13650,8/1/25,575.24,Van Wyck Expressway,T1,Short-Term,False,False,,0,56.0
13651,8/1/25,575.27,Van Wyck Expressway,T8,Short-Term,False,False,,0,47.0
13652,8/1/25,575.31,Van Wyck Expressway,T8,Staff,False,False,,0,480.0
13653,8/1/25,575.42,Van Wyck Expressway,T4,Short-Term,False,False,,0,108.0
13654,8/1/25,575.46,Van Wyck Expressway,T8,Business,False,False,,0,144.0
13655,8/1/25,575.5,Van Wyck Expressway,T8,Business,False,False,,0,467.0
13656,8/1/25,575.61,Van Wyck Expressway,T8,Business,False,False,,0,214.0
13657,8/1/25,575.66,Van Wyck Expressway,T5,Staff,False,False,,0,480.0
13658,8/1/25,575.69,Van Wyck Expressway,T5,Short-Term,False,False,,0,45.0
13659,8/1/25,575.87,Van Wyck Expressway,T8,Business,False,False,,0,458.0
13660,8/1/25,575.94,Van Wyck Expressway,T8,Short-Term,False,False,,0,76.0
13661,8/1/25,576.09,Van Wyck Expressway,T8,Short-Term,False,False,,0,33.0
13662,8/1/25,576.17,Van Wyck Expressway,T4,Short-Term,False,False,,0,100.0
13663,8/1/25,576.26,Van Wyck Expressway,T1,Short-Term,False,False,,0,30.0
13664,8/1/25,576.32,Van Wyck Expressway,T5,Staff,False,False,,0,480.0
13665,8/1/25,576.33,Van Wyck Expressway,T1,Staff,False,False,,0,480.0
13666,8/1/25,576.37,Van Wyck Expressway,T4,Short-Term,True,False,,0,105.0
13667,8/1/25,576.37,Van Wyck Expressway,T8,Short-Term,False,False,,0,45.0
13668,8/1/25,576.69,Van Wyck Expressway,T1,Vacationer,False,False,,0,1549.0
13669,8/1/25,576.8,Van Wyck Expressway,T5,Short-Term,False,False,,0,51.0
13670,8/1/25,576.91,Van Wyck Expressway,T8,Business,False,False,,0,244.0
13671,8/1/25,577.61,Van Wyck Expressway,T4,Vacationer,False,False,,0,4142.0
13672,8/1/25,577.63,Van Wyck Expressway,T1,Short-Term,False,False,,0,67.0
13673,8/1/25,577.64,Van Wyck Expressway,T1,Short-Term,False,False,,0,102.0
13674,8/1/25,577.82,Van Wyck Expressway,T8,Short-Term,False,False,,0,67.0
13675,8/1/25,577.93,Van Wyck Expressway,T8,Short-Term,False,False,,0,40.0
13676,8/1/25,577.94,Van Wyck Expressway,T8,Short-Term,False,False,,0,86.0
13677,8/1/25,578.05,Van Wyck Expressway,T8,Business,False,False,,0,192.0
13678,8/1/25,578.18,Van Wyck Expressway,T8,Business,False,False,,0,413.0
13679,8/1/25,578.61,Van Wyck Expressway,T8,Staff,False,False,,0,480.0
13680,8/1/25,578.68,Van Wyck Expressway,T4,Business,False,False,,0,166.0
13681,8/1/25,578.86,Van Wyck Expressway,T8,Short-Term,True,False,,0,118.0
13682,8/1/25,578.88,Van Wyck Expressway,T5,Staff,False,False,,0,480.0
13683,8/1/25,578.94,Van Wyck Expressway,T1,Business,False,False,,0,193.0
13684,8/1/25,578.99,Van Wyck Expressway,T1,Vacationer,False,False,,0,1091.0
13685,8/1/25,579.0,Van Wyck Expressway,T5,Short-Term,False,False,,0,69.0
13686,8/1/25,579.12,Van Wyck Expressway,T1,Short-Term,False,False,,0,64.0
13687,8/1/25,579.15,Van Wyck Expressway,T5,Business,False,False,,0,164.0
13688,8/1/25,579.17,Van Wyck Expressway,T4,Business,False,False,,0,465.0
13689,8/1/25,579.39,Van Wyck Expressway,T8,Vacationer,False,False,,0,3008.0
13690,8/1/25,579.49,Van Wyck Expressway,T4,Short-Term,False,False,,0,32.0
13691,8/1/25,579.55,Van Wyck Expressway,T8,Short-Term,False,False,,0,112.0
13692,8/1/25,579.78,Van Wyck Expressway,T4,Short-Term,False,False,,0,33.0
13693,8/1/25,579.78,Van Wyck Expressway,T8,Business,True,False,,0,320.0
13694,8/1/25,579.94,Van Wyck Expressway,T4,Vacationer,True,False,,0,511.0
13695,8/1/25,579.94,Van Wyck Expressway,T8,Staff,False,False,,0,480.0
13696,8/1/25,580.01,Van Wyck Expressway,T4,Short-Term,False,False,,0,110.0
13697,8/1/25,580.05,Van Wyck Expressway,T1,Short-Term,False,False,,0,46.0
13698,8/1/25,580.06,Van Wyck Expressway,T5,Short-Term,True,False,,0,68.0
13699,8/1/25,580.06,Van Wyck Expressway,T4,Short-Term,False,False,,0,118.0
13700,8/1/25,580.11,Van Wyck Expressway,T1,Staff,False,False,,0,480.0
13701,8/1/25,580.31,Van Wyck Expressway,T1,Short-Term,False,False,,0,91.0
13702,8/1/25,580.33,Van Wyck Expressway,T5,Vacationer,False,False,,0,3255.0
13703,8/1/25,580.45,Van Wyck Expressway,T5,Business,False,False,,0,204.0
13704,8/1/25,580.71,Van Wyck Expressway,T1,Short-Term,False,False,,0,118.0
13705,8/1/25,580.73,Van Wyck Expressway,T5,Short-Term,False,False,,0,86.0
13706,8/1/25,580.73,Van Wyck Expressway,T8,Business,False,False,,0,244.0
13707,8/1/25,580.76,Van Wyck Expressway,T4,Staff,False,False,,0,480.0
13708,8/1/25,580.79,Van Wyck Expressway,T8,Short-Term,False,False,,0,62.0
13709,8/1/25,580.91,Van Wyck Expressway,T4,Short-Term,False,False,,0,93.0
13710,8/1/25,581.07,Van Wyck Expressway,T4,Staff,False,False,,0,480.0
13711,8/1/25,581.12,Van Wyck Expressway,T4,Short-Term,False,False,,0,94.0
13712,8/1/25,581.14,Van Wyck Expressway,T5,Short-Term,False,False,,0,60.0
13713,8/1/25,581.24,Van Wyck Expressway,T8,Business,False,False,,0,205.0
13714,8/1/25,581.32,Van Wyck Expressway,T5,Vacationer,False,False,,0,2736.0
13715,8/1/25,581.38,Van Wyck Expressway,T5,Short-Term,False,False,,0,31.0
13716,8/1/25,581.45,Van Wyck Expressway,T8,Staff,False,False,,0,480.0
13717,8/1/25,581.51,Van Wyck Expressway,T8,Staff,False,False,,0,480.0
13718,8/1/25,581.66,Van Wyck Expressway,T4,Business,False,False,,0,396.0
13719,8/1/25,581.85,Van Wyck Expressway,T8,Business,False,False,,0,242.0
13720,8/1/25,581.95,Van Wyck Expressway,T8,Business,False,False,,0,382.0
13721,8/1/25,581.98,Van Wyck Expressway,T4,Vacationer,False,False,,0,1416.0
13722,8/1/25,582.01,Van Wyck Expressway,T1,Short-Term,False,False,,0,77.0
13723,8/1/25,582.4,Van Wyck Expressway,T4,Business,False,False,,0,445.0
13724,8/1/25,582.56,Van Wyck Expressway,T4,Short-Term,False,False,,0,110.0
13725,8/1/25,582.6,Van Wyck Expressway,T1,Short-Term,False,False,,0,43.0
13726,8/1/25,582.8,Van Wyck Expressway,T8,Vacationer,False,False,,0,1831.0
13727,8/1/25,582.81,Van Wyck Expressway,T1,Business,False,False,,0,299.0
13728,8/1/25,582.83,Van Wyck Expressway,T4,Short-Term,False,False,,0,70.0
13729,8/1/25,582.95,Van Wyck Expressway,T4,Business,False,False,,0,192.0
13730,8/1/25,582.96,Van Wyck Expressway,T4,Short-Term,False,False,,0,35.0
13731,8/1/25,582.98,Van Wyck Expressway,T5,Staff,False,False,,0,480.0
13732,8/1/25,582.98,Van Wyck Expressway,T1,Short-Term,False,False,,0,119.0
13733,8/1/25,583.12,Van Wyck Expressway,T5,Short-Term,False,False,,0,35.0
13734,8/1/25,583.48,Van Wyck Expressway,T8,Business,False,False,,0,324.0
13735,8/1/25,583.55,Van Wyck Expressway,T4,Short-Term,True,False,,0,113.0
13736,8/1/25,583.65,Van Wyck Expressway,T5,Short-Term,True,False,,0,93.0
13737,8/1/25,583.72,Van Wyck Expressway,T5,Short-Term,False,False,,0,32.0
13738,8/1/25,583.73,Van Wyck Expressway,T1,Business,False,False,,0,179.0
13739,8/1/25,583.73,Van Wyck Expressway,T4,Short-Term,True,False,,0,90.0
13740,8/1/25,584.07,Van Wyck Expressway,T4,Short-Term,False,False,,0,75.0
13741,8/1/25,584.17,Van Wyck Expressway,T8,Short-Term,False,False,,0,55.0
13742,8/1/25,584.29,Van Wyck Expressway,T5,Business,False,False,,0,169.0
13743,8/1/25,584.34,Van Wyck Expressway,T5,Business,False,False,,0,237.0
13744,8/1/25,584.47,Van Wyck Expressway,T4,Vacationer,False,False,,0,2635.0
13745,8/1/25,584.55,Van Wyck Expressway,T4,Short-Term,True,False,,0,65.0
13746,8/1/25,584.78,Van Wyck Expressway,T8,Business,False,False,,0,201.0
13747,8/1/25,584.82,Van Wyck Expressway,T4,Business,False,False,,0,397.0
13748,8/1/25,584.85,Van Wyck Expressway,T8,Short-Term,False,False,,0,107.0
13749,8/1/25,584.9,Van Wyck Expressway,T4,Vacationer,False,False,,0,491.0
13750,8/1/25,585.14,Van Wyck Expressway,T1,Short-Term,False,False,,0,105.0
13751,8/1/25,585.19,Van Wyck Expressway,T4,Short-Term,False,False,,0,50.0
13752,8/1/25,585.26,Van Wyck Expressway,T8,Vacationer,False,False,,0,2130.0
13753,8/1/25,585.32,Van Wyck Expressway,T8,Short-Term,False,False,,0,91.0
13754,8/1/25,585.44,Van Wyck Expressway,T4,Business,False,False,,0,268.0
13755,8/1/25,585.64,Van Wyck Expressway,T8,Short-Term,False,False,,0,77.0
13756,8/1/25,585.86,Van Wyck Expressway,T5,Short-Term,False,False,,0,55.0
13757,8/1/25,586.08,Van Wyck Expressway,T4,Short-Term,False,False,,0,88.0
13758,8/1/25,586.4,Van Wyck Expressway,T8,Business,False,False,,0,213.0
13759,8/1/25,586.65,Van Wyck Expressway,T1,Vacationer,False,False,,0,2019.0
13760,8/1/25,586.66,Van Wyck Expressway,T1,Business,False,False,,0,386.0
13761,8/1/25,586.78,Van Wyck Expressway,T8,Vacationer,False,False,,0,2316.0
13762,8/1/25,586.82,Van Wyck Expressway,T1,Short-Term,True,False,,0,80.0
13763,8/1/25,587.05,Van Wyck Expressway,T1,Business,False,False,,0,220.0
13764,8/1/25,587.08,Van Wyck Expressway,T5,Vacationer,True,False,,0,3729.0
13765,8/1/25,587.1,Van Wyck Expressway,T1,Short-Term,False,False,,0,55.0
13766,8/1/25,587.17,Van Wyck Expressway,T4,Short-Term,False,False,,0,31.0
13767,8/1/25,587.28,Van Wyck Expressway,T5,Vacationer,False,False,,0,887.0
13768,8/1/25,587.33,Van Wyck Expressway,T1,Short-Term,False,False,,0,81.0
13769,8/1/25,587.34,Van Wyck Expressway,T5,Short-Term,True,False,,0,57.0
13770,8/1/25,587.43,Van Wyck Expressway,T4,Short-Term,False,False,,0,30.0
13771,8/1/25,587.53,Van Wyck Expressway,T8,Vacationer,True,False,,0,430.0
13772,8/1/25,587.53,Van Wyck Expressway,T8,Short-Term,False,False,,0,31.0
13773,8/1/25,587.6,Van Wyck Expressway,T5,Vacationer,False,False,,0,1049.0
13774,8/1/25,587.8,Van Wyck Expressway,T5,Short-Term,False,False,,0,61.0
13775,8/1/25,587.83,Van Wyck Expressway,T8,Short-Term,False,False,,0,88.0
13776,8/1/25,588.06,Van Wyck Expressway,T1,Short-Term,False,False,,0,48.0
13777,8/1/25,588.09,Van Wyck Expressway,T1,Business,False,False,,0,254.0
13778,8/1/25,588.15,Van Wyck Expressway,T5,Business,False,False,,0,262.0
13779,8/1/25,588.16,Van Wyck Expressway,T8,Short-Term,False,False,,0,88.0
13780,8/1/25,588.24,Van Wyck Expressway,T4,Staff,True,False,,0,480.0
13781,8/1/25,588.4,Van Wyck Expressway,T4,Staff,False,False,,0,480.0
13782,8/1/25,588.47,Van Wyck Expressway,T5,Short-Term,False,False,,0,50.0
13783,8/1/25,588.74,Van Wyck Expressway,T1,Vacationer,False,False,,0,2328.0
13784,8/1/25,588.77,Van Wyck Expressway,T8,Short-Term,False,False,,0,119.0
13785,8/1/25,589.04,Van Wyck Expressway,T5,Vacationer,False,False,,0,958.0
13786,8/1/25,589.2,Van Wyck Expressway,T4,Vacationer,False,False,,0,2978.0
13787,8/1/25,589.24,Van Wyck Expressway,T5,Vacationer,False,False,,0,3246.0
13788,8/1/25,589.28,Van Wyck Expressway,T4,Short-Term,False,False,,0,40.0
13789,8/1/25,589.28,Van Wyck Expressway,T1,Short-Term,False,False,,0,43.0
13790,8/1/25,589.33,Van Wyck Expressway,T1,Business,True,False,,0,405.0
13791,8/1/25,589.38,Van Wyck Expressway,T4,Short-Term,True,False,,0,64.0
13792,8/1/25,589.5,Van Wyck Expressway,T5,Business,False,False,,0,340.0
13793,8/1/25,589.72,Van Wyck Expressway,T1,Short-Term,True,False,,0,59.0
13794,8/1/25,589.78,Van Wyck Expressway,T4,Short-Term,False,False,,0,58.0
13795,8/1/25,590.22,Van Wyck Expressway,T1,Business,False,False,,0,229.0
13796,8/1/25,590.42,Van Wyck Expressway,T8,Short-Term,False,False,,0,47.0
13797,8/1/25,590.43,Van Wyck Expressway,T8,Staff,False,False,,0,480.0
13798,8/1/25,590.54,Van Wyck Expressway,T5,Short-Term,False,False,,0,105.0
13799,8/1/25,590.65,Van Wyck Expressway,T8,Short-Term,False,False,,0,34.0
13800,8/1/25,590.73,Van Wyck Expressway,T5,Business,False,False,,0,463.0
13801,8/1/25,590.97,Van Wyck Expressway,T8,Vacationer,False,False,,0,453.0
13802,8/1/25,591.02,Van Wyck Expressway,T5,Business,False,False,,0,121.0
13803,8/1/25,591.3,Van Wyck Expressway,T1,Staff,True,False,,0,480.0
13804,8/1/25,591.4,Van Wyck Expressway,T8,Vacationer,False,False,,0,1317.0
13805,8/1/25,591.44,Van Wyck Expressway,T8,Short-Term,False,False,,0,39.0
13806,8/1/25,591.47,Van Wyck Expressway,T8,Vacationer,False,False,,0,983.0
13807,8/1/25,591.61,Van Wyck Expressway,T1,Short-Term,False,False,,0,104.0
13808,8/1/25,591.65,Van Wyck Expressway,T1,Vacationer,False,False,,0,749.0
13809,8/1/25,591.74,Van Wyck Expressway,T8,Staff,False,False,,0,480.0
13810,8/1/25,591.88,Van Wyck Expressway,T1,Business,True,False,,0,262.0
13811,8/1/25,591.92,Van Wyck Expressway,T4,Short-Term,False,False,,0,55.0
13812,8/1/25,592.01,Van Wyck Expressway,T1,Staff,False,False,,0,480.0
13813,8/1/25,592.02,Van Wyck Expressway,T1,Vacationer,True,False,,0,1038.0
13814,8/1/25,592.08,Van Wyck Expressway,T1,Short-Term,False,False,,0,91.0
13815,8/1/25,592.27,Van Wyck Expressway,T4,Short-Term,False,False,,0,59.0
13816,8/1/25,592.42,Van Wyck Expressway,T8,Vacationer,False,False,,0,4170.0
13817,8/1/25,592.45,Van Wyck Expressway,T8,Staff,False,False,,0,480.0
13818,8/1/25,592.49,Van Wyck Expressway,T1,Staff,False,False,,0,480.0
13819,8/1/25,593.05,Van Wyck Expressway,T8,Short-Term,False,False,,0,117.0
13820,8/1/25,593.07,Van Wyck Expressway,T8,Short-Term,True,False,,0,82.0
13821,8/1/25,593.11,Van Wyck Expressway,T8,Business,False,False,,0,464.0
13822,8/1/25,593.12,Van Wyck Expressway,T1,Short-Term,False,False,,0,46.0
13823,8/1/25,593.24,Van Wyck Expressway,T1,Short-Term,True,False,,0,116.0
13824,8/1/25,593.32,Van Wyck Expressway,T4,Vacationer,False,False,,0,3519.0
13825,8/1/25,593.55,Van Wyck Expressway,T5,Vacationer,False,False,,0,4179.0
13826,8/1/25,593.71,Van Wyck Expressway,T5,Business,False,False,,0,361.0
13827,8/1/25,593.73,Van Wyck Expressway,T8,Short-Term,False,False,,0,112.0
13828,8/1/25,593.82,Van Wyck Expressway,T4,Vacationer,False,False,,0,3965.0
13829,8/1/25,593.82,Van Wyck Expressway,T8,Short-Term,True,False,,0,101.0
13830,8/1/25,593.83,Van Wyck Expressway,T8,Short-Term,False,False,,0,96.0
13831,8/1/25,593.84,Van Wyck Expressway,T5,Business,False,False,,0,285.0
13832,8/1/25,593.86,Van Wyck Expressway,T5,Vacationer,False,False,,0,2054.0
13833,8/1/25,593.88,Van Wyck Expressway,T5,Short-Term,True,False,,0,31.0
13834,8/1/25,593.94,Van Wyck Expressway,T5,Vacationer,False,False,,0,2283.0
13835,8/1/25,594.42,Van Wyck Expressway,T4,Business,False,False,,0,189.0
13836,8/1/25,594.53,Van Wyck Expressway,T1,Business,True,False,,0,359.0
13837,8/1/25,594.54,Van Wyck Expressway,T8,Short-Term,False,False,,0,78.0
13838,8/1/25,594.63,Van Wyck Expressway,T8,Business,False,False,,0,135.0
13839,8/1/25,594.69,Van Wyck Expressway,T4,Business,False,False,,0,432.0
13840,8/1/25,594.78,Van Wyck Expressway,T4,Vacationer,False,False,,0,3313.0
13841,8/1/25,595.11,Van Wyck Expressway,T1,Business,False,False,,0,365.0
13842,8/1/25,595.19,Van Wyck Expressway,T1,Short-Term,False,False,,0,32.0
13843,8/1/25,595.23,Van Wyck Expressway,T8,Short-Term,False,False,,0,119.0
13844,8/1/25,595.34,Van Wyck Expressway,T5,Business,True,False,,0,302.0
13845,8/1/25,595.47,Van Wyck Expressway,T4,Short-Term,True,False,,0,111.0
13846,8/1/25,595.49,Van Wyck Expressway,T5,Short-Term,False,False,,0,109.0
13847,8/1/25,595.58,Van Wyck Expressway,T1,Business,False,False,,0,142.0
13848,8/1/25,595.62,Van Wyck Expressway,T1,Short-Term,False,False,,0,42.0
13849,8/1/25,595.69,Van Wyck Expressway,T8,Short-Term,False,False,,0,41.0
13850,8/1/25,595.93,Van Wyck Expressway,T1,Vacationer,True,False,,0,3707.0
13851,8/1/25,596.0,Van Wyck Expressway,T4,Short-Term,False,False,,0,100.0
13852,8/1/25,596.13,Van Wyck Expressway,T5,Short-Term,True,False,,0,39.0
13853,8/1/25,596.35,Van Wyck Expressway,T5,Business,False,False,,0,212.0
13854,8/1/25,596.4,Van Wyck Expressway,T8,Vacationer,False,False,,0,3831.0
13855,8/1/25,596.5,Van Wyck Expressway,T4,Business,False,False,,0,201.0
13856,8/1/25,596.53,Van Wyck Expressway,T8,Short-Term,False,False,,0,74.0
13857,8/1/25,596.67,Van Wyck Expressway,T1,Business,False,False,,0,320.0
13858,8/1/25,596.84,Van Wyck Expressway,T4,Short-Term,False,False,,0,71.0
13859,8/1/25,596.85,Van Wyck Expressway,T1,Short-Term,False,False,,0,96.0
13860,8/1/25,596.95,Van Wyck Expressway,T1,Short-Term,True,False,,0,60.0
13861,8/1/25,597.2,Van Wyck Expressway,T5,Short-Term,False,False,,0,103.0
13862,8/1/25,597.2,Van Wyck Expressway,T4,Vacationer,False,False,,0,2247.0
13863,8/1/25,597.26,Van Wyck Expressway,T1,Staff,False,False,,0,480.0
13864,8/1/25,597.5,Van Wyck Expressway,T8,Short-Term,False,False,,0,74.0
13865,8/1/25,597.65,Van Wyck Expressway,T4,Business,False,False,,0,380.0
13866,8/1/25,597.75,Van Wyck Expressway,T8,Short-Term,False,False,,0,35.0
13867,8/1/25,597.91,Van Wyck Expressway,T8,Business,False,False,,0,342.0
13868,8/1/25,598.02,Van Wyck Expressway,T5,Vacationer,False,False,,0,3149.0
13869,8/1/25,598.03,Van Wyck Expressway,T1,Short-Term,False,False,,0,107.0
13870,8/1/25,598.05,Van Wyck Expressway,T5,Short-Term,False,False,,0,115.0
13871,8/1/25,598.06,Van Wyck Expressway,T5,Short-Term,False,False,,0,60.0
13872,8/1/25,598.08,Van Wyck Expressway,T4,Short-Term,False,False,,0,44.0
13873,8/1/25,598.24,Van Wyck Expressway,T8,Business,False,False,,0,446.0
13874,8/1/25,598.45,Van Wyck Expressway,T1,Business,False,False,,0,268.0
13875,8/1/25,598.51,Van Wyck Expressway,T8,Vacationer,False,False,,0,823.0
13876,8/1/25,598.55,Van Wyck Expressway,T8,Short-Term,False,False,,0,55.0
13877,8/1/25,598.74,Van Wyck Expressway,T1,Vacationer,False,False,,0,2996.0
13878,8/1/25,598.77,Van Wyck Expressway,T5,Vacationer,False,False,,0,3718.0
13879,8/1/25,599.22,Van Wyck Expressway,T4,Vacationer,False,False,,0,3010.0
13880,8/1/25,599.27,Van Wyck Expressway,T1,Short-Term,False,False,,0,42.0
13881,8/1/25,599.51,Van Wyck Expressway,T4,Vacationer,False,False,,0,1690.0
13882,8/1/25,599.54,Van Wyck Expressway,T4,Vacationer,False,False,,0,834.0
13883,8/1/25,599.57,Van Wyck Expressway,T1,Short-Term,False,False,,0,45.0
13884,8/1/25,599.61,Van Wyck Expressway,T5,Short-Term,True,False,,0,43.0
13885,8/1/25,599.71,Van Wyck Expressway,T8,Business,False,False,,0,150.0
13886,8/1/25,599.93,Van Wyck Expressway,T8,Short-Term,False,False,,0,70.0
13887,8/1/25,600.12,Van Wyck Expressway,T8,Short-Term,False,False,,0,89.0
13888,8/1/25,600.12,Van Wyck Expressway,T8,Staff,False,False,,0,480.0
13889,8/1/25,600.44,Van Wyck Expressway,T5,Vacationer,False,False,,0,2405.0
13890,8/1/25,600.68,Van Wyck Expressway,T5,Short-Term,False,False,,0,92.0
13891,8/1/25,600.72,Van Wyck Expressway,T8,Staff,False,False,,0,480.0
13892,8/1/25,600.79,Van Wyck Expressway,T4,Vacationer,False,False,,0,1764.0
13893,8/1/25,600.84,Van Wyck Expressway,T8,Vacationer,False,False,,0,3342.0
13894,8/1/25,600.86,Van Wyck Expressway,T5,Short-Term,False,False,,0,74.0
13895,8/1/25,600.97,Van Wyck Expressway,T4,Short-Term,False,False,,0,91.0
13896,8/1/25,600.98,Van Wyck Expressway,T1,Business,False,False,,0,137.0
13897,8/1/25,601.0,Van Wyck Expressway,T8,Business,False,False,,0,468.0
13898,8/1/25,601.15,Van Wyck Expressway,T4,Staff,False,False,,0,480.0
13899,8/1/25,601.17,Van Wyck Expressway,T4,Business,False,False,,0,207.0
13900,8/1/25,601.25,Van Wyck Expressway,T8,Vacationer,False,False,,0,3765.0
13901,8/1/25,601.26,Van Wyck Expressway,T4,Short-Term,False,False,,0,90.0
13902,8/1/25,601.35,Van Wyck Expressway,T5,Short-Term,False,False,,0,105.0
13903,8/1/25,601.39,Van Wyck Expressway,T5,Business,False,False,,0,200.0
13904,8/1/25,601.46,Van Wyck Expressway,T4,Business,False,False,,0,288.0
13905,8/1/25,601.49,Van Wyck Expressway,T4,Business,False,False,,0,266.0
13906,8/1/25,601.72,Van Wyck Expressway,T4,Short-Term,False,False,,0,117.0
13907,8/1/25,601.74,Van Wyck Expressway,T1,Vacationer,False,False,,0,3159.0
13908,8/1/25,601.92,Van Wyck Expressway,T5,Vacationer,False,False,,0,2960.0
13909,8/1/25,601.93,Van Wyck Expressway,T8,Staff,False,False,,0,480.0
13910,8/1/25,601.94,Van Wyck Expressway,T5,Short-Term,False,False,,0,58.0
13911,8/1/25,602.0,Van Wyck Expressway,T4,Short-Term,False,False,,0,86.0
13912,8/1/25,602.05,Van Wyck Expressway,T8,Short-Term,False,False,,0,75.0
13913,8/1/25,602.08,Van Wyck Expressway,T4,Staff,False,False,,0,480.0
13914,8/1/25,602.14,Van Wyck Expressway,T5,Business,False,False,,0,331.0
13915,8/1/25,602.18,Van Wyck Expressway,T5,Vacationer,False,False,,0,1816.0
13916,8/1/25,602.24,Van Wyck Expressway,T1,Vacationer,False,False,,0,3417.0
13917,8/1/25,602.27,Van Wyck Expressway,T4,Short-Term,False,False,,0,115.0
13918,8/1/25,602.33,Van Wyck Expressway,T5,Short-Term,True,False,,0,61.0
13919,8/1/25,602.34,Van Wyck Expressway,T5,Short-Term,False,False,,0,102.0
13920,8/1/25,602.35,Van Wyck Expressway,T8,Business,False,False,,0,285.0
13921,8/1/25,602.37,Van Wyck Expressway,T8,Vacationer,False,False,,0,544.0
13922,8/1/25,602.39,Van Wyck Expressway,T1,Business,False,False,,0,257.0
13923,8/1/25,602.54,Van Wyck Expressway,T1,Business,False,False,,0,197.0
13924,8/1/25,602.59,Van Wyck Expressway,T5,Vacationer,True,False,,0,2921.0
13925,8/1/25,602.73,Van Wyck Expressway,T4,Short-Term,False,False,,0,71.0
13926,8/1/25,602.8,Van Wyck Expressway,T8,Short-Term,False,False,,0,93.0
13927,8/1/25,602.82,Van Wyck Expressway,T1,Short-Term,False,False,,0,110.0
13928,8/1/25,602.87,Van Wyck Expressway,T1,Staff,False,False,,0,480.0
13929,8/1/25,602.88,Van Wyck Expressway,T4,Short-Term,False,False,,0,64.0
13930,8/1/25,603.03,Van Wyck Expressway,T1,Vacationer,False,False,,0,1491.0
13931,8/1/25,603.19,Van Wyck Expressway,T4,Vacationer,False,False,,0,1868.0
13932,8/1/25,603.2,Van Wyck Expressway,T1,Short-Term,False,False,,0,37.0
13933,8/1/25,603.53,Van Wyck Expressway,T8,Short-Term,False,False,,0,97.0
13934,8/1/25,603.61,Van Wyck Expressway,T5,Short-Term,False,False,,0,86.0
13935,8/1/25,603.64,Van Wyck Expressway,T4,Short-Term,False,False,,0,46.0
13936,8/1/25,603.69,Van Wyck Expressway,T5,Short-Term,False,False,,0,39.0
13937,8/1/25,603.87,Van Wyck Expressway,T4,Vacationer,False,False,,0,3131.0
13938,8/1/25,604.11,Van Wyck Expressway,T4,Vacationer,True,False,,0,3818.0
13939,8/1/25,604.13,Van Wyck Expressway,T5,Business,False,False,,0,436.0
13940,8/1/25,604.23,Van Wyck Expressway,T4,Short-Term,False,False,,0,51.0
13941,8/1/25,604.43,Van Wyck Expressway,T8,Staff,False,False,,0,480.0
13942,8/1/25,604.44,Van Wyck Expressway,T8,Business,False,False,,0,212.0
13943,8/1/25,604.69,Van Wyck Expressway,T5,Vacationer,False,False,,0,3151.0
13944,8/1/25,604.7,Van Wyck Expressway,T4,Short-Term,False,False,,0,75.0
13945,8/1/25,604.91,Van Wyck Expressway,T4,Vacationer,False,False,,0,3544.0
13946,8/1/25,604.97,Van Wyck Expressway,T5,Vacationer,False,False,,0,2220.0
13947,8/1/25,605.01,Van Wyck Expressway,T1,Business,False,False,,0,334.0
13948,8/1/25,605.15,Van Wyck Expressway,T4,Business,False,False,,0,199.0
13949,8/1/25,605.17,Van Wyck Expressway,T4,Vacationer,True,False,,0,3839.0
13950,8/1/25,605.18,Van Wyck Expressway,T5,Staff,False,False,,0,480.0
13951,8/1/25,605.38,Van Wyck Expressway,T4,Short-Term,False,False,,0,47.0
13952,8/1/25,605.38,Van Wyck Expressway,T8,Vacationer,False,False,,0,1203.0
13953,8/1/25,605.47,Van Wyck Expressway,T5,Short-Term,False,False,,0,38.0
13954,8/1/25,605.48,Van Wyck Expressway,T4,Vacationer,False,False,,0,4025.0
13955,8/1/25,605.5,Van Wyck Expressway,T1,Business,False,False,,0,368.0
13956,8/1/25,605.54,Van Wyck Expressway,T8,Short-Term,False,False,,0,109.0
13957,8/1/25,605.58,Van Wyck Expressway,T5,Vacationer,True,False,,0,3360.0
13958,8/1/25,605.7,Van Wyck Expressway,T5,Short-Term,False,False,,0,38.0
13959,8/1/25,605.71,Van Wyck Expressway,T5,Vacationer,False,False,,0,3842.0
13960,8/1/25,605.86,Van Wyck Expressway,T8,Vacationer,False,False,,0,3273.0
13961,8/1/25,605.96,Van Wyck Expressway,T8,Business,False,False,,0,268.0
13962,8/1/25,606.04,Van Wyck Expressway,T1,Staff,False,False,,0,480.0
13963,8/1/25,606.64,Van Wyck Expressway,T1,Business,True,False,,0,347.0
13964,8/1/25,606.65,Van Wyck Expressway,T5,Short-Term,False,False,,0,54.0
13965,8/1/25,606.86,Van Wyck Expressway,T8,Vacationer,False,False,,0,2360.0
13966,8/1/25,607.18,Van Wyck Expressway,T5,Business,False,False,,0,436.0
13967,8/1/25,607.32,Van Wyck Expressway,T4,Short-Term,False,False,,0,98.0
13968,8/1/25,607.76,Van Wyck Expressway,T4,Short-Term,True,False,,0,49.0
13969,8/1/25,607.8,Van Wyck Expressway,T5,Staff,False,False,,0,480.0
13970,8/1/25,607.82,Van Wyck Expressway,T1,Short-Term,False,False,,0,113.0
13971,8/1/25,607.98,Van Wyck Expressway,T8,Staff,False,False,,0,480.0
13972,8/1/25,607.98,Van Wyck Expressway,T5,Short-Term,True,False,,0,46.0
13973,8/1/25,608.06,Van Wyck Expressway,T4,Business,False,False,,0,404.0
13974,8/1/25,608.11,Van Wyck Expressway,T1,Short-Term,False,False,,0,48.0
13975,8/1/25,608.16,Van Wyck Expressway,T5,Vacationer,False,False,,0,3915.0
13976,8/1/25,608.29,Van Wyck Expressway,T1,Business,True,False,,0,366.0
13977,8/1/25,608.3,Van Wyck Expressway,T5,Short-Term,False,False,,0,79.0
13978,8/1/25,608.44,Van Wyck Expressway,T4,Short-Term,True,False,,0,54.0
13979,8/1/25,608.55,Van Wyck Expressway,T1,Vacationer,False,False,,0,3772.0
13980,8/1/25,608.57,Van Wyck Expressway,T4,Business,False,False,,0,314.0
13981,8/1/25,608.63,Van Wyck Expressway,T8,Vacationer,False,False,,0,4000.0
13982,8/1/25,608.65,Van Wyck Expressway,T8,Business,False,False,,0,157.0
13983,8/1/25,608.67,Van Wyck Expressway,T5,Staff,False,False,,0,480.0
13984,8/1/25,608.68,Van Wyck Expressway,T1,Short-Term,False,False,,0,118.0
13985,8/1/25,608.72,Van Wyck Expressway,T8,Staff,False,False,,0,480.0
13986,8/1/25,608.84,Van Wyck Expressway,T5,Business,False,False,,0,231.0
13987,8/1/25,608.86,Van Wyck Expressway,T8,Short-Term,False,False,,0,53.0
13988,8/1/25,609.1,Van Wyck Expressway,T8,Short-Term,False,False,,0,38.0
13989,8/1/25,609.36,Van Wyck Expressway,T4,Business,False,False,,0,367.0
13990,8/1/25,609.68,Van Wyck Expressway,T5,Business,False,False,,0,308.0
13991,8/1/25,609.71,Van Wyck Expressway,T8,Short-Term,False,False,,0,40.0
13992,8/1/25,609.9,Van Wyck Expressway,T8,Vacationer,False,False,,0,918.0
13993,8/1/25,609.95,Van Wyck Expressway,T1,Short-Term,False,False,,0,37.0
13994,8/1/25,609.97,Van Wyck Expressway,T5,Business,False,False,,0,452.0
13995,8/1/25,610.01,Van Wyck Expressway,T8,Short-Term,True,False,,0,91.0
13996,8/1/25,610.03,Van Wyck Expressway,T1,Vacationer,False,False,,0,1953.0
13997,8/1/25,610.18,Van Wyck Expressway,T8,Short-Term,False,False,,0,85.0
13998,8/1/25,610.21,Van Wyck Expressway,T5,Short-Term,False,False,,0,119.0
13999,8/1/25,610.24,Van Wyck Expressway,T1,Business,False,False,,0,178.0
14000,8/1/25,610.3,Van Wyck Expressway,T5,Business,False,False,,0,326.0
14001,8/1/25,610.43,Van Wyck Expressway,T5,Short-Term,False,False,,0,96.0
14002,8/1/25,610.54,Van Wyck Expressway,T4,Business,False,False,,0,137.0
14003,8/1/25,610.67,Van Wyck Expressway,T8,Short-Term,False,False,,0,47.0
14004,8/1/25,610.69,Van Wyck Expressway,T8,Vacationer,False,False,,0,1438.0
14005,8/1/25,610.74,Van Wyck Expressway,T8,Business,False,False,,0,247.0
14006,8/1/25,611.37,Van Wyck Expressway,T8,Short-Term,False,False,,0,118.0
14007,8/1/25,611.53,Van Wyck Expressway,T8,Business,False,False,,0,277.0
14008,8/1/25,611.53,Van Wyck Expressway,T8,Vacationer,False,False,,0,2952.0
14009,8/1/25,611.69,Van Wyck Expressway,T4,Short-Term,False,False,,0,87.0
14010,8/1/25,611.82,Van Wyck Expressway,T1,Short-Term,False,False,,0,107.0
14011,8/1/25,611.89,Van Wyck Expressway,T1,Short-Term,False,False,,0,31.0
14012,8/1/25,611.98,Van Wyck Expressway,T5,Short-Term,True,False,,0,116.0
14013,8/1/25,612.16,Van Wyck Expressway,T4,Business,False,False,,0,463.0
14014,8/1/25,612.26,Van Wyck Expressway,T5,Short-Term,False,False,,0,52.0
14015,8/1/25,612.52,Van Wyck Expressway,T8,Staff,False,False,,0,480.0
14016,8/1/25,612.69,Van Wyck Expressway,T1,Short-Term,True,False,,0,39.0
14017,8/1/25,612.73,Van Wyck Expressway,T4,Vacationer,False,False,,0,584.0
14018,8/1/25,612.79,Van Wyck Expressway,T8,Vacationer,False,False,,0,3924.0
14019,8/1/25,612.83,Van Wyck Expressway,T5,Short-Term,False,False,,0,119.0
14020,8/1/25,612.93,Van Wyck Expressway,T5,Short-Term,False,False,,0,47.0
14021,8/1/25,613.06,Van Wyck Expressway,T5,Vacationer,False,False,,0,724.0
14022,8/1/25,613.07,Van Wyck Expressway,T4,Vacationer,False,False,,0,1117.0
14023,8/1/25,613.11,Van Wyck Expressway,T1,Business,False,False,,0,195.0
14024,8/1/25,613.42,Van Wyck Expressway,T1,Business,False,False,,0,179.0
14025,8/1/25,613.52,Van Wyck Expressway,T1,Short-Term,False,False,,0,107.0
14026,8/1/25,613.55,Van Wyck Expressway,T1,Short-Term,False,False,,0,43.0
14027,8/1/25,613.57,Van Wyck Expressway,T1,Short-Term,False,False,,0,71.0
14028,8/1/25,613.6,Van Wyck Expressway,T1,Short-Term,False,False,,0,33.0
14029,8/1/25,613.65,Van Wyck Expressway,T8,Business,False,False,,0,273.0
14030,8/1/25,613.72,Van Wyck Expressway,T5,Business,False,False,,0,287.0
14031,8/1/25,613.86,Van Wyck Expressway,T8,Vacationer,False,False,,0,2004.0
14032,8/1/25,613.86,Van Wyck Expressway,T4,Short-Term,False,False,,0,78.0
14033,8/1/25,613.88,Van Wyck Expressway,T1,Business,False,False,,0,417.0
14034,8/1/25,613.88,Van Wyck Expressway,T8,Short-Term,False,False,,0,94.0
14035,8/1/25,613.98,Van Wyck Expressway,T5,Staff,False,False,,0,480.0
14036,8/1/25,614.06,Van Wyck Expressway,T1,Business,False,False,,0,200.0
14037,8/1/25,614.45,Van Wyck Expressway,T8,Short-Term,False,False,,0,33.0
14038,8/1/25,614.48,Van Wyck Expressway,T1,Short-Term,False,False,,0,55.0
14039,8/1/25,614.53,Van Wyck Expressway,T8,Short-Term,False,False,,0,62.0
14040,8/1/25,614.65,Van Wyck Expressway,T8,Business,False,False,,0,130.0
14041,8/1/25,614.99,Van Wyck Expressway,T1,Vacationer,False,False,,0,3886.0
14042,8/1/25,615.01,Van Wyck Expressway,T4,Staff,False,False,,0,480.0
14043,8/1/25,615.12,Van Wyck Expressway,T5,Business,False,False,,0,253.0
14044,8/1/25,615.12,Van Wyck Expressway,T5,Business,False,False,,0,182.0
14045,8/1/25,615.17,Van Wyck Expressway,T1,Business,False,False,,0,255.0
14046,8/1/25,615.3,Van Wyck Expressway,T5,Short-Term,False,False,,0,119.0
14047,8/1/25,615.45,Van Wyck Expressway,T1,Vacationer,False,False,,0,1467.0
14048,8/1/25,615.71,Van Wyck Expressway,T4,Staff,False,False,,0,480.0
14049,8/1/25,615.74,Van Wyck Expressway,T5,Business,False,False,,0,246.0
14050,8/1/25,615.81,Van Wyck Expressway,T5,Staff,True,False,,0,480.0
14051,8/1/25,615.83,Van Wyck Expressway,T5,Staff,False,False,,0,480.0
14052,8/1/25,615.93,Van Wyck Expressway,T5,Business,False,False,,0,221.0
14053,8/1/25,615.95,Van Wyck Expressway,T1,Business,False,False,,0,314.0
14054,8/1/25,615.98,Van Wyck Expressway,T5,Short-Term,False,False,,0,114.0
14055,8/1/25,616.08,Van Wyck Expressway,T4,Business,True,False,,0,286.0
14056,8/1/25,616.54,Van Wyck Expressway,T8,Short-Term,False,False,,0,33.0
14057,8/1/25,616.62,Van Wyck Expressway,T8,Short-Term,True,False,,0,58.0
14058,8/1/25,616.64,Van Wyck Expressway,T8,Business,False,False,,0,291.0
14059,8/1/25,616.84,Van Wyck Expressway,T4,Business,False,False,,0,477.0
14060,8/1/25,616.97,Van Wyck Expressway,T4,Short-Term,False,False,,0,111.0
14061,8/1/25,616.98,Van Wyck Expressway,T5,Short-Term,False,False,,0,73.0
14062,8/1/25,617.0,Van Wyck Expressway,T1,Vacationer,False,False,,0,2403.0
14063,8/1/25,617.06,Van Wyck Expressway,T8,Short-Term,False,False,,0,85.0
14064,8/1/25,617.1,Van Wyck Expressway,T5,Short-Term,False,False,,0,77.0
14065,8/1/25,617.12,Van Wyck Expressway,T4,Vacationer,False,False,,0,447.0
14066,8/1/25,617.15,Van Wyck Expressway,T1,Business,False,False,,0,172.0
14067,8/1/25,617.39,Van Wyck Expressway,T8,Short-Term,True,False,,0,55.0
14068,8/1/25,617.43,Van Wyck Expressway,T8,Short-Term,False,False,,0,87.0
14069,8/1/25,617.47,Van Wyck Expressway,T1,Business,True,False,,0,422.0
14070,8/1/25,617.59,Van Wyck Expressway,T8,Vacationer,False,False,,0,1821.0
14071,8/1/25,617.61,Van Wyck Expressway,T8,Short-Term,False,False,,0,38.0
14072,8/1/25,617.62,Van Wyck Expressway,T4,Vacationer,False,False,,0,2521.0
14073,8/1/25,617.72,Van Wyck Expressway,T8,Vacationer,False,False,,0,965.0
14074,8/1/25,617.82,Van Wyck Expressway,T1,Short-Term,True,False,,0,59.0
14075,8/1/25,617.89,Van Wyck Expressway,T4,Staff,False,False,,0,480.0
14076,8/1/25,617.92,Van Wyck Expressway,T4,Short-Term,False,False,,0,118.0
14077,8/1/25,617.95,Van Wyck Expressway,T4,Short-Term,False,False,,0,90.0
14078,8/1/25,618.17,Van Wyck Expressway,T4,Short-Term,False,False,,0,57.0
14079,8/1/25,618.25,Van Wyck Expressway,T5,Short-Term,False,False,,0,39.0
14080,8/1/25,618.28,Van Wyck Expressway,T8,Short-Term,False,False,,0,73.0
14081,8/1/25,618.59,Van Wyck Expressway,T1,Short-Term,False,False,,0,97.0
14082,8/1/25,618.67,Van Wyck Expressway,T4,Short-Term,False,False,,0,59.0
14083,8/1/25,618.71,Van Wyck Expressway,T1,Vacationer,False,False,,0,960.0
14084,8/1/25,618.73,Van Wyck Expressway,T1,Short-Term,False,False,,0,53.0
14085,8/1/25,618.75,Van Wyck Expressway,T5,Staff,False,False,,0,480.0
14086,8/1/25,619.16,Van Wyck Expressway,T5,Vacationer,False,False,,0,1758.0
14087,8/1/25,619.16,Van Wyck Expressway,T5,Short-Term,False,False,,0,84.0
14088,8/1/25,619.18,Van Wyck Expressway,T8,Vacationer,False,False,,0,3556.0
14089,8/1/25,619.22,Van Wyck Expressway,T5,Short-Term,False,False,,0,83.0
14090,8/1/25,619.28,Van Wyck Expressway,T8,Vacationer,True,False,,0,2408.0
14091,8/1/25,619.37,Van Wyck Expressway,T5,Short-Term,False,False,,0,112.0
14092,8/1/25,619.46,Van Wyck Expressway,T5,Business,False,False,,0,212.0
14093,8/1/25,619.47,Van Wyck Expressway,T8,Business,False,False,,0,200.0
14094,8/1/25,619.56,Van Wyck Expressway,T1,Vacationer,False,False,,0,4253.0
14095,8/1/25,619.6,Van Wyck Expressway,T1,Short-Term,False,False,,0,47.0
14096,8/1/25,619.68,Van Wyck Expressway,T4,Staff,False,False,,0,480.0
14097,8/1/25,619.79,Van Wyck Expressway,T5,Short-Term,False,False,,0,106.0
14098,8/1/25,619.9,Van Wyck Expressway,T1,Short-Term,False,False,,0,41.0
14099,8/1/25,620.07,Van Wyck Expressway,T4,Vacationer,False,False,,0,4048.0
14100,8/1/25,620.08,Van Wyck Expressway,T5,Short-Term,False,False,,0,55.0
14101,8/1/25,620.78,Van Wyck Expressway,T1,Vacationer,False,False,,0,3646.0
14102,8/1/25,620.95,Van Wyck Expressway,T1,Business,False,False,,0,447.0
14103,8/1/25,620.98,Van Wyck Expressway,T5,Vacationer,False,False,,0,740.0
14104,8/1/25,620.99,Van Wyck Expressway,T5,Staff,False,False,,0,480.0
14105,8/1/25,621.05,Van Wyck Expressway,T1,Short-Term,False,False,,0,58.0
14106,8/1/25,621.11,Van Wyck Expressway,T1,Short-Term,False,False,,0,114.0
14107,8/1/25,621.11,Van Wyck Expressway,T5,Short-Term,False,False,,0,66.0
14108,8/1/25,621.17,Van Wyck Expressway,T8,Vacationer,False,False,,0,1783.0
14109,8/1/25,621.24,Van Wyck Expressway,T1,Business,False,False,,0,446.0
14110,8/1/25,621.28,Van Wyck Expressway,T5,Business,False,False,,0,353.0
14111,8/1/25,621.35,Van Wyck Expressway,T1,Short-Term,False,False,,0,103.0
14112,8/1/25,621.37,Van Wyck Expressway,T5,Business,False,False,,0,340.0
14113,8/1/25,621.69,Van Wyck Expressway,T1,Business,False,False,,0,266.0
14114,8/1/25,621.73,Van Wyck Expressway,T5,Vacationer,False,False,,0,4225.0
14115,8/1/25,621.75,Van Wyck Expressway,T8,Short-Term,False,False,,0,40.0
14116,8/1/25,621.82,Van Wyck Expressway,T1,Short-Term,False,False,,0,38.0
14117,8/1/25,621.88,Van Wyck Expressway,T8,Short-Term,False,False,,0,60.0
14118,8/1/25,622.27,Van Wyck Expressway,T1,Business,False,False,,0,125.0
14119,8/1/25,622.34,Van Wyck Expressway,T4,Vacationer,False,False,,0,676.0
14120,8/1/25,622.7,Van Wyck Expressway,T5,Staff,True,False,,0,480.0
14121,8/1/25,622.78,Van Wyck Expressway,T1,Vacationer,False,False,,0,3096.0
14122,8/1/25,622.8,Van Wyck Expressway,T4,Vacationer,False,False,,0,2749.0
14123,8/1/25,622.81,Van Wyck Expressway,T8,Business,False,False,,0,447.0
14124,8/1/25,622.85,Van Wyck Expressway,T1,Staff,True,False,,0,480.0
14125,8/1/25,622.96,Van Wyck Expressway,T4,Short-Term,False,False,,0,92.0
14126,8/1/25,622.97,Van Wyck Expressway,T1,Short-Term,False,False,,0,113.0
14127,8/1/25,623.16,Van Wyck Expressway,T1,Staff,False,False,,0,480.0
14128,8/1/25,623.32,Van Wyck Expressway,T8,Short-Term,False,False,,0,112.0
14129,8/1/25,623.43,Van Wyck Expressway,T4,Vacationer,False,False,,0,3679.0
14130,8/1/25,623.47,Van Wyck Expressway,T4,Staff,False,False,,0,480.0
14131,8/1/25,623.62,Van Wyck Expressway,T1,Staff,False,False,,0,480.0
14132,8/1/25,623.77,Van Wyck Expressway,T1,Short-Term,False,False,,0,70.0
14133,8/1/25,623.83,Van Wyck Expressway,T1,Short-Term,False,False,,0,45.0
14134,8/1/25,623.85,Van Wyck Expressway,T1,Short-Term,False,False,,0,47.0
14135,8/1/25,623.85,Van Wyck Expressway,T5,Vacationer,True,False,,0,1320.0
14136,8/1/25,624.06,Van Wyck Expressway,T4,Staff,False,False,,0,480.0
14137,8/1/25,624.65,Van Wyck Expressway,T1,Staff,False,False,,0,480.0
14138,8/1/25,624.7,Van Wyck Expressway,T1,Business,False,False,,0,468.0
14139,8/1/25,624.73,Van Wyck Expressway,T4,Short-Term,False,False,,0,66.0
14140,8/1/25,624.81,Van Wyck Expressway,T8,Short-Term,False,False,,0,54.0
14141,8/1/25,624.81,Van Wyck Expressway,T1,Business,True,False,,0,415.0
14142,8/1/25,624.82,Van Wyck Expressway,T8,Short-Term,False,False,,0,83.0
14143,8/1/25,624.84,Van Wyck Expressway,T1,Short-Term,False,False,,0,62.0
14144,8/1/25,624.9,Van Wyck Expressway,T5,Business,False,False,,0,256.0
14145,8/1/25,625.02,Van Wyck Expressway,T8,Vacationer,False,False,,0,371.0
14146,8/1/25,625.13,Van Wyck Expressway,T1,Short-Term,False,False,,0,115.0
14147,8/1/25,625.31,Van Wyck Expressway,T1,Short-Term,True,False,,0,34.0
14148,8/1/25,625.31,Van Wyck Expressway,T4,Business,False,False,,0,413.0
14149,8/1/25,625.53,Van Wyck Expressway,T1,Short-Term,False,False,,0,93.0
14150,8/1/25,625.55,Van Wyck Expressway,T8,Business,False,False,,0,236.0
14151,8/1/25,625.55,Van Wyck Expressway,T8,Business,False,False,,0,257.0
14152,8/1/25,625.82,Van Wyck Expressway,T4,Short-Term,False,False,,0,90.0
14153,8/1/25,625.86,Van Wyck Expressway,T4,Short-Term,False,False,,0,104.0
14154,8/1/25,626.01,Van Wyck Expressway,T5,Short-Term,False,False,,0,95.0
14155,8/1/25,626.05,Van Wyck Expressway,T5,Business,False,False,,0,370.0
14156,8/1/25,626.1,Van Wyck Expressway,T5,Vacationer,True,False,,0,1325.0
14157,8/1/25,626.35,Van Wyck Expressway,T1,Short-Term,False,False,,0,81.0
14158,8/1/25,626.42,Van Wyck Expressway,T5,Short-Term,False,False,,0,86.0
14159,8/1/25,626.57,Van Wyck Expressway,T8,Vacationer,False,False,,0,4002.0
14160,8/1/25,626.67,Van Wyck Expressway,T1,Short-Term,False,False,,0,38.0
14161,8/1/25,626.75,Van Wyck Expressway,T8,Short-Term,False,False,,0,96.0
14162,8/1/25,626.77,Van Wyck Expressway,T5,Short-Term,False,False,,0,116.0
14163,8/1/25,626.8,Van Wyck Expressway,T5,Short-Term,False,False,,0,98.0
14164,8/1/25,626.83,Van Wyck Expressway,T4,Short-Term,False,False,,0,85.0
14165,8/1/25,626.9,Van Wyck Expressway,T5,Vacationer,False,False,,0,1651.0
14166,8/1/25,627.02,Van Wyck Expressway,T8,Vacationer,False,False,,0,2306.0
14167,8/1/25,627.03,Van Wyck Expressway,T4,Staff,False,False,,0,480.0
14168,8/1/25,627.03,Van Wyck Expressway,T4,Vacationer,False,False,,0,3997.0
14169,8/1/25,627.09,Van Wyck Expressway,T5,Short-Term,False,False,,0,99.0
14170,8/1/25,627.21,Van Wyck Expressway,T1,Vacationer,False,False,,0,580.0
14171,8/1/25,627.25,Van Wyck Expressway,T4,Business,False,False,,0,183.0
14172,8/1/25,627.44,Van Wyck Expressway,T8,Short-Term,False,False,,0,64.0
14173,8/1/25,627.46,Van Wyck Expressway,T8,Vacationer,True,False,,0,3064.0
14174,8/1/25,627.47,Van Wyck Expressway,T8,Business,False,False,,0,329.0
14175,8/1/25,627.5,Van Wyck Expressway,T5,Short-Term,False,False,,0,94.0
14176,8/1/25,627.64,Van Wyck Expressway,T5,Business,False,False,,0,184.0
14177,8/1/25,627.64,Van Wyck Expressway,T4,Short-Term,False,False,,0,40.0
14178,8/1/25,627.94,Van Wyck Expressway,T4,Short-Term,False,False,,0,33.0
14179,8/1/25,627.96,Van Wyck Expressway,T4,Vacationer,False,False,,0,3008.0
14180,8/1/25,628.06,Van Wyck Expressway,T8,Business,False,False,,0,311.0
14181,8/1/25,628.2,Van Wyck Expressway,T4,Business,False,False,,0,462.0
14182,8/1/25,628.32,Van Wyck Expressway,T4,Short-Term,False,False,,0,98.0
14183,8/1/25,628.38,Van Wyck Expressway,T8,Staff,False,False,,0,480.0
14184,8/1/25,628.43,Van Wyck Expressway,T5,Staff,False,False,,0,480.0
14185,8/1/25,628.43,Van Wyck Expressway,T1,Vacationer,False,False,,0,654.0
14186,8/1/25,628.57,Van Wyck Expressway,T4,Vacationer,False,False,,0,2731.0
14187,8/1/25,628.59,Van Wyck Expressway,T1,Short-Term,False,False,,0,55.0
14188,8/1/25,628.61,Van Wyck Expressway,T4,Short-Term,False,False,,0,70.0
14189,8/1/25,628.62,Van Wyck Expressway,T8,Staff,False,False,,0,480.0
14190,8/1/25,628.67,Van Wyck Expressway,T8,Business,False,False,,0,374.0
14191,8/1/25,628.71,Van Wyck Expressway,T1,Vacationer,False,False,,0,1608.0
14192,8/1/25,628.88,Van Wyck Expressway,T1,Short-Term,False,False,,0,69.0
14193,8/1/25,629.11,Van Wyck Expressway,T8,Business,False,False,,0,411.0
14194,8/1/25,629.18,Van Wyck Expressway,T5,Business,False,False,,0,174.0
14195,8/1/25,629.19,Van Wyck Expressway,T8,Short-Term,False,False,,0,73.0
14196,8/1/25,629.32,Van Wyck Expressway,T5,Vacationer,False,False,,0,4183.0
14197,8/1/25,629.36,Van Wyck Expressway,T4,Business,False,False,,0,172.0
14198,8/1/25,629.42,Van Wyck Expressway,T1,Business,False,False,,0,389.0
14199,8/1/25,629.44,Van Wyck Expressway,T5,Short-Term,False,False,,0,30.0
14200,8/1/25,629.52,Van Wyck Expressway,T5,Short-Term,False,False,,0,37.0
14201,8/1/25,629.59,Van Wyck Expressway,T5,Business,False,False,,0,234.0
14202,8/1/25,629.6,Van Wyck Expressway,T4,Vacationer,False,False,,0,3955.0
14203,8/1/25,629.77,Van Wyck Expressway,T1,Business,False,False,,0,361.0
14204,8/1/25,629.79,Van Wyck Expressway,T8,Business,False,False,,0,254.0
14205,8/1/25,629.96,Van Wyck Expressway,T8,Short-Term,False,False,,0,116.0
14206,8/1/25,630.01,Van Wyck Expressway,T5,Short-Term,False,False,,0,65.0
14207,8/1/25,630.14,Van Wyck Expressway,T8,Business,False,False,,0,159.0
14208,8/1/25,630.25,Van Wyck Expressway,T1,Business,False,False,,0,198.0
14209,8/1/25,630.34,Van Wyck Expressway,T5,Business,False,False,,0,224.0
14210,8/1/25,630.46,Van Wyck Expressway,T4,Staff,False,False,,0,480.0
14211,8/1/25,630.55,Van Wyck Expressway,T4,Vacationer,False,False,,0,580.0
14212,8/1/25,630.58,Van Wyck Expressway,T8,Business,False,False,,0,394.0
14213,8/1/25,630.62,Van Wyck Expressway,T4,Short-Term,False,False,,0,48.0
14214,8/1/25,630.83,Van Wyck Expressway,T1,Business,False,False,,0,363.0
14215,8/1/25,630.92,Van Wyck Expressway,T4,Staff,False,False,,0,480.0
14216,8/1/25,630.95,Van Wyck Expressway,T5,Vacationer,False,False,,0,3079.0
14217,8/1/25,630.98,Van Wyck Expressway,T5,Short-Term,False,False,,0,88.0
14218,8/1/25,631.01,Van Wyck Expressway,T8,Business,False,False,,0,405.0
14219,8/1/25,631.04,Van Wyck Expressway,T5,Short-Term,False,False,,0,100.0
14220,8/1/25,631.09,Van Wyck Expressway,T8,Vacationer,False,False,,0,447.0
14221,8/1/25,631.16,Van Wyck Expressway,T5,Short-Term,False,False,,0,34.0
14222,8/1/25,631.23,Van Wyck Expressway,T4,Short-Term,False,False,,0,79.0
14223,8/1/25,631.27,Van Wyck Expressway,T1,Short-Term,False,False,,0,78.0
14224,8/1/25,631.28,Van Wyck Expressway,T5,Staff,True,False,,0,480.0
14225,8/1/25,631.32,Van Wyck Expressway,T8,Short-Term,False,False,,0,58.0
14226,8/1/25,631.33,Van Wyck Expressway,T8,Business,False,False,,0,404.0
14227,8/1/25,631.34,Van Wyck Expressway,T8,Business,False,False,,0,175.0
14228,8/1/25,631.54,Van Wyck Expressway,T5,Business,False,False,,0,450.0
14229,8/1/25,631.56,Van Wyck Expressway,T5,Short-Term,False,False,,0,69.0
14230,8/1/25,631.58,Van Wyck Expressway,T1,Vacationer,False,False,,0,983.0
14231,8/1/25,631.62,Van Wyck Expressway,T5,Short-Term,False,False,,0,59.0
14232,8/1/25,631.64,Van Wyck Expressway,T1,Short-Term,False,False,,0,56.0
14233,8/1/25,631.74,Van Wyck Expressway,T8,Business,False,False,,0,229.0
14234,8/1/25,631.78,Van Wyck Expressway,T8,Short-Term,False,False,,0,111.0
14235,8/1/25,631.79,Van Wyck Expressway,T4,Staff,False,False,,0,480.0
14236,8/1/25,631.86,Van Wyck Expressway,T5,Business,False,False,,0,314.0
14237,8/1/25,631.97,Van Wyck Expressway,T4,Business,False,False,,0,187.0
14238,8/1/25,632.12,Van Wyck Expressway,T8,Short-Term,False,False,,0,46.0
14239,8/1/25,632.14,Van Wyck Expressway,T1,Vacationer,False,False,,0,2989.0
14240,8/1/25,632.17,Van Wyck Expressway,T8,Vacationer,False,False,,0,4300.0
14241,8/1/25,632.2,Van Wyck Expressway,T4,Vacationer,False,False,,0,1602.0
14242,8/1/25,632.33,Van Wyck Expressway,T4,Vacationer,False,False,,0,2776.0
14243,8/1/25,632.36,Van Wyck Expressway,T5,Business,False,False,,0,365.0
14244,8/1/25,632.47,Van Wyck Expressway,T4,Short-Term,False,False,,0,32.0
14245,8/1/25,632.51,Van Wyck Expressway,T8,Staff,False,False,,0,480.0
14246,8/1/25,632.52,Van Wyck Expressway,T4,Short-Term,False,False,,0,83.0
14247,8/1/25,632.63,Van Wyck Expressway,T1,Business,False,False,,0,437.0
14248,8/1/25,632.73,Van Wyck Expressway,T4,Short-Term,False,False,,0,66.0
14249,8/1/25,633.0,Van Wyck Expressway,T8,Business,False,False,,0,332.0
14250,8/1/25,633.34,Van Wyck Expressway,T1,Business,False,False,,0,194.0
14251,8/1/25,633.36,Van Wyck Expressway,T8,Short-Term,False,False,,0,98.0
14252,8/1/25,633.52,Van Wyck Expressway,T5,Short-Term,False,False,,0,36.0
14253,8/1/25,633.63,Van Wyck Expressway,T1,Vacationer,False,False,,0,3061.0
14254,8/1/25,633.77,Van Wyck Expressway,T8,Short-Term,True,False,,0,38.0
14255,8/1/25,633.77,Van Wyck Expressway,T4,Vacationer,False,False,,0,2326.0
14256,8/1/25,634.02,Van Wyck Expressway,T4,Short-Term,False,False,,0,114.0
14257,8/1/25,634.05,Van Wyck Expressway,T5,Business,False,False,,0,303.0
14258,8/1/25,634.12,Van Wyck Expressway,T1,Short-Term,False,False,,0,88.0
14259,8/1/25,634.21,Van Wyck Expressway,T1,Short-Term,False,False,,0,75.0
14260,8/1/25,634.3,Van Wyck Expressway,T1,Short-Term,False,False,,0,36.0
14261,8/1/25,634.31,Van Wyck Expressway,T8,Staff,False,False,,0,480.0
14262,8/1/25,634.46,Van Wyck Expressway,T4,Short-Term,False,False,,0,49.0
14263,8/1/25,634.51,Van Wyck Expressway,T8,Short-Term,False,False,,0,57.0
14264,8/1/25,634.64,Van Wyck Expressway,T4,Vacationer,False,False,,0,457.0
14265,8/1/25,634.67,Van Wyck Expressway,T5,Vacationer,False,False,,0,1246.0
14266,8/1/25,634.77,Van Wyck Expressway,T4,Short-Term,False,False,,0,116.0
14267,8/1/25,634.79,Van Wyck Expressway,T4,Short-Term,True,False,,0,65.0
14268,8/1/25,634.81,Van Wyck Expressway,T1,Business,False,False,,0,164.0
14269,8/1/25,635.05,Van Wyck Expressway,T1,Short-Term,False,False,,0,82.0
14270,8/1/25,635.13,Van Wyck Expressway,T5,Vacationer,False,False,,0,4156.0
14271,8/1/25,635.21,Van Wyck Expressway,T4,Vacationer,True,False,,0,554.0
14272,8/1/25,635.27,Van Wyck Expressway,T8,Business,False,False,,0,199.0
14273,8/1/25,635.29,Van Wyck Expressway,T1,Business,False,False,,0,352.0
14274,8/1/25,635.5,Van Wyck Expressway,T4,Short-Term,False,False,,0,52.0
14275,8/1/25,635.59,Van Wyck Expressway,T1,Short-Term,False,False,,0,54.0
14276,8/1/25,635.73,Van Wyck Expressway,T5,Business,False,False,,0,471.0
14277,8/1/25,635.82,Van Wyck Expressway,T5,Vacationer,False,False,,0,2065.0
14278,8/1/25,635.87,Van Wyck Expressway,T8,Vacationer,False,False,,0,2833.0
14279,8/1/25,635.9,Van Wyck Expressway,T8,Vacationer,False,False,,0,770.0
14280,8/1/25,636.01,Van Wyck Expressway,T8,Short-Term,True,False,,0,110.0
14281,8/1/25,636.03,Van Wyck Expressway,T4,Short-Term,False,False,,0,69.0
14282,8/1/25,636.15,Van Wyck Expressway,T5,Vacationer,False,False,,0,3791.0
14283,8/1/25,636.48,Van Wyck Expressway,T4,Short-Term,False,False,,0,68.0
14284,8/1/25,636.62,Van Wyck Expressway,T4,Short-Term,False,False,,0,75.0
14285,8/1/25,636.66,Van Wyck Expressway,T4,Business,False,False,,0,194.0
14286,8/1/25,636.85,Van Wyck Expressway,T5,Staff,False,False,,0,480.0
14287,8/1/25,636.87,Van Wyck Expressway,T5,Staff,False,False,,0,480.0
14288,8/1/25,636.95,Van Wyck Expressway,T4,Vacationer,False,False,,0,869.0
14289,8/1/25,637.16,Van Wyck Expressway,T1,Business,True,False,,0,341.0
14290,8/1/25,637.5,Van Wyck Expressway,T1,Business,False,False,,0,368.0
14291,8/1/25,637.58,Van Wyck Expressway,T4,Short-Term,False,False,,0,36.0
14292,8/1/25,637.73,Van Wyck Expressway,T1,Business,True,False,,0,439.0
14293,8/1/25,637.89,Van Wyck Expressway,T8,Business,False,False,,0,312.0
14294,8/1/25,637.99,Van Wyck Expressway,T4,Business,False,False,,0,182.0
14295,8/1/25,638.15,Van Wyck Expressway,T1,Short-Term,True,False,,0,37.0
14296,8/1/25,638.16,Van Wyck Expressway,T8,Business,False,False,,0,183.0
14297,8/1/25,638.23,Van Wyck Expressway,T1,Business,True,False,,0,343.0
14298,8/1/25,638.46,Van Wyck Expressway,T8,Short-Term,False,False,,0,68.0
14299,8/1/25,638.51,Van Wyck Expressway,T1,Vacationer,False,False,,0,3582.0
14300,8/1/25,638.6,Van Wyck Expressway,T4,Short-Term,False,False,,0,38.0
14301,8/1/25,638.68,Van Wyck Expressway,T8,Business,False,False,,0,393.0
14302,8/1/25,638.89,Van Wyck Expressway,T5,Business,False,False,,0,367.0
14303,8/1/25,639.01,Van Wyck Expressway,T5,Business,False,False,,0,268.0
14304,8/1/25,639.07,Van Wyck Expressway,T4,Staff,True,False,,0,480.0
14305,8/1/25,639.16,Van Wyck Expressway,T1,Business,False,False,,0,207.0
14306,8/1/25,639.32,Van Wyck Expressway,T8,Business,False,False,,0,257.0
14307,8/1/25,639.43,Van Wyck Expressway,T4,Short-Term,False,False,,0,53.0
14308,8/1/25,639.48,Van Wyck Expressway,T8,Vacationer,False,False,,0,1341.0
14309,8/1/25,639.6,Van Wyck Expressway,T5,Short-Term,False,False,,0,36.0
14310,8/1/25,639.81,Van Wyck Expressway,T8,Short-Term,False,False,,0,38.0
14311,8/1/25,639.82,Van Wyck Expressway,T1,Short-Term,False,False,,0,111.0
14312,8/1/25,640.1,Van Wyck Expressway,T1,Vacationer,False,False,,0,527.0
14313,8/1/25,640.12,Van Wyck Expressway,T1,Business,False,False,,0,443.0
14314,8/1/25,640.2,Van Wyck Expressway,T5,Business,False,False,,0,436.0
14315,8/1/25,640.2,Van Wyck Expressway,T8,Short-Term,False,False,,0,42.0
14316,8/1/25,640.21,Van Wyck Expressway,T4,Business,False,False,,0,370.0
14317,8/1/25,640.31,Van Wyck Expressway,T8,Short-Term,False,False,,0,35.0
14318,8/1/25,640.32,Van Wyck Expressway,T1,Business,False,False,,0,211.0
14319,8/1/25,640.37,Van Wyck Expressway,T1,Short-Term,False,False,,0,87.0
14320,8/1/25,640.59,Van Wyck Expressway,T4,Short-Term,False,False,,0,79.0
14321,8/1/25,640.64,Van Wyck Expressway,T8,Business,False,False,,0,204.0
14322,8/1/25,640.67,Van Wyck Expressway,T4,Staff,False,False,,0,480.0
14323,8/1/25,640.69,Van Wyck Expressway,T4,Business,False,False,,0,140.0
14324,8/1/25,640.78,Van Wyck Expressway,T8,Short-Term,False,False,,0,111.0
14325,8/1/25,641.0,Van Wyck Expressway,T5,Staff,True,False,,0,480.0
14326,8/1/25,641.03,Van Wyck Expressway,T4,Business,False,False,,0,218.0
14327,8/1/25,641.11,Van Wyck Expressway,T5,Short-Term,False,False,,0,103.0
14328,8/1/25,641.23,Van Wyck Expressway,T8,Short-Term,False,False,,0,106.0
14329,8/1/25,641.48,Van Wyck Expressway,T4,Short-Term,False,False,,0,99.0
14330,8/1/25,641.69,Van Wyck Expressway,T4,Business,False,False,,0,174.0
14331,8/1/25,641.74,Van Wyck Expressway,T8,Vacationer,True,False,,0,1343.0
14332,8/1/25,641.84,Van Wyck Expressway,T4,Short-Term,False,False,,0,107.0
14333,8/1/25,641.86,Van Wyck Expressway,T1,Business,False,False,,0,468.0
14334,8/1/25,641.87,Van Wyck Expressway,T5,Business,False,False,,0,302.0
14335,8/1/25,641.91,Van Wyck Expressway,T4,Short-Term,False,False,,0,90.0
14336,8/1/25,642.06,Van Wyck Expressway,T1,Business,False,False,,0,362.0
14337,8/1/25,642.06,Van Wyck Expressway,T5,Short-Term,True,False,,0,62.0
14338,8/1/25,642.1,Van Wyck Expressway,T8,Business,False,False,,0,154.0
14339,8/1/25,642.22,Van Wyck Expressway,T5,Staff,False,False,,0,480.0
14340,8/1/25,642.34,Van Wyck Expressway,T4,Short-Term,False,False,,0,76.0
14341,8/1/25,642.43,Van Wyck Expressway,T5,Business,False,False,,0,342.0
14342,8/1/25,642.5,Van Wyck Expressway,T1,Short-Term,True,False,,0,87.0
14343,8/1/25,642.61,Van Wyck Expressway,T5,Short-Term,False,False,,0,100.0
14344,8/1/25,642.66,Van Wyck Expressway,T5,Vacationer,False,False,,0,437.0
14345,8/1/25,642.71,Van Wyck Expressway,T5,Business,False,False,,0,439.0
14346,8/1/25,642.79,Van Wyck Expressway,T8,Business,False,False,,0,378.0
14347,8/1/25,642.91,Van Wyck Expressway,T5,Vacationer,True,False,,0,2310.0
14348,8/1/25,642.95,Van Wyck Expressway,T1,Short-Term,False,False,,0,64.0
14349,8/1/25,643.27,Van Wyck Expressway,T8,Short-Term,True,False,,0,36.0
14350,8/1/25,643.33,Van Wyck Expressway,T1,Vacationer,False,False,,0,3840.0
14351,8/1/25,643.41,Van Wyck Expressway,T5,Vacationer,False,False,,0,1314.0
14352,8/1/25,643.97,Van Wyck Expressway,T1,Business,False,False,,0,400.0
14353,8/1/25,644.13,Van Wyck Expressway,T5,Short-Term,False,False,,0,46.0
14354,8/1/25,644.2,Van Wyck Expressway,T5,Short-Term,False,False,,0,103.0
14355,8/1/25,644.31,Van Wyck Expressway,T8,Short-Term,False,False,,0,81.0
14356,8/1/25,644.35,Van Wyck Expressway,T4,Business,False,False,,0,421.0
14357,8/1/25,644.52,Van Wyck Expressway,T1,Business,False,False,,0,275.0
14358,8/1/25,644.53,Van Wyck Expressway,T4,Short-Term,False,False,,0,120.0
14359,8/1/25,644.59,Van Wyck Expressway,T5,Short-Term,False,False,,0,41.0
14360,8/1/25,644.63,Van Wyck Expressway,T1,Short-Term,False,False,,0,92.0
14361,8/1/25,644.83,Van Wyck Expressway,T8,Business,True,False,,0,361.0
14362,8/1/25,644.92,Van Wyck Expressway,T4,Short-Term,False,False,,0,49.0
14363,8/1/25,645.07,Van Wyck Expressway,T4,Vacationer,False,False,,0,3737.0
14364,8/1/25,645.18,Van Wyck Expressway,T5,Short-Term,False,False,,0,52.0
14365,8/1/25,645.21,Van Wyck Expressway,T8,Vacationer,False,False,,0,2299.0
14366,8/1/25,645.48,Van Wyck Expressway,T8,Vacationer,True,False,,0,2205.0
14367,8/1/25,645.71,Van Wyck Expressway,T1,Vacationer,False,False,,0,2883.0
14368,8/1/25,645.87,Van Wyck Expressway,T4,Short-Term,False,False,,0,40.0
14369,8/1/25,645.91,Van Wyck Expressway,T1,Staff,False,False,,0,480.0
14370,8/1/25,645.95,Van Wyck Expressway,T1,Business,False,False,,0,226.0
14371,8/1/25,646.07,Van Wyck Expressway,T4,Short-Term,False,False,,0,91.0
14372,8/1/25,646.42,Van Wyck Expressway,T8,Short-Term,False,False,,0,119.0
14373,8/1/25,646.44,Van Wyck Expressway,T8,Business,False,False,,0,270.0
14374,8/1/25,646.87,Van Wyck Expressway,T1,Business,False,False,,0,281.0
14375,8/1/25,646.97,Van Wyck Expressway,T5,Short-Term,False,False,,0,110.0
14376,8/1/25,646.98,Van Wyck Expressway,T1,Business,False,False,,0,340.0
14377,8/1/25,647.27,Van Wyck Expressway,T8,Business,False,False,,0,160.0
14378,8/1/25,647.31,Van Wyck Expressway,T8,Vacationer,False,False,,0,1917.0
14379,8/1/25,647.47,Van Wyck Expressway,T4,Short-Term,False,False,,0,89.0
14380,8/1/25,647.48,Van Wyck Expressway,T5,Short-Term,False,False,,0,45.0
14381,8/1/25,647.98,Van Wyck Expressway,T4,Vacationer,False,False,,0,1812.0
14382,8/1/25,647.99,Van Wyck Expressway,T4,Business,False,False,,0,477.0
14383,8/1/25,648.03,Van Wyck Expressway,T1,Vacationer,False,False,,0,3172.0
14384,8/1/25,648.05,Van Wyck Expressway,T8,Short-Term,False,False,,0,55.0
14385,8/1/25,648.06,Van Wyck Expressway,T1,Short-Term,False,False,,0,70.0
14386,8/1/25,648.26,Van Wyck Expressway,T5,Business,False,False,,0,471.0
14387,8/1/25,648.28,Van Wyck Expressway,T4,Short-Term,False,False,,0,91.0
14388,8/1/25,648.29,Van Wyck Expressway,T1,Business,False,False,,0,324.0
14389,8/1/25,648.41,Van Wyck Expressway,T4,Business,False,False,,0,396.0
14390,8/1/25,648.54,Van Wyck Expressway,T8,Short-Term,False,False,,0,72.0
14391,8/1/25,648.58,Van Wyck Expressway,T5,Business,False,False,,0,475.0
14392,8/1/25,648.7,Van Wyck Expressway,T4,Business,False,False,,0,174.0
14393,8/1/25,648.81,Van Wyck Expressway,T5,Staff,False,False,,0,480.0
14394,8/1/25,648.87,Van Wyck Expressway,T1,Short-Term,False,False,,0,34.0
14395,8/1/25,648.94,Van Wyck Expressway,T8,Business,False,False,,0,190.0
14396,8/1/25,649.02,Van Wyck Expressway,T4,Vacationer,False,False,,0,1055.0
14397,8/1/25,649.17,Van Wyck Expressway,T5,Short-Term,False,False,,0,47.0
14398,8/1/25,649.18,Van Wyck Expressway,T1,Short-Term,False,False,,0,117.0
14399,8/1/25,649.2,Van Wyck Expressway,T1,Short-Term,False,False,,0,101.0
14400,8/1/25,649.23,Van Wyck Expressway,T4,Staff,False,False,,0,480.0
14401,8/1/25,649.24,Van Wyck Expressway,T1,Business,False,False,,0,380.0
14402,8/1/25,649.29,Van Wyck Expressway,T4,Business,False,False,,0,287.0
14403,8/1/25,649.4,Van Wyck Expressway,T4,Short-Term,False,False,,0,63.0
14404,8/1/25,649.54,Van Wyck Expressway,T4,Short-Term,False,False,,0,57.0
14405,8/1/25,649.57,Van Wyck Expressway,T5,Short-Term,False,False,,0,76.0
14406,8/1/25,649.63,Van Wyck Expressway,T8,Vacationer,False,False,,0,2490.0
14407,8/1/25,649.67,Van Wyck Expressway,T4,Business,True,False,,0,241.0
14408,8/1/25,649.67,Van Wyck Expressway,T8,Business,False,False,,0,321.0
14409,8/1/25,649.73,Van Wyck Expressway,T8,Vacationer,True,False,,0,3073.0
14410,8/1/25,649.76,Van Wyck Expressway,T4,Short-Term,True,False,,0,114.0
14411,8/1/25,649.89,Van Wyck Expressway,T1,Business,False,False,,0,341.0
14412,8/1/25,649.91,Van Wyck Expressway,T5,Staff,False,False,,0,480.0
14413,8/1/25,650.01,Van Wyck Expressway,T4,Business,False,False,,0,335.0
14414,8/1/25,650.31,Van Wyck Expressway,T1,Short-Term,False,False,,0,45.0
14415,8/1/25,650.41,Van Wyck Expressway,T8,Business,True,False,,0,179.0
14416,8/1/25,650.43,Van Wyck Expressway,T1,Short-Term,False,False,,0,102.0
14417,8/1/25,650.43,Van Wyck Expressway,T4,Short-Term,False,False,,0,69.0
14418,8/1/25,650.58,Van Wyck Expressway,T4,Short-Term,False,False,,0,33.0
14419,8/1/25,650.63,Van Wyck Expressway,T8,Vacationer,False,False,,0,2137.0
14420,8/1/25,650.8,Van Wyck Expressway,T8,Vacationer,False,False,,0,3144.0
14421,8/1/25,650.96,Van Wyck Expressway,T1,Short-Term,False,False,,0,38.0
14422,8/1/25,650.99,Van Wyck Expressway,T1,Business,False,False,,0,387.0
14423,8/1/25,651.0,Van Wyck Expressway,T5,Business,False,False,,0,186.0
14424,8/1/25,651.07,Van Wyck Expressway,T5,Business,False,False,,0,262.0
14425,8/1/25,651.53,Van Wyck Expressway,T4,Staff,False,False,,0,480.0
14426,8/1/25,651.57,Van Wyck Expressway,T5,Short-Term,False,False,,0,103.0
14427,8/1/25,651.7,Van Wyck Expressway,T1,Short-Term,False,False,,0,31.0
14428,8/1/25,651.71,Van Wyck Expressway,T4,Short-Term,True,False,,0,79.0
14429,8/1/25,651.81,Van Wyck Expressway,T5,Business,False,False,,0,368.0
14430,8/1/25,651.88,Van Wyck Expressway,T4,Vacationer,False,False,,0,3584.0
14431,8/1/25,651.93,Van Wyck Expressway,T4,Short-Term,False,False,,0,103.0
14432,8/1/25,651.97,Van Wyck Expressway,T4,Business,False,False,,0,480.0
14433,8/1/25,652.0,Van Wyck Expressway,T1,Staff,False,False,,0,480.0
14434,8/1/25,652.05,Van Wyck Expressway,T8,Vacationer,False,False,,0,2938.0
14435,8/1/25,652.17,Van Wyck Expressway,T4,Staff,False,False,,0,480.0
14436,8/1/25,652.17,Van Wyck Expressway,T4,Business,False,False,,0,221.0
14437,8/1/25,652.28,Van Wyck Expressway,T4,Business,False,False,,0,274.0
14438,8/1/25,652.28,Van Wyck Expressway,T1,Staff,False,False,,0,480.0
14439,8/1/25,652.31,Van Wyck Expressway,T8,Short-Term,True,False,,0,61.0
14440,8/1/25,652.36,Van Wyck Expressway,T5,Business,False,False,,0,419.0
14441,8/1/25,652.41,Van Wyck Expressway,T8,Staff,False,False,,0,480.0
14442,8/1/25,652.48,Van Wyck Expressway,T1,Short-Term,False,False,,0,31.0
14443,8/1/25,652.81,Van Wyck Expressway,T1,Short-Term,False,False,,0,95.0
14444,8/1/25,652.84,Van Wyck Expressway,T1,Vacationer,False,False,,0,1620.0
14445,8/1/25,652.84,Van Wyck Expressway,T1,Vacationer,False,False,,0,2934.0
14446,8/1/25,652.88,Van Wyck Expressway,T4,Staff,False,False,,0,480.0
14447,8/1/25,653.06,Van Wyck Expressway,T1,Short-Term,True,False,,0,42.0
14448,8/1/25,653.32,Van Wyck Expressway,T4,Short-Term,False,False,,0,112.0
14449,8/1/25,653.9,Van Wyck Expressway,T1,Short-Term,False,False,,0,115.0
14450,8/1/25,654.11,Van Wyck Expressway,T8,Staff,False,False,,0,480.0
14451,8/1/25,654.13,Van Wyck Expressway,T4,Short-Term,True,False,,0,50.0
14452,8/1/25,654.23,Van Wyck Expressway,T8,Short-Term,False,False,,0,31.0
14453,8/1/25,654.25,Van Wyck Expressway,T8,Short-Term,False,False,,0,107.0
14454,8/1/25,654.33,Van Wyck Expressway,T5,Short-Term,False,False,,0,63.0
14455,8/1/25,654.34,Van Wyck Expressway,T5,Short-Term,True,False,,0,89.0
14456,8/1/25,654.41,Van Wyck Expressway,T5,Vacationer,False,False,,0,4046.0
14457,8/1/25,654.44,Van Wyck Expressway,T4,Short-Term,False,False,,0,45.0
14458,8/1/25,654.6,Van Wyck Expressway,T4,Short-Term,False,False,,0,36.0
14459,8/1/25,654.61,Van Wyck Expressway,T5,Business,True,False,,0,416.0
14460,8/1/25,654.84,Van Wyck Expressway,T8,Vacationer,True,False,,0,1614.0
14461,8/1/25,654.92,Van Wyck Expressway,T1,Short-Term,False,False,,0,58.0
14462,8/1/25,655.05,Van Wyck Expressway,T4,Business,False,False,,0,405.0
14463,8/1/25,655.23,Van Wyck Expressway,T5,Short-Term,False,False,,0,60.0
14464,8/1/25,655.3,Van Wyck Expressway,T4,Short-Term,False,False,,0,106.0
14465,8/1/25,655.32,Van Wyck Expressway,T5,Short-Term,False,False,,0,100.0
14466,8/1/25,655.5,Van Wyck Expressway,T8,Staff,False,False,,0,480.0
14467,8/1/25,655.58,Van Wyck Expressway,T8,Business,False,False,,0,246.0
14468,8/1/25,655.65,Van Wyck Expressway,T5,Short-Term,True,False,,0,111.0
14469,8/1/25,655.66,Van Wyck Expressway,T5,Staff,False,False,,0,480.0
14470,8/1/25,655.72,Van Wyck Expressway,T4,Business,False,False,,0,384.0
14471,8/1/25,655.79,Van Wyck Expressway,T8,Business,False,False,,0,189.0
14472,8/1/25,655.82,Van Wyck Expressway,T4,Business,True,False,,0,390.0
14473,8/1/25,655.85,Van Wyck Expressway,T1,Business,False,False,,0,273.0
14474,8/1/25,655.92,Van Wyck Expressway,T8,Business,False,False,,0,324.0
14475,8/1/25,655.95,Van Wyck Expressway,T4,Business,False,False,,0,130.0
14476,8/1/25,656.09,Van Wyck Expressway,T5,Business,False,False,,0,327.0
14477,8/1/25,656.14,Van Wyck Expressway,T8,Short-Term,False,False,,0,45.0
14478,8/1/25,656.21,Van Wyck Expressway,T5,Vacationer,False,False,,0,1729.0
14479,8/1/25,656.28,Van Wyck Expressway,T4,Short-Term,False,False,,0,101.0
14480,8/1/25,656.36,Van Wyck Expressway,T1,Short-Term,False,False,,0,94.0
14481,8/1/25,656.56,Van Wyck Expressway,T1,Short-Term,True,False,,0,119.0
14482,8/1/25,656.7,Van Wyck Expressway,T1,Short-Term,False,False,,0,34.0
14483,8/1/25,656.87,Van Wyck Expressway,T1,Vacationer,True,False,,0,3897.0
14484,8/1/25,657.04,Van Wyck Expressway,T4,Short-Term,False,False,,0,104.0
14485,8/1/25,657.04,Van Wyck Expressway,T8,Short-Term,False,False,,0,88.0
14486,8/1/25,657.07,Van Wyck Expressway,T1,Business,False,False,,0,273.0
14487,8/1/25,657.2,Van Wyck Expressway,T5,Business,False,False,,0,142.0
14488,8/1/25,657.24,Van Wyck Expressway,T4,Short-Term,False,False,,0,96.0
14489,8/1/25,657.24,Van Wyck Expressway,T5,Short-Term,True,False,,0,61.0
14490,8/1/25,657.36,Van Wyck Expressway,T1,Business,False,False,,0,237.0
14491,8/1/25,657.45,Van Wyck Expressway,T4,Business,True,False,,0,314.0
14492,8/1/25,657.5,Van Wyck Expressway,T1,Business,False,False,,0,326.0
14493,8/1/25,657.52,Van Wyck Expressway,T4,Staff,False,False,,0,480.0
14494,8/1/25,657.65,Van Wyck Expressway,T4,Business,True,False,,0,454.0
14495,8/1/25,657.92,Van Wyck Expressway,T5,Business,False,False,,0,273.0
14496,8/1/25,658.08,Van Wyck Expressway,T5,Short-Term,False,False,,0,95.0
14497,8/1/25,658.1,Van Wyck Expressway,T5,Staff,False,False,,0,480.0
14498,8/1/25,658.59,Van Wyck Expressway,T1,Short-Term,False,False,,0,115.0
14499,8/1/25,658.65,Van Wyck Expressway,T4,Staff,False,False,,0,480.0
14500,8/1/25,658.78,Van Wyck Expressway,T5,Vacationer,False,False,,0,2017.0
14501,8/1/25,658.89,Van Wyck Expressway,T1,Business,False,False,,0,451.0
14502,8/1/25,658.94,Van Wyck Expressway,T8,Short-Term,False,False,,0,76.0
14503,8/1/25,659.04,Van Wyck Expressway,T5,Staff,False,False,,0,480.0
14504,8/1/25,659.2,Van Wyck Expressway,T5,Short-Term,False,False,,0,98.0
14505,8/1/25,659.2,Van Wyck Expressway,T4,Vacationer,False,False,,0,2072.0
14506,8/1/25,659.32,Van Wyck Expressway,T5,Short-Term,False,False,,0,83.0
14507,8/1/25,659.35,Van Wyck Expressway,T1,Business,True,False,,0,341.0
14508,8/1/25,659.62,Van Wyck Expressway,T1,Vacationer,False,False,,0,3430.0
14509,8/1/25,659.7,Van Wyck Expressway,T8,Short-Term,False,False,,0,80.0
14510,8/1/25,659.72,Van Wyck Expressway,T1,Vacationer,False,False,,0,3316.0
14511,8/1/25,659.78,Van Wyck Expressway,T8,Short-Term,False,False,,0,111.0
14512,8/1/25,659.83,Van Wyck Expressway,T1,Short-Term,False,False,,0,119.0
14513,8/1/25,659.89,Van Wyck Expressway,T5,Short-Term,False,False,,0,92.0
14514,8/1/25,659.97,Van Wyck Expressway,T5,Short-Term,False,False,,0,110.0
14515,8/1/25,660.01,Van Wyck Expressway,T1,Short-Term,False,False,,0,114.0
14516,8/1/25,660.03,Van Wyck Expressway,T5,Business,False,False,,0,251.0
14517,8/1/25,660.04,Van Wyck Expressway,T5,Business,False,False,,0,468.0
14518,8/1/25,660.21,Van Wyck Expressway,T8,Vacationer,False,False,,0,1797.0
14519,8/1/25,660.53,Van Wyck Expressway,T8,Vacationer,False,False,,0,1390.0
14520,8/1/25,660.59,Van Wyck Expressway,T5,Short-Term,True,False,,0,46.0
14521,8/1/25,660.72,Van Wyck Expressway,T5,Short-Term,False,False,,0,96.0
14522,8/1/25,660.93,Van Wyck Expressway,T8,Staff,False,False,,0,480.0
14523,8/1/25,661.61,Van Wyck Expressway,T5,Business,False,False,,0,315.0
14524,8/1/25,661.74,Van Wyck Expressway,T1,Short-Term,True,False,,0,45.0
14525,8/1/25,661.94,Van Wyck Expressway,T1,Vacationer,False,False,,0,542.0
14526,8/1/25,662.14,Van Wyck Expressway,T1,Staff,False,False,,0,480.0
14527,8/1/25,662.29,Van Wyck Expressway,T5,Short-Term,False,False,,0,50.0
14528,8/1/25,662.39,Van Wyck Expressway,T8,Vacationer,False,False,,0,2630.0
14529,8/1/25,662.69,Van Wyck Expressway,T4,Vacationer,False,False,,0,2252.0
14530,8/1/25,662.96,Van Wyck Expressway,T8,Short-Term,False,False,,0,81.0
14531,8/1/25,663.27,Van Wyck Expressway,T1,Short-Term,False,False,,0,60.0
14532,8/1/25,663.49,Van Wyck Expressway,T5,Staff,False,False,,0,480.0
14533,8/1/25,663.5,Van Wyck Expressway,T1,Business,False,False,,0,334.0
14534,8/1/25,664.0,Van Wyck Expressway,T4,Vacationer,False,False,,0,393.0
14535,8/1/25,664.19,Van Wyck Expressway,T5,Business,False,False,,0,314.0
14536,8/1/25,664.35,Van Wyck Expressway,T4,Staff,True,False,,0,480.0
14537,8/1/25,664.57,Van Wyck Expressway,T5,Business,False,False,,0,242.0
14538,8/1/25,664.66,Van Wyck Expressway,T5,Short-Term,False,False,,0,42.0
14539,8/1/25,664.7,Van Wyck Expressway,T8,Vacationer,False,False,,0,836.0
14540,8/1/25,664.72,Van Wyck Expressway,T4,Short-Term,False,False,,0,31.0
14541,8/1/25,664.72,Van Wyck Expressway,T4,Vacationer,False,False,,0,2466.0
14542,8/1/25,664.76,Van Wyck Expressway,T1,Short-Term,False,False,,0,79.0
14543,8/1/25,664.84,Van Wyck Expressway,T1,Vacationer,False,False,,0,1064.0
14544,8/1/25,664.91,Van Wyck Expressway,T1,Short-Term,False,False,,0,90.0
14545,8/1/25,665.0,Van Wyck Expressway,T5,Short-Term,False,False,,0,54.0
14546,8/1/25,665.04,Van Wyck Expressway,T5,Business,False,False,,0,445.0
14547,8/1/25,665.14,Van Wyck Expressway,T4,Staff,False,False,,0,480.0
14548,8/1/25,665.16,Van Wyck Expressway,T1,Short-Term,True,False,,0,99.0
14549,8/1/25,665.48,Van Wyck Expressway,T1,Business,False,False,,0,378.0
14550,8/1/25,665.62,Van Wyck Expressway,T1,Short-Term,True,False,,0,83.0
14551,8/1/25,665.64,Van Wyck Expressway,T1,Business,False,False,,0,148.0
14552,8/1/25,665.73,Van Wyck Expressway,T8,Business,False,False,,0,362.0
14553,8/1/25,665.77,Van Wyck Expressway,T4,Short-Term,False,False,,0,43.0
14554,8/1/25,665.85,Van Wyck Expressway,T4,Business,False,False,,0,309.0
14555,8/1/25,665.86,Van Wyck Expressway,T1,Short-Term,False,False,,0,117.0
14556,8/1/25,666.51,Van Wyck Expressway,T1,Business,True,False,,0,258.0
14557,8/1/25,666.78,Van Wyck Expressway,T4,Short-Term,False,False,,0,40.0
14558,8/1/25,666.87,Van Wyck Expressway,T4,Short-Term,False,False,,0,80.0
14559,8/1/25,667.97,Van Wyck Expressway,T1,Short-Term,False,False,,0,115.0
14560,8/1/25,668.07,Van Wyck Expressway,T1,Vacationer,False,False,,0,4201.0
14561,8/1/25,668.07,Van Wyck Expressway,T1,Short-Term,False,False,,0,66.0
14562,8/1/25,668.09,Van Wyck Expressway,T5,Business,False,False,,0,176.0
14563,8/1/25,668.09,Van Wyck Expressway,T1,Short-Term,False,False,,0,108.0
14564,8/1/25,668.14,Van Wyck Expressway,T4,Short-Term,False,False,,0,105.0
14565,8/1/25,668.3,Van Wyck Expressway,T5,Vacationer,False,False,,0,980.0
14566,8/1/25,668.46,Van Wyck Expressway,T8,Short-Term,False,False,,0,41.0
14567,8/1/25,668.87,Van Wyck Expressway,T8,Short-Term,False,False,,0,113.0
14568,8/1/25,669.1,Van Wyck Expressway,T5,Business,False,False,,0,397.0
14569,8/1/25,669.12,Van Wyck Expressway,T4,Short-Term,False,False,,0,74.0
14570,8/1/25,669.26,Van Wyck Expressway,T8,Business,False,False,,0,387.0
14571,8/1/25,669.28,Van Wyck Expressway,T5,Vacationer,False,False,,0,2387.0
14572,8/1/25,669.39,Van Wyck Expressway,T5,Short-Term,False,False,,0,95.0
14573,8/1/25,669.41,Van Wyck Expressway,T8,Vacationer,False,False,,0,2145.0
14574,8/1/25,669.44,Van Wyck Expressway,T1,Business,False,False,,0,126.0
14575,8/1/25,669.63,Van Wyck Expressway,T4,Short-Term,False,False,,0,58.0
14576,8/1/25,669.67,Van Wyck Expressway,T4,Staff,False,False,,0,480.0
14577,8/1/25,669.88,Van Wyck Expressway,T1,Vacationer,True,False,,0,469.0
14578,8/1/25,670.13,Van Wyck Expressway,T8,Short-Term,False,False,,0,81.0
14579,8/1/25,670.2,Van Wyck Expressway,T5,Staff,False,False,,0,480.0
14580,8/1/25,670.23,Van Wyck Expressway,T8,Vacationer,False,False,,0,3839.0
14581,8/1/25,670.65,Van Wyck Expressway,T8,Vacationer,False,False,,0,2125.0
14582,8/1/25,671.08,Van Wyck Expressway,T1,Staff,False,False,,0,480.0
14583,8/1/25,671.15,Van Wyck Expressway,T1,Vacationer,False,False,,0,1116.0
14584,8/1/25,671.16,Van Wyck Expressway,T5,Short-Term,False,False,,0,41.0
14585,8/1/25,671.18,Van Wyck Expressway,T8,Short-Term,False,False,,0,104.0
14586,8/1/25,671.61,Van Wyck Expressway,T4,Vacationer,False,False,,0,3153.0
14587,8/1/25,671.72,Van Wyck Expressway,T4,Short-Term,True,False,,0,105.0
14588,8/1/25,671.86,Van Wyck Expressway,T5,Business,False,False,,0,159.0
14589,8/1/25,671.91,Van Wyck Expressway,T1,Vacationer,False,False,,0,1329.0
14590,8/1/25,672.05,Van Wyck Expressway,T8,Vacationer,False,False,,0,3467.0
14591,8/1/25,672.34,Van Wyck Expressway,T4,Vacationer,False,False,,0,3451.0
14592,8/1/25,672.47,Van Wyck Expressway,T4,Staff,False,False,,0,480.0
14593,8/1/25,672.65,Van Wyck Expressway,T1,Staff,False,False,,0,480.0
14594,8/1/25,672.69,Van Wyck Expressway,T5,Short-Term,False,False,,0,117.0
14595,8/1/25,672.88,Van Wyck Expressway,T8,Vacationer,False,False,,0,2178.0
14596,8/1/25,673.09,Van Wyck Expressway,T5,Business,False,False,,0,206.0
14597,8/1/25,673.11,Van Wyck Expressway,T8,Vacationer,True,False,,0,3500.0
14598,8/1/25,673.11,Van Wyck Expressway,T4,Business,False,False,,0,165.0
14599,8/1/25,673.16,Van Wyck Expressway,T4,Short-Term,False,False,,0,38.0
14600,8/1/25,673.38,Van Wyck Expressway,T5,Business,False,False,,0,253.0
14601,8/1/25,674.4,Van Wyck Expressway,T5,Vacationer,True,False,,0,3176.0
14602,8/1/25,674.4,Van Wyck Expressway,T1,Vacationer,False,False,,0,2303.0
14603,8/1/25,674.43,Van Wyck Expressway,T1,Vacationer,False,False,,0,1421.0
14604,8/1/25,674.66,Van Wyck Expressway,T1,Vacationer,False,False,,0,1570.0
14605,8/1/25,674.7,Van Wyck Expressway,T8,Short-Term,False,False,,0,41.0
14606,8/1/25,674.81,Van Wyck Expressway,T4,Business,False,False,,0,179.0
14607,8/1/25,675.1,Van Wyck Expressway,T8,Business,False,False,,0,143.0
14608,8/1/25,675.12,Van Wyck Expressway,T4,Business,False,False,,0,445.0
14609,8/1/25,675.16,Van Wyck Expressway,T8,Staff,False,False,,0,480.0
14610,8/1/25,675.37,Van Wyck Expressway,T1,Business,False,False,,0,179.0
14611,8/1/25,675.38,Van Wyck Expressway,T5,Business,False,False,,0,245.0
14612,8/1/25,675.53,Van Wyck Expressway,T8,Vacationer,False,False,,0,1272.0
14613,8/1/25,675.59,Van Wyck Expressway,T1,Short-Term,False,False,,0,72.0
14614,8/1/25,675.75,Van Wyck Expressway,T1,Business,True,False,,0,359.0
14615,8/1/25,675.83,Van Wyck Expressway,T8,Business,False,False,,0,367.0
14616,8/1/25,675.84,Van Wyck Expressway,T8,Staff,False,False,,0,480.0
14617,8/1/25,675.84,Van Wyck Expressway,T5,Vacationer,False,False,,0,1645.0
14618,8/1/25,675.86,Van Wyck Expressway,T5,Short-Term,False,False,,0,62.0
14619,8/1/25,676.45,Van Wyck Expressway,T8,Short-Term,False,False,,0,44.0
14620,8/1/25,676.59,Van Wyck Expressway,T4,Short-Term,False,False,,0,63.0
14621,8/1/25,677.18,Van Wyck Expressway,T1,Vacationer,False,False,,0,4004.0
14622,8/1/25,677.5,Van Wyck Expressway,T5,Vacationer,False,False,,0,2201.0
14623,8/1/25,677.7,Van Wyck Expressway,T8,Staff,False,False,,0,480.0
14624,8/1/25,677.87,Van Wyck Expressway,T4,Business,False,False,,0,337.0
14625,8/1/25,677.91,Van Wyck Expressway,T5,Business,False,False,,0,377.0
14626,8/1/25,678.05,Van Wyck Expressway,T4,Business,False,False,,0,270.0
14627,8/1/25,678.18,Van Wyck Expressway,T1,Short-Term,False,False,,0,112.0
14628,8/1/25,678.28,Van Wyck Expressway,T4,Vacationer,False,False,,0,1630.0
14629,8/1/25,678.61,Van Wyck Expressway,T8,Vacationer,True,False,,0,2843.0
14630,8/1/25,678.81,Van Wyck Expressway,T4,Short-Term,False,False,,0,48.0
14631,8/1/25,679.14,Van Wyck Expressway,T4,Vacationer,False,False,,0,3337.0
14632,8/1/25,679.24,Van Wyck Expressway,T4,Short-Term,False,False,,0,94.0
14633,8/1/25,679.79,Van Wyck Expressway,T1,Short-Term,False,False,,0,85.0
14634,8/1/25,679.82,Van Wyck Expressway,T4,Short-Term,False,False,,0,51.0
14635,8/1/25,680.08,Van Wyck Expressway,T5,Short-Term,False,False,,0,71.0
14636,8/1/25,680.27,Van Wyck Expressway,T1,Business,False,False,,0,285.0
14637,8/1/25,680.36,Van Wyck Expressway,T4,Short-Term,False,False,,0,49.0
14638,8/1/25,680.38,Van Wyck Expressway,T1,Short-Term,False,False,,0,116.0
14639,8/1/25,680.56,Van Wyck Expressway,T5,Vacationer,True,False,,0,2156.0
14640,8/1/25,680.62,Van Wyck Expressway,T1,Vacationer,False,False,,0,3955.0
14641,8/1/25,680.7,Van Wyck Expressway,T1,Vacationer,False,False,,0,2744.0
14642,8/1/25,680.79,Van Wyck Expressway,T4,Short-Term,False,False,,0,68.0
14643,8/1/25,681.16,Van Wyck Expressway,T1,Short-Term,False,False,,0,74.0
14644,8/1/25,681.17,Van Wyck Expressway,T4,Business,False,False,,0,412.0
14645,8/1/25,681.19,Van Wyck Expressway,T4,Short-Term,False,False,,0,105.0
14646,8/1/25,681.24,Van Wyck Expressway,T1,Short-Term,False,False,,0,65.0
14647,8/1/25,681.39,Van Wyck Expressway,T5,Vacationer,False,False,,0,2376.0
14648,8/1/25,681.42,Van Wyck Expressway,T4,Short-Term,False,False,,0,49.0
14649,8/1/25,681.66,Van Wyck Expressway,T5,Business,False,False,,0,262.0
14650,8/1/25,681.66,Van Wyck Expressway,T5,Short-Term,False,False,,0,105.0
14651,8/1/25,681.67,Van Wyck Expressway,T5,Vacationer,True,False,,0,1557.0
14652,8/1/25,681.69,Van Wyck Expressway,T4,Short-Term,False,False,,0,52.0
14653,8/1/25,682.01,Van Wyck Expressway,T4,Business,False,False,,0,391.0
14654,8/1/25,682.07,Van Wyck Expressway,T4,Short-Term,False,False,,0,88.0
14655,8/1/25,682.23,Van Wyck Expressway,T5,Business,False,False,,0,429.0
14656,8/1/25,682.27,Van Wyck Expressway,T1,Business,False,False,,0,401.0
14657,8/1/25,682.28,Van Wyck Expressway,T5,Short-Term,False,False,,0,69.0
14658,8/1/25,682.3,Van Wyck Expressway,T5,Short-Term,False,False,,0,37.0
14659,8/1/25,682.79,Van Wyck Expressway,T4,Vacationer,False,False,,0,1174.0
14660,8/1/25,683.0,Van Wyck Expressway,T4,Business,False,False,,0,196.0
14661,8/1/25,683.02,Van Wyck Expressway,T4,Short-Term,False,False,,0,118.0
14662,8/1/25,683.07,Van Wyck Expressway,T5,Vacationer,False,False,,0,1094.0
14663,8/1/25,683.13,Van Wyck Expressway,T4,Business,False,False,,0,379.0
14664,8/1/25,683.18,Van Wyck Expressway,T5,Vacationer,False,False,,0,739.0
14665,8/1/25,683.45,Van Wyck Expressway,T8,Short-Term,False,False,,0,92.0
14666,8/1/25,683.7,Van Wyck Expressway,T4,Short-Term,False,False,,0,34.0
14667,8/1/25,683.87,Van Wyck Expressway,T8,Short-Term,False,False,,0,77.0
14668,8/1/25,684.22,Van Wyck Expressway,T4,Short-Term,False,False,,0,96.0
14669,8/1/25,684.49,Van Wyck Expressway,T4,Short-Term,True,False,,0,60.0
14670,8/1/25,684.71,Van Wyck Expressway,T5,Business,False,False,,0,317.0
14671,8/1/25,684.71,Van Wyck Expressway,T1,Business,False,False,,0,366.0
14672,8/1/25,685.0,Van Wyck Expressway,T5,Business,True,False,,0,462.0
14673,8/1/25,685.21,Van Wyck Expressway,T4,Short-Term,False,False,,0,94.0
14674,8/1/25,685.48,Van Wyck Expressway,T1,Vacationer,False,False,,0,2064.0
14675,8/1/25,685.62,Van Wyck Expressway,T5,Business,False,False,,0,236.0
14676,8/1/25,685.98,Van Wyck Expressway,T1,Business,False,False,,0,457.0
14677,8/1/25,686.19,Van Wyck Expressway,T1,Short-Term,False,False,,0,117.0
14678,8/1/25,686.56,Van Wyck Expressway,T4,Short-Term,False,False,,0,90.0
14679,8/1/25,686.73,Van Wyck Expressway,T1,Business,True,False,,0,256.0
14680,8/1/25,686.88,Van Wyck Expressway,T8,Vacationer,False,False,,0,878.0
14681,8/1/25,687.27,Van Wyck Expressway,T5,Business,False,False,,0,469.0
14682,8/1/25,687.27,Van Wyck Expressway,T5,Business,False,False,,0,342.0
14683,8/1/25,687.57,Van Wyck Expressway,T5,Business,False,False,,0,170.0
14684,8/1/25,687.98,Van Wyck Expressway,T4,Business,False,False,,0,384.0
14685,8/1/25,688.56,Van Wyck Expressway,T1,Vacationer,False,False,,0,1053.0
14686,8/1/25,688.95,Van Wyck Expressway,T1,Short-Term,False,False,,0,32.0
14687,8/1/25,689.11,Van Wyck Expressway,T5,Vacationer,False,False,,0,1450.0
14688,8/1/25,689.46,Van Wyck Expressway,T5,Vacationer,False,False,,0,2818.0
14689,8/1/25,689.51,Van Wyck Expressway,T4,Business,False,False,,0,250.0
14690,8/1/25,689.65,Van Wyck Expressway,T1,Short-Term,False,False,,0,85.0
14691,8/1/25,689.78,Van Wyck Expressway,T1,Vacationer,False,False,,0,730.0
14692,8/1/25,690.07,Van Wyck Expressway,T8,Short-Term,False,False,,0,82.0
14693,8/1/25,690.34,Van Wyck Expressway,T5,Vacationer,False,False,,0,2625.0
14694,8/1/25,690.37,Van Wyck Expressway,T4,Vacationer,False,False,,0,995.0
14695,8/1/25,690.37,Van Wyck Expressway,T5,Business,False,False,,0,466.0
14696,8/1/25,690.43,Van Wyck Expressway,T1,Business,False,False,,0,222.0
14697,8/1/25,690.49,Van Wyck Expressway,T1,Staff,False,False,,0,480.0
14698,8/1/25,690.54,Van Wyck Expressway,T5,Short-Term,False,False,,0,57.0
14699,8/1/25,690.67,Van Wyck Expressway,T8,Vacationer,False,False,,0,3301.0
14700,8/1/25,691.36,Van Wyck Expressway,T5,Staff,True,False,,0,480.0
14701,8/1/25,691.56,Van Wyck Expressway,T8,Vacationer,False,False,,0,824.0
14702,8/1/25,692.0,Van Wyck Expressway,T4,Short-Term,False,False,,0,111.0
14703,8/1/25,692.03,Van Wyck Expressway,T8,Staff,False,False,,0,480.0
14704,8/1/25,692.08,Van Wyck Expressway,T8,Short-Term,False,False,,0,117.0
14705,8/1/25,692.68,Van Wyck Expressway,T5,Short-Term,False,False,,0,105.0
14706,8/1/25,692.77,Van Wyck Expressway,T8,Business,False,False,,0,261.0
14707,8/1/25,692.8,Van Wyck Expressway,T4,Short-Term,False,False,,0,39.0
14708,8/1/25,692.81,Van Wyck Expressway,T8,Short-Term,False,False,,0,84.0
14709,8/1/25,692.9,Van Wyck Expressway,T1,Business,False,False,,0,431.0
14710,8/1/25,693.01,Van Wyck Expressway,T8,Business,False,False,,0,434.0
14711,8/1/25,693.07,Van Wyck Expressway,T4,Business,False,False,,0,452.0
14712,8/1/25,693.76,Van Wyck Expressway,T8,Vacationer,False,False,,0,1964.0
14713,8/1/25,693.9,Van Wyck Expressway,T8,Short-Term,False,False,,0,86.0
14714,8/1/25,693.93,Van Wyck Expressway,T5,Short-Term,False,False,,0,90.0
14715,8/1/25,694.39,Van Wyck Expressway,T8,Staff,False,False,,0,480.0
14716,8/1/25,694.6,Van Wyck Expressway,T4,Staff,False,False,,0,480.0
14717,8/1/25,694.98,Van Wyck Expressway,T5,Short-Term,False,False,,0,98.0
14718,8/1/25,695.21,Van Wyck Expressway,T1,Short-Term,False,False,,0,54.0
14719,8/1/25,696.29,Van Wyck Expressway,T4,Vacationer,False,False,,0,3200.0
14720,8/1/25,696.3,Van Wyck Expressway,T5,Staff,True,False,,0,480.0
14721,8/1/25,696.63,Van Wyck Expressway,T1,Short-Term,False,False,,0,92.0
14722,8/1/25,696.67,Van Wyck Expressway,T4,Short-Term,True,False,,0,64.0
14723,8/1/25,696.79,Van Wyck Expressway,T4,Short-Term,False,False,,0,42.0
14724,8/1/25,697.55,Van Wyck Expressway,T1,Short-Term,True,False,,0,87.0
14725,8/1/25,698.17,Van Wyck Expressway,T8,Business,False,False,,0,121.0
14726,8/1/25,698.23,Van Wyck Expressway,T4,Business,False,False,,0,203.0
14727,8/1/25,698.55,Van Wyck Expressway,T8,Business,True,False,,0,321.0
14728,8/1/25,698.8,Van Wyck Expressway,T1,Short-Term,True,False,,0,75.0
14729,8/1/25,699.04,Van Wyck Expressway,T8,Short-Term,False,False,,0,88.0
14730,8/1/25,699.59,Van Wyck Expressway,T4,Short-Term,False,False,,0,80.0
14731,8/1/25,699.98,Van Wyck Expressway,T8,Short-Term,False,False,,0,104.0
14732,8/1/25,700.08,Van Wyck Expressway,T5,Vacationer,False,False,,0,3482.0
14733,8/1/25,700.14,Van Wyck Expressway,T4,Business,False,False,,0,317.0
14734,8/1/25,700.47,Van Wyck Expressway,T5,Vacationer,False,False,,0,1074.0
14735,8/1/25,700.51,Van Wyck Expressway,T1,Business,False,False,,0,267.0
14736,8/1/25,700.58,Van Wyck Expressway,T1,Staff,True,False,,0,480.0
14737,8/1/25,700.67,Van Wyck Expressway,T8,Staff,False,False,,0,480.0
14738,8/1/25,701.1,Van Wyck Expressway,T5,Vacationer,False,False,,0,3689.0
14739,8/1/25,701.5,Van Wyck Expressway,T1,Vacationer,False,False,,0,1111.0
14740,8/1/25,701.52,Van Wyck Expressway,T4,Short-Term,False,False,,0,32.0
14741,8/1/25,701.55,Van Wyck Expressway,T5,Business,False,False,,0,168.0
14742,8/1/25,701.62,Van Wyck Expressway,T8,Short-Term,False,False,,0,51.0
14743,8/1/25,701.8,Van Wyck Expressway,T5,Short-Term,False,False,,0,100.0
14744,8/1/25,702.09,Van Wyck Expressway,T5,Vacationer,True,False,,0,390.0
14745,8/1/25,702.37,Van Wyck Expressway,T4,Short-Term,False,False,,0,72.0
14746,8/1/25,702.44,Van Wyck Expressway,T5,Short-Term,False,False,,0,37.0
14747,8/1/25,702.91,Van Wyck Expressway,T8,Staff,False,False,,0,480.0
14748,8/1/25,703.27,Van Wyck Expressway,T8,Business,False,False,,0,348.0
14749,8/1/25,703.52,Van Wyck Expressway,T4,Business,False,False,,0,192.0
14750,8/1/25,703.59,Van Wyck Expressway,T4,Staff,False,False,,0,480.0
14751,8/1/25,703.79,Van Wyck Expressway,T5,Short-Term,False,False,,0,86.0
14752,8/1/25,704.22,Van Wyck Expressway,T8,Business,False,False,,0,210.0
14753,8/1/25,704.3,Van Wyck Expressway,T8,Short-Term,True,False,,0,57.0
14754,8/1/25,704.41,Van Wyck Expressway,T1,Staff,False,False,,0,480.0
14755,8/1/25,704.49,Van Wyck Expressway,T8,Business,False,False,,0,440.0
14756,8/1/25,704.82,Van Wyck Expressway,T1,Short-Term,False,False,,0,91.0
14757,8/1/25,705.06,Van Wyck Expressway,T4,Short-Term,False,False,,0,39.0
14758,8/1/25,705.16,Van Wyck Expressway,T8,Staff,False,False,,0,480.0
14759,8/1/25,705.27,Van Wyck Expressway,T4,Short-Term,False,False,,0,34.0
14760,8/1/25,705.37,Van Wyck Expressway,T5,Vacationer,False,False,,0,2958.0
14761,8/1/25,705.77,Van Wyck Expressway,T5,Short-Term,False,False,,0,67.0
14762,8/1/25,705.93,Van Wyck Expressway,T1,Short-Term,False,False,,0,54.0
14763,8/1/25,706.31,Van Wyck Expressway,T5,Vacationer,False,False,,0,373.0
14764,8/1/25,706.33,Van Wyck Expressway,T4,Short-Term,False,False,,0,102.0
14765,8/1/25,706.41,Van Wyck Expressway,T8,Business,False,False,,0,456.0
14766,8/1/25,706.87,Van Wyck Expressway,T5,Short-Term,False,False,,0,117.0
14767,8/1/25,706.94,Van Wyck Expressway,T1,Short-Term,False,False,,0,72.0
14768,8/1/25,707.21,Van Wyck Expressway,T4,Vacationer,False,False,,0,1273.0
14769,8/1/25,707.31,Van Wyck Expressway,T4,Staff,False,False,,0,480.0
14770,8/1/25,707.38,Van Wyck Expressway,T4,Vacationer,False,False,,0,3761.0
14771,8/1/25,707.49,Van Wyck Expressway,T1,Business,False,False,,0,219.0
14772,8/1/25,707.61,Van Wyck Expressway,T1,Business,False,False,,0,276.0
14773,8/1/25,707.63,Van Wyck Expressway,T4,Staff,False,False,,0,480.0
14774,8/1/25,707.82,Van Wyck Expressway,T4,Short-Term,False,False,,0,85.0
14775,8/1/25,708.15,Van Wyck Expressway,T4,Vacationer,False,False,,0,3108.0
14776,8/1/25,708.3,Van Wyck Expressway,T4,Short-Term,False,False,,0,47.0
14777,8/1/25,708.35,Van Wyck Expressway,T5,Business,False,False,,0,385.0
14778,8/1/25,708.58,Van Wyck Expressway,T8,Short-Term,False,False,,0,92.0
14779,8/1/25,708.73,Van Wyck Expressway,T4,Business,True,False,,0,222.0
14780,8/1/25,708.85,Van Wyck Expressway,T5,Short-Term,False,False,,0,86.0
14781,8/1/25,709.35,Van Wyck Expressway,T8,Business,False,False,,0,326.0
14782,8/1/25,709.4,Van Wyck Expressway,T4,Short-Term,False,False,,0,49.0
14783,8/1/25,709.47,Van Wyck Expressway,T1,Vacationer,False,False,,0,1345.0
14784,8/1/25,709.83,Van Wyck Expressway,T4,Short-Term,False,False,,0,87.0
14785,8/1/25,710.18,Van Wyck Expressway,T8,Business,False,False,,0,159.0
14786,8/1/25,710.34,Van Wyck Expressway,T8,Business,False,False,,0,467.0
14787,8/1/25,710.35,Van Wyck Expressway,T4,Staff,False,False,,0,480.0
14788,8/1/25,710.58,Van Wyck Expressway,T4,Vacationer,False,False,,0,2196.0
14789,8/1/25,710.71,Van Wyck Expressway,T8,Short-Term,False,False,,0,103.0
14790,8/1/25,710.83,Van Wyck Expressway,T4,Short-Term,True,False,,0,85.0
14791,8/1/25,711.3,Van Wyck Expressway,T1,Vacationer,False,False,,0,3956.0
14792,8/1/25,711.41,Van Wyck Expressway,T8,Short-Term,False,False,,0,54.0
14793,8/1/25,711.49,Van Wyck Expressway,T5,Staff,False,False,,0,480.0
14794,8/1/25,711.67,Van Wyck Expressway,T8,Vacationer,False,False,,0,392.0
14795,8/1/25,711.8,Van Wyck Expressway,T4,Short-Term,False,False,,0,74.0
14796,8/1/25,711.81,Van Wyck Expressway,T8,Business,False,False,,0,305.0
14797,8/1/25,711.9,Van Wyck Expressway,T5,Business,False,False,,0,461.0
14798,8/1/25,712.03,Van Wyck Expressway,T4,Vacationer,False,False,,0,3314.0
14799,8/1/25,712.13,Van Wyck Expressway,T1,Staff,False,False,,0,480.0
14800,8/1/25,712.15,Van Wyck Expressway,T1,Business,False,False,,0,301.0
14801,8/1/25,712.28,Van Wyck Expressway,T5,Short-Term,False,False,,0,112.0
14802,8/1/25,712.34,Van Wyck Expressway,T5,Short-Term,False,False,,0,56.0
14803,8/1/25,712.38,Van Wyck Expressway,T4,Business,False,False,,0,304.0
14804,8/1/25,712.44,Van Wyck Expressway,T8,Business,False,False,,0,170.0
14805,8/1/25,712.61,Van Wyck Expressway,T8,Business,True,False,,0,264.0
14806,8/1/25,712.86,Van Wyck Expressway,T4,Short-Term,False,False,,0,63.0
14807,8/1/25,712.87,Van Wyck Expressway,T8,Business,False,False,,0,423.0
14808,8/1/25,713.13,Van Wyck Expressway,T5,Business,False,False,,0,433.0
14809,8/1/25,713.17,Van Wyck Expressway,T4,Short-Term,False,False,,0,69.0
14810,8/1/25,713.26,Van Wyck Expressway,T4,Business,False,False,,0,167.0
14811,8/1/25,713.48,Van Wyck Expressway,T5,Short-Term,False,False,,0,60.0
14812,8/1/25,713.73,Van Wyck Expressway,T8,Vacationer,False,False,,0,1223.0
14813,8/1/25,713.73,Van Wyck Expressway,T1,Short-Term,False,False,,0,33.0
14814,8/1/25,713.75,Van Wyck Expressway,T1,Business,False,False,,0,227.0
14815,8/1/25,713.76,Van Wyck Expressway,T5,Business,False,False,,0,461.0
14816,8/1/25,713.89,Van Wyck Expressway,T1,Staff,False,False,,0,480.0
14817,8/1/25,713.9,Van Wyck Expressway,T5,Short-Term,False,False,,0,112.0
14818,8/1/25,714.31,Van Wyck Expressway,T1,Business,True,False,,0,306.0
14819,8/1/25,714.48,Van Wyck Expressway,T8,Staff,False,False,,0,480.0
14820,8/1/25,714.52,Van Wyck Expressway,T5,Vacationer,True,False,,0,1761.0
14821,8/1/25,714.63,Van Wyck Expressway,T1,Short-Term,False,False,,0,84.0
14822,8/1/25,714.76,Van Wyck Expressway,T4,Business,False,False,,0,124.0
14823,8/1/25,715.08,Van Wyck Expressway,T1,Business,False,False,,0,184.0
14824,8/1/25,715.3,Van Wyck Expressway,T5,Business,False,False,,0,271.0
14825,8/1/25,715.79,Van Wyck Expressway,T1,Vacationer,False,False,,0,832.0
14826,8/1/25,715.85,Van Wyck Expressway,T8,Short-Term,False,False,,0,89.0
14827,8/1/25,716.28,Van Wyck Expressway,T8,Business,False,False,,0,191.0
14828,8/1/25,716.65,Van Wyck Expressway,T4,Vacationer,False,False,,0,3906.0
14829,8/1/25,717.0,Van Wyck Expressway,T5,Business,False,False,,0,438.0
14830,8/1/25,717.09,Van Wyck Expressway,T8,Short-Term,False,False,,0,37.0
14831,8/1/25,717.58,Van Wyck Expressway,T4,Short-Term,False,False,,0,46.0
14832,8/1/25,717.6,Van Wyck Expressway,T1,Short-Term,False,False,,0,60.0
14833,8/1/25,717.83,Van Wyck Expressway,T8,Short-Term,False,False,,0,102.0
14834,8/1/25,718.28,Van Wyck Expressway,T5,Staff,False,False,,0,480.0
14835,8/1/25,718.56,Van Wyck Expressway,T4,Short-Term,False,False,,0,61.0
14836,8/1/25,718.74,Van Wyck Expressway,T8,Short-Term,False,False,,0,118.0
14837,8/1/25,718.82,Van Wyck Expressway,T1,Short-Term,False,False,,0,31.0
14838,8/1/25,719.35,Van Wyck Expressway,T5,Business,False,False,,0,128.0
14839,8/1/25,719.43,Van Wyck Expressway,T8,Business,False,False,,0,415.0
14840,8/1/25,719.58,Van Wyck Expressway,T8,Vacationer,False,False,,0,3490.0
14841,8/1/25,719.66,Van Wyck Expressway,T4,Short-Term,False,False,,0,37.0
14842,8/1/25,719.88,Van Wyck Expressway,T8,Short-Term,False,False,,0,46.0
14843,8/1/25,720.59,Van Wyck Expressway,T4,Vacationer,True,False,,0,2716.0
14844,8/1/25,720.62,Van Wyck Expressway,T1,Short-Term,False,False,,0,115.0
14845,8/1/25,720.74,Van Wyck Expressway,T5,Business,False,False,,0,301.0
14846,8/1/25,721.19,Van Wyck Expressway,T4,Short-Term,False,False,,0,110.0
14847,8/1/25,721.51,Van Wyck Expressway,T1,Short-Term,True,False,,0,120.0
14848,8/1/25,721.68,Van Wyck Expressway,T5,Business,False,False,,0,156.0
14849,8/1/25,721.73,Van Wyck Expressway,T5,Staff,False,False,,0,480.0
14850,8/1/25,721.75,Van Wyck Expressway,T5,Short-Term,True,False,,0,84.0
14851,8/1/25,722.51,Van Wyck Expressway,T1,Business,False,False,,0,451.0
14852,8/1/25,722.56,Van Wyck Expressway,T4,Short-Term,False,False,,0,60.0
14853,8/1/25,722.68,Van Wyck Expressway,T1,Short-Term,False,False,,0,62.0
14854,8/1/25,722.7,Van Wyck Expressway,T5,Vacationer,False,False,,0,1206.0
14855,8/1/25,722.85,Van Wyck Expressway,T8,Short-Term,False,False,,0,96.0
14856,8/1/25,723.11,Van Wyck Expressway,T5,Short-Term,False,False,,0,36.0
14857,8/1/25,723.42,Van Wyck Expressway,T1,Short-Term,False,False,,0,93.0
14858,8/1/25,723.57,Van Wyck Expressway,T4,Staff,False,False,,0,480.0
14859,8/1/25,723.61,Van Wyck Expressway,T1,Short-Term,False,False,,0,48.0
14860,8/1/25,723.65,Van Wyck Expressway,T8,Short-Term,False,False,,0,99.0
14861,8/1/25,723.89,Van Wyck Expressway,T8,Business,False,False,,0,151.0
14862,8/1/25,724.05,Van Wyck Expressway,T1,Vacationer,False,False,,0,1428.0
14863,8/1/25,724.31,Van Wyck Expressway,T8,Business,False,False,,0,150.0
14864,8/1/25,724.47,Van Wyck Expressway,T8,Business,True,False,,0,386.0
14865,8/1/25,724.48,Van Wyck Expressway,T1,Vacationer,True,False,,0,1056.0
14866,8/1/25,724.98,Van Wyck Expressway,T5,Short-Term,False,False,,0,33.0
14867,8/1/25,725.2,Van Wyck Expressway,T5,Short-Term,False,False,,0,37.0
14868,8/1/25,725.28,Van Wyck Expressway,T1,Business,True,False,,0,313.0
14869,8/1/25,725.3,Van Wyck Expressway,T1,Vacationer,False,False,,0,497.0
14870,8/1/25,725.63,Van Wyck Expressway,T4,Vacationer,False,False,,0,470.0
14871,8/1/25,725.67,Van Wyck Expressway,T5,Short-Term,False,False,,0,58.0
14872,8/1/25,725.85,Van Wyck Expressway,T1,Short-Term,False,False,,0,63.0
14873,8/1/25,725.92,Van Wyck Expressway,T5,Short-Term,False,False,,0,65.0
14874,8/1/25,726.16,Van Wyck Expressway,T5,Short-Term,False,False,,0,35.0
14875,8/1/25,726.4,Van Wyck Expressway,T5,Staff,False,False,,0,480.0
14876,8/1/25,726.69,Van Wyck Expressway,T4,Short-Term,False,False,,0,36.0
14877,8/1/25,726.85,Van Wyck Expressway,T8,Vacationer,False,False,,0,858.0
14878,8/1/25,727.46,Van Wyck Expressway,T5,Short-Term,False,False,,0,78.0
14879,8/1/25,727.63,Van Wyck Expressway,T4,Business,False,False,,0,206.0
14880,8/1/25,728.13,Van Wyck Expressway,T4,Staff,False,False,,0,480.0
14881,8/1/25,728.56,Van Wyck Expressway,T5,Vacationer,False,False,,0,1930.0
14882,8/1/25,728.84,Van Wyck Expressway,T1,Short-Term,False,False,,0,82.0
14883,8/1/25,728.89,Van Wyck Expressway,T5,Short-Term,False,False,,0,113.0
14884,8/1/25,729.19,Van Wyck Expressway,T8,Short-Term,False,False,,0,69.0
14885,8/1/25,729.45,Van Wyck Expressway,T5,Staff,False,False,,0,480.0
14886,8/1/25,729.62,Van Wyck Expressway,T1,Short-Term,False,False,,0,88.0
14887,8/1/25,730.73,Van Wyck Expressway,T4,Business,True,False,,0,130.0
14888,8/1/25,730.99,Van Wyck Expressway,T4,Business,False,False,,0,455.0
14889,8/1/25,731.04,Van Wyck Expressway,T8,Short-Term,False,False,,0,69.0
14890,8/1/25,731.14,Van Wyck Expressway,T8,Short-Term,False,False,,0,70.0
14891,8/1/25,731.16,Van Wyck Expressway,T1,Short-Term,False,False,,0,31.0
14892,8/1/25,731.44,Van Wyck Expressway,T1,Business,False,False,,0,250.0
14893,8/1/25,731.62,Van Wyck Expressway,T4,Short-Term,False,False,,0,61.0
14894,8/1/25,731.96,Van Wyck Expressway,T8,Vacationer,False,False,,0,3010.0
14895,8/1/25,732.22,Van Wyck Expressway,T4,Vacationer,False,False,,0,1388.0
14896,8/1/25,732.23,Van Wyck Expressway,T1,Short-Term,False,False,,0,84.0
14897,8/1/25,732.58,Van Wyck Expressway,T5,Short-Term,False,False,,0,73.0
14898,8/1/25,732.69,Van Wyck Expressway,T1,Short-Term,False,False,,0,57.0
14899,8/1/25,732.73,Van Wyck Expressway,T1,Business,False,False,,0,214.0
14900,8/1/25,732.74,Van Wyck Expressway,T8,Short-Term,False,False,,0,89.0
14901,8/1/25,732.83,Van Wyck Expressway,T8,Business,False,False,,0,141.0
14902,8/1/25,732.84,Van Wyck Expressway,T1,Staff,False,False,,0,480.0
14903,8/1/25,732.85,Van Wyck Expressway,T5,Vacationer,False,False,,0,501.0
14904,8/1/25,733.0,Van Wyck Expressway,T1,Business,False,False,,0,289.0
14905,8/1/25,733.0,Van Wyck Expressway,T5,Short-Term,False,False,,0,102.0
14906,8/1/25,733.16,Van Wyck Expressway,T1,Business,False,False,,0,378.0
14907,8/1/25,733.29,Van Wyck Expressway,T8,Short-Term,False,False,,0,69.0
14908,8/1/25,733.31,Van Wyck Expressway,T4,Short-Term,False,False,,0,91.0
14909,8/1/25,733.41,Van Wyck Expressway,T1,Staff,False,False,,0,480.0
14910,8/1/25,733.6,Van Wyck Expressway,T8,Vacationer,False,False,,0,3019.0
14911,8/1/25,734.36,Van Wyck Expressway,T8,Vacationer,False,False,,0,1868.0
14912,8/1/25,735.01,Van Wyck Expressway,T8,Short-Term,False,False,,0,100.0
14913,8/1/25,735.52,Van Wyck Expressway,T8,Business,False,False,,0,230.0
14914,8/1/25,735.65,Van Wyck Expressway,T4,Business,False,False,,0,275.0
14915,8/1/25,736.1,Van Wyck Expressway,T1,Short-Term,False,False,,0,65.0
14916,8/1/25,736.17,Van Wyck Expressway,T4,Business,False,False,,0,255.0
14917,8/1/25,736.23,Van Wyck Expressway,T1,Business,False,False,,0,243.0
14918,8/1/25,736.59,Van Wyck Expressway,T5,Short-Term,True,False,,0,72.0
14919,8/1/25,737.03,Van Wyck Expressway,T1,Business,False,False,,0,297.0
14920,8/1/25,737.52,Van Wyck Expressway,T1,Vacationer,False,False,,0,3232.0
14921,8/1/25,737.79,Van Wyck Expressway,T1,Vacationer,False,False,,0,1412.0
14922,8/1/25,738.23,Van Wyck Expressway,T1,Business,False,False,,0,318.0
14923,8/1/25,738.29,Van Wyck Expressway,T5,Business,False,False,,0,267.0
14924,8/1/25,738.31,Van Wyck Expressway,T8,Business,False,False,,0,470.0
14925,8/1/25,738.35,Van Wyck Expressway,T1,Business,True,False,,0,152.0
14926,8/1/25,738.45,Van Wyck Expressway,T8,Vacationer,False,False,,0,602.0
14927,8/1/25,739.06,Van Wyck Expressway,T1,Business,False,False,,0,226.0
14928,8/1/25,739.39,Van Wyck Expressway,T8,Staff,False,False,,0,480.0
14929,8/1/25,739.44,Van Wyck Expressway,T1,Short-Term,False,False,,0,59.0
14930,8/1/25,739.45,Van Wyck Expressway,T5,Vacationer,False,False,,0,2335.0
14931,8/1/25,739.84,Van Wyck Expressway,T1,Business,False,False,,0,206.0
14932,8/1/25,740.19,Van Wyck Expressway,T5,Short-Term,False,False,,0,33.0
14933,8/1/25,740.58,Van Wyck Expressway,T8,Vacationer,False,False,,0,3744.0
14934,8/1/25,740.58,Van Wyck Expressway,T1,Vacationer,False,False,,0,2039.0
14935,8/1/25,741.19,Van Wyck Expressway,T1,Short-Term,False,False,,0,93.0
14936,8/1/25,741.25,Van Wyck Expressway,T4,Staff,False,False,,0,480.0
14937,8/1/25,741.29,Van Wyck Expressway,T8,Vacationer,False,False,,0,3744.0
14938,8/1/25,741.29,Van Wyck Expressway,T1,Short-Term,False,False,,0,89.0
14939,8/1/25,741.52,Van Wyck Expressway,T5,Business,False,False,,0,275.0
14940,8/1/25,741.66,Van Wyck Expressway,T8,Vacationer,False,False,,0,1594.0
14941,8/1/25,741.76,Van Wyck Expressway,T5,Business,False,False,,0,449.0
14942,8/1/25,741.83,Van Wyck Expressway,T4,Short-Term,False,False,,0,55.0
14943,8/1/25,741.86,Van Wyck Expressway,T4,Short-Term,False,False,,0,36.0
14944,8/1/25,742.0,Van Wyck Expressway,T8,Staff,False,False,,0,480.0
14945,8/1/25,742.06,Van Wyck Expressway,T8,Short-Term,False,False,,0,84.0
14946,8/1/25,742.07,Van Wyck Expressway,T8,Business,True,False,,0,183.0
14947,8/1/25,742.18,Van Wyck Expressway,T1,Business,False,False,,0,248.0
14948,8/1/25,742.21,Van Wyck Expressway,T8,Short-Term,False,False,,0,81.0
14949,8/1/25,742.26,Van Wyck Expressway,T4,Short-Term,True,False,,0,51.0
14950,8/1/25,742.28,Van Wyck Expressway,T4,Short-Term,False,False,,0,53.0
14951,8/1/25,742.36,Van Wyck Expressway,T8,Staff,False,False,,0,480.0
14952,8/1/25,742.48,Van Wyck Expressway,T4,Staff,False,False,,0,480.0
14953,8/1/25,742.6,Van Wyck Expressway,T1,Vacationer,False,False,,0,2687.0
14954,8/1/25,742.64,Van Wyck Expressway,T4,Vacationer,False,False,,0,3781.0
14955,8/1/25,742.83,Van Wyck Expressway,T5,Business,False,False,,0,220.0
14956,8/1/25,742.83,Van Wyck Expressway,T5,Staff,False,False,,0,480.0
14957,8/1/25,742.92,Van Wyck Expressway,T4,Short-Term,False,False,,0,84.0
14958,8/1/25,743.64,Van Wyck Expressway,T1,Short-Term,False,False,,0,67.0
14959,8/1/25,743.67,Van Wyck Expressway,T5,Vacationer,False,False,,0,2303.0
14960,8/1/25,743.83,Van Wyck Expressway,T1,Short-Term,False,False,,0,55.0
14961,8/1/25,744.29,Van Wyck Expressway,T4,Vacationer,False,False,,0,1110.0
14962,8/1/25,744.52,Van Wyck Expressway,T1,Short-Term,True,False,,0,71.0
14963,8/1/25,744.77,Van Wyck Expressway,T5,Short-Term,True,False,,0,69.0
14964,8/1/25,744.9,Van Wyck Expressway,T1,Staff,False,False,,0,480.0
14965,8/1/25,745.05,Van Wyck Expressway,T4,Vacationer,False,False,,0,2915.0
14966,8/1/25,745.08,Van Wyck Expressway,T8,Staff,False,False,,0,480.0
14967,8/1/25,745.27,Van Wyck Expressway,T1,Short-Term,False,False,,0,39.0
14968,8/1/25,745.37,Van Wyck Expressway,T8,Short-Term,True,False,,0,94.0
14969,8/1/25,745.6,Van Wyck Expressway,T4,Short-Term,True,False,,0,76.0
14970,8/1/25,745.88,Van Wyck Expressway,T8,Staff,False,False,,0,480.0
14971,8/1/25,746.0,Van Wyck Expressway,T4,Short-Term,False,False,,0,100.0
14972,8/1/25,746.29,Van Wyck Expressway,T8,Business,False,False,,0,322.0
14973,8/1/25,746.59,Van Wyck Expressway,T5,Vacationer,False,False,,0,698.0
14974,8/1/25,746.77,Van Wyck Expressway,T5,Vacationer,False,False,,0,3587.0
14975,8/1/25,747.32,Van Wyck Expressway,T4,Business,False,False,,0,219.0
14976,8/1/25,747.34,Van Wyck Expressway,T5,Staff,False,False,,0,480.0
14977,8/1/25,747.83,Van Wyck Expressway,T5,Vacationer,False,False,,0,2437.0
14978,8/1/25,747.88,Van Wyck Expressway,T5,Business,False,False,,0,239.0
14979,8/1/25,747.92,Van Wyck Expressway,T4,Business,False,False,,0,340.0
14980,8/1/25,747.97,Van Wyck Expressway,T8,Staff,False,False,,0,480.0
14981,8/1/25,748.16,Van Wyck Expressway,T5,Short-Term,False,False,,0,86.0
14982,8/1/25,748.18,Van Wyck Expressway,T4,Short-Term,False,False,,0,82.0
14983,8/1/25,748.32,Van Wyck Expressway,T8,Staff,False,False,,0,480.0
14984,8/1/25,748.4,Van Wyck Expressway,T1,Vacationer,False,False,,0,919.0
14985,8/1/25,748.54,Van Wyck Expressway,T5,Vacationer,False,False,,0,1852.0
14986,8/1/25,748.72,Van Wyck Expressway,T5,Vacationer,False,False,,0,3084.0
14987,8/1/25,748.79,Van Wyck Expressway,T1,Short-Term,False,False,,0,88.0
14988,8/1/25,748.95,Van Wyck Expressway,T5,Business,False,False,,0,346.0
14989,8/1/25,748.96,Van Wyck Expressway,T5,Short-Term,False,False,,0,50.0
14990,8/1/25,749.06,Van Wyck Expressway,T8,Short-Term,False,False,,0,84.0
14991,8/1/25,749.3,Van Wyck Expressway,T4,Short-Term,False,False,,0,31.0
14992,8/1/25,749.72,Van Wyck Expressway,T1,Staff,False,False,,0,480.0
14993,8/1/25,750.0,Van Wyck Expressway,T8,Short-Term,False,False,,0,97.0
14994,8/1/25,750.13,Van Wyck Expressway,T5,Staff,False,False,,0,480.0
14995,8/1/25,750.32,Van Wyck Expressway,T8,Short-Term,False,False,,0,101.0
14996,8/1/25,750.33,Van Wyck Expressway,T5,Business,False,False,,0,388.0
14997,8/1/25,750.63,Van Wyck Expressway,T4,Staff,False,False,,0,480.0
14998,8/1/25,750.92,Van Wyck Expressway,T1,Short-Term,False,False,,0,81.0
14999,8/1/25,751.06,Van Wyck Expressway,T8,Business,False,False,,0,365.0
15000,8/1/25,751.93,Van Wyck Expressway,T5,Business,False,False,,0,332.0
15001,8/1/25,752.08,Van Wyck Expressway,T1,Staff,False,False,,0,480.0
15002,8/1/25,752.19,Van Wyck Expressway,T8,Vacationer,False,False,,0,4032.0
15003,8/1/25,752.41,Van Wyck Expressway,T1,Short-Term,False,False,,0,57.0
15004,8/1/25,752.48,Van Wyck Expressway,T4,Business,False,False,,0,191.0
15005,8/1/25,752.61,Van Wyck Expressway,T1,Business,False,False,,0,291.0
15006,8/1/25,752.73,Van Wyck Expressway,T8,Business,False,False,,0,401.0
15007,8/1/25,752.87,Van Wyck Expressway,T1,Short-Term,False,False,,0,40.0
15008,8/1/25,753.03,Van Wyck Expressway,T8,Business,False,False,,0,412.0
15009,8/1/25,753.33,Van Wyck Expressway,T5,Business,False,False,,0,432.0
15010,8/1/25,753.82,Van Wyck Expressway,T8,Staff,False,False,,0,480.0
15011,8/1/25,753.88,Van Wyck Expressway,T4,Short-Term,True,False,,0,61.0
15012,8/1/25,753.9,Van Wyck Expressway,T8,Business,False,False,,0,329.0
15013,8/1/25,753.94,Van Wyck Expressway,T8,Vacationer,False,False,,0,4197.0
15014,8/1/25,754.01,Van Wyck Expressway,T8,Vacationer,False,False,,0,922.0
15015,8/1/25,754.11,Van Wyck Expressway,T8,Business,False,False,,0,300.0
15016,8/1/25,754.2,Van Wyck Expressway,T8,Short-Term,False,False,,0,66.0
15017,8/1/25,754.41,Van Wyck Expressway,T8,Short-Term,False,False,,0,44.0
15018,8/1/25,754.45,Van Wyck Expressway,T4,Vacationer,False,False,,0,3170.0
15019,8/1/25,754.55,Van Wyck Expressway,T1,Vacationer,False,False,,0,4294.0
15020,8/1/25,754.81,Van Wyck Expressway,T8,Vacationer,False,False,,0,1383.0
15021,8/1/25,754.93,Van Wyck Expressway,T8,Vacationer,True,False,,0,3997.0
15022,8/1/25,755.1,Van Wyck Expressway,T1,Vacationer,False,False,,0,1467.0
15023,8/1/25,755.61,Van Wyck Expressway,T8,Business,True,False,,0,277.0
15024,8/1/25,755.97,Van Wyck Expressway,T4,Short-Term,False,False,,0,37.0
15025,8/1/25,756.26,Van Wyck Expressway,T4,Short-Term,False,False,,0,55.0
15026,8/1/25,756.41,Van Wyck Expressway,T4,Business,True,False,,0,125.0
15027,8/1/25,756.42,Van Wyck Expressway,T1,Short-Term,True,False,,0,105.0
15028,8/1/25,756.43,Van Wyck Expressway,T1,Short-Term,False,False,,0,50.0
15029,8/1/25,756.62,Van Wyck Expressway,T8,Business,True,False,,0,368.0
15030,8/1/25,756.72,Van Wyck Expressway,T8,Business,False,False,,0,315.0
15031,8/1/25,757.16,Van Wyck Expressway,T5,Short-Term,False,False,,0,74.0
15032,8/1/25,757.5,Van Wyck Expressway,T5,Vacationer,False,False,,0,2712.0
15033,8/1/25,757.62,Van Wyck Expressway,T1,Vacationer,False,False,,0,3784.0
15034,8/1/25,757.8,Van Wyck Expressway,T1,Business,False,False,,0,246.0
15035,8/1/25,757.9,Van Wyck Expressway,T4,Vacationer,True,False,,0,2187.0
15036,8/1/25,757.92,Van Wyck Expressway,T4,Short-Term,False,False,,0,82.0
15037,8/1/25,758.3,Van Wyck Expressway,T8,Staff,False,False,,0,480.0
15038,8/1/25,759.2,Van Wyck Expressway,T5,Staff,True,False,,0,480.0
15039,8/1/25,759.33,Van Wyck Expressway,T4,Short-Term,False,False,,0,89.0
15040,8/1/25,759.38,Van Wyck Expressway,T5,Vacationer,False,False,,0,1905.0
15041,8/1/25,759.64,Van Wyck Expressway,T4,Staff,False,False,,0,480.0
15042,8/1/25,760.02,Van Wyck Expressway,T5,Business,False,False,,0,413.0
15043,8/1/25,760.69,Van Wyck Expressway,T1,Business,False,False,,0,436.0
15044,8/1/25,760.98,Van Wyck Expressway,T8,Staff,False,False,,0,480.0
15045,8/1/25,761.06,Van Wyck Expressway,T8,Staff,False,False,,0,480.0
15046,8/1/25,761.43,Van Wyck Expressway,T1,Vacationer,False,False,,0,3504.0
15047,8/1/25,761.66,Van Wyck Expressway,T1,Staff,False,False,,0,480.0
15048,8/1/25,762.09,Van Wyck Expressway,T1,Vacationer,True,False,,0,3777.0
15049,8/1/25,762.38,Van Wyck Expressway,T4,Short-Term,True,False,,0,99.0
15050,8/1/25,762.42,Van Wyck Expressway,T1,Short-Term,False,False,,0,65.0
15051,8/1/25,762.64,Van Wyck Expressway,T4,Short-Term,False,False,,0,111.0
15052,8/1/25,762.83,Van Wyck Expressway,T1,Staff,False,False,,0,480.0
15053,8/1/25,762.83,Van Wyck Expressway,T8,Staff,False,False,,0,480.0
15054,8/1/25,762.91,Van Wyck Expressway,T8,Short-Term,False,False,,0,70.0
15055,8/1/25,763.23,Van Wyck Expressway,T4,Staff,False,False,,0,480.0
15056,8/1/25,763.61,Van Wyck Expressway,T5,Vacationer,True,False,,0,2213.0
15057,8/1/25,763.71,Van Wyck Expressway,T8,Business,False,False,,0,143.0
15058,8/1/25,763.94,Van Wyck Expressway,T4,Staff,False,False,,0,480.0
15059,8/1/25,764.25,Van Wyck Expressway,T4,Short-Term,False,False,,0,97.0
15060,8/1/25,764.34,Van Wyck Expressway,T5,Vacationer,False,False,,0,1871.0
15061,8/1/25,764.74,Van Wyck Expressway,T1,Business,False,False,,0,338.0
15062,8/1/25,764.76,Van Wyck Expressway,T5,Short-Term,False,False,,0,64.0
15063,8/1/25,765.24,Van Wyck Expressway,T4,Vacationer,False,False,,0,515.0
15064,8/1/25,765.36,Van Wyck Expressway,T4,Vacationer,False,False,,0,930.0
15065,8/1/25,765.92,Van Wyck Expressway,T8,Short-Term,False,False,,0,114.0
15066,8/1/25,765.96,Van Wyck Expressway,T5,Short-Term,False,False,,0,39.0
15067,8/1/25,766.09,Van Wyck Expressway,T5,Short-Term,False,False,,0,96.0
15068,8/1/25,766.12,Van Wyck Expressway,T4,Short-Term,False,False,,0,116.0
15069,8/1/25,766.13,Van Wyck Expressway,T8,Business,False,False,,0,198.0
15070,8/1/25,766.28,Van Wyck Expressway,T1,Short-Term,False,False,,0,79.0
15071,8/1/25,766.31,Van Wyck Expressway,T4,Staff,False,False,,0,480.0
15072,8/1/25,766.37,Van Wyck Expressway,T8,Business,False,False,,0,162.0
15073,8/1/25,767.07,Van Wyck Expressway,T1,Short-Term,False,False,,0,83.0
15074,8/1/25,767.38,Van Wyck Expressway,T8,Vacationer,False,False,,0,2413.0
15075,8/1/25,767.4,Van Wyck Expressway,T8,Short-Term,False,False,,0,69.0
15076,8/1/25,767.42,Van Wyck Expressway,T8,Short-Term,False,False,,0,66.0
15077,8/1/25,767.57,Van Wyck Expressway,T4,Vacationer,False,False,,0,389.0
15078,8/1/25,768.11,Van Wyck Expressway,T5,Staff,False,False,,0,480.0
15079,8/1/25,769.19,Van Wyck Expressway,T8,Short-Term,False,False,,0,103.0
15080,8/1/25,769.2,Van Wyck Expressway,T1,Short-Term,False,False,,0,105.0
15081,8/1/25,769.34,Van Wyck Expressway,T5,Staff,False,False,,0,480.0
15082,8/1/25,769.39,Van Wyck Expressway,T5,Vacationer,True,False,,0,3648.0
15083,8/1/25,769.43,Van Wyck Expressway,T1,Short-Term,False,False,,0,38.0
15084,8/1/25,769.56,Van Wyck Expressway,T4,Short-Term,False,False,,0,118.0
15085,8/1/25,769.57,Van Wyck Expressway,T1,Short-Term,True,False,,0,98.0
15086,8/1/25,769.58,Van Wyck Expressway,T8,Business,True,False,,0,228.0
15087,8/1/25,769.81,Van Wyck Expressway,T5,Business,False,False,,0,373.0
15088,8/1/25,770.98,Van Wyck Expressway,T1,Short-Term,False,False,,0,111.0
15089,8/1/25,771.82,Van Wyck Expressway,T5,Business,False,False,,0,407.0
15090,8/1/25,771.98,Van Wyck Expressway,T4,Short-Term,False,False,,0,38.0
15091,8/1/25,772.48,Van Wyck Expressway,T1,Business,False,False,,0,152.0
15092,8/1/25,772.66,Van Wyck Expressway,T5,Short-Term,False,False,,0,52.0
15093,8/1/25,772.78,Van Wyck Expressway,T8,Vacationer,False,False,,0,3044.0
15094,8/1/25,772.94,Van Wyck Expressway,T1,Staff,False,False,,0,480.0
15095,8/1/25,772.96,Van Wyck Expressway,T8,Short-Term,False,False,,0,65.0
15096,8/1/25,773.32,Van Wyck Expressway,T8,Staff,False,False,,0,480.0
15097,8/1/25,773.44,Van Wyck Expressway,T5,Vacationer,False,False,,0,1550.0
15098,8/1/25,774.08,Van Wyck Expressway,T8,Business,True,False,,0,159.0
15099,8/1/25,774.38,Van Wyck Expressway,T8,Business,False,False,,0,201.0
15100,8/1/25,774.46,Van Wyck Expressway,T8,Short-Term,False,False,,0,91.0
15101,8/1/25,774.47,Van Wyck Expressway,T4,Business,True,False,,0,420.0
15102,8/1/25,774.48,Van Wyck Expressway,T4,Business,True,False,,0,351.0
15103,8/1/25,774.71,Van Wyck Expressway,T1,Staff,False,False,,0,480.0
15104,8/1/25,774.81,Van Wyck Expressway,T8,Business,False,False,,0,210.0
15105,8/1/25,775.06,Van Wyck Expressway,T8,Vacationer,False,False,,0,2183.0
15106,8/1/25,775.08,Van Wyck Expressway,T4,Short-Term,False,False,,0,63.0
15107,8/1/25,775.12,Van Wyck Expressway,T1,Short-Term,False,False,,0,92.0
15108,8/1/25,775.16,Van Wyck Expressway,T8,Vacationer,False,False,,0,2591.0
15109,8/1/25,775.9,Van Wyck Expressway,T4,Short-Term,False,False,,0,39.0
15110,8/1/25,776.09,Van Wyck Expressway,T1,Business,False,False,,0,432.0
15111,8/1/25,776.19,Van Wyck Expressway,T8,Business,False,False,,0,205.0
15112,8/1/25,776.37,Van Wyck Expressway,T4,Business,False,False,,0,448.0
15113,8/1/25,776.55,Van Wyck Expressway,T5,Short-Term,False,False,,0,104.0
15114,8/1/25,776.56,Van Wyck Expressway,T1,Short-Term,False,False,,0,45.0
15115,8/1/25,776.67,Van Wyck Expressway,T4,Vacationer,False,False,,0,1850.0
15116,8/1/25,776.68,Van Wyck Expressway,T5,Vacationer,False,False,,0,555.0
15117,8/1/25,777.33,Van Wyck Expressway,T1,Staff,False,False,,0,480.0
15118,8/1/25,777.85,Van Wyck Expressway,T5,Short-Term,False,False,,0,118.0
15119,8/1/25,777.86,Van Wyck Expressway,T4,Short-Term,False,False,,0,88.0
15120,8/1/25,777.97,Van Wyck Expressway,T5,Business,False,False,,0,323.0
15121,8/1/25,778.02,Van Wyck Expressway,T4,Business,True,False,,0,402.0
15122,8/1/25,778.03,Van Wyck Expressway,T4,Staff,True,False,,0,480.0
15123,8/1/25,778.24,Van Wyck Expressway,T8,Vacationer,False,False,,0,4047.0
15124,8/1/25,779.0,Van Wyck Expressway,T4,Business,False,False,,0,261.0
15125,8/1/25,779.15,Van Wyck Expressway,T4,Short-Term,False,False,,0,107.0
15126,8/1/25,779.16,Van Wyck Expressway,T1,Business,False,False,,0,477.0
15127,8/1/25,779.19,Van Wyck Expressway,T1,Business,True,False,,0,126.0
15128,8/1/25,779.2,Van Wyck Expressway,T8,Vacationer,True,False,,0,3357.0
15129,8/1/25,779.49,Van Wyck Expressway,T8,Staff,False,False,,0,480.0
15130,8/1/25,779.5,Van Wyck Expressway,T5,Staff,False,False,,0,480.0
15131,8/1/25,779.5,Van Wyck Expressway,T8,Vacationer,False,False,,0,658.0
15132,8/1/25,779.56,Van Wyck Expressway,T4,Business,False,False,,0,364.0
15133,8/1/25,779.58,Van Wyck Expressway,T4,Business,False,False,,0,191.0
15134,8/1/25,779.84,Van Wyck Expressway,T5,Vacationer,False,False,,0,3970.0
15135,8/1/25,779.92,Van Wyck Expressway,T4,Staff,False,False,,0,480.0
15136,8/1/25,779.94,Van Wyck Expressway,T4,Business,False,False,,0,219.0
15137,8/1/25,780.0,Van Wyck Expressway,T1,Business,False,False,,0,259.0
15138,8/1/25,780.14,Van Wyck Expressway,T1,Short-Term,False,False,,0,102.0
15139,8/1/25,780.53,Van Wyck Expressway,T1,Short-Term,False,False,,0,61.0
15140,8/1/25,780.56,Van Wyck Expressway,T8,Staff,False,False,,0,480.0
15141,8/1/25,780.57,Van Wyck Expressway,T5,Business,False,False,,0,422.0
15142,8/1/25,780.82,Van Wyck Expressway,T5,Short-Term,False,False,,0,97.0
15143,8/1/25,780.91,Van Wyck Expressway,T8,Short-Term,False,False,,0,64.0
15144,8/1/25,781.29,Van Wyck Expressway,T1,Business,False,False,,0,295.0
15145,8/1/25,781.33,Van Wyck Expressway,T5,Vacationer,False,False,,0,1437.0
15146,8/1/25,781.5,Van Wyck Expressway,T8,Business,False,False,,0,333.0
15147,8/1/25,781.51,Van Wyck Expressway,T8,Staff,False,False,,0,480.0
15148,8/1/25,782.58,Van Wyck Expressway,T4,Short-Term,False,False,,0,66.0
15149,8/1/25,782.58,Van Wyck Expressway,T8,Short-Term,False,False,,0,101.0
15150,8/1/25,782.62,Van Wyck Expressway,T8,Business,False,False,,0,160.0
15151,8/1/25,782.67,Van Wyck Expressway,T1,Short-Term,False,False,,0,69.0
15152,8/1/25,782.89,Van Wyck Expressway,T1,Vacationer,True,False,,0,2403.0
15153,8/1/25,783.06,Van Wyck Expressway,T8,Short-Term,False,False,,0,83.0
15154,8/1/25,783.3,Van Wyck Expressway,T1,Business,False,False,,0,292.0
15155,8/1/25,783.73,Van Wyck Expressway,T4,Business,False,False,,0,303.0
15156,8/1/25,783.77,Van Wyck Expressway,T4,Business,False,False,,0,399.0
15157,8/1/25,783.9,Van Wyck Expressway,T4,Short-Term,False,False,,0,53.0
15158,8/1/25,784.19,Van Wyck Expressway,T1,Short-Term,False,False,,0,85.0
15159,8/1/25,784.6,Van Wyck Expressway,T4,Business,True,False,,0,280.0
15160,8/1/25,784.71,Van Wyck Expressway,T5,Short-Term,False,False,,0,30.0
15161,8/1/25,784.72,Van Wyck Expressway,T1,Business,False,False,,0,434.0
15162,8/1/25,784.85,Van Wyck Expressway,T1,Business,False,False,,0,121.0
15163,8/1/25,784.91,Van Wyck Expressway,T5,Short-Term,False,False,,0,40.0
15164,8/1/25,785.46,Van Wyck Expressway,T1,Staff,False,False,,0,480.0
15165,8/1/25,785.6,Van Wyck Expressway,T5,Staff,False,False,,0,480.0
15166,8/1/25,785.78,Van Wyck Expressway,T4,Business,False,False,,0,250.0
15167,8/1/25,786.3,Van Wyck Expressway,T1,Vacationer,False,False,,0,1769.0
15168,8/1/25,786.33,Van Wyck Expressway,T8,Short-Term,False,False,,0,54.0
15169,8/1/25,787.37,Van Wyck Expressway,T4,Short-Term,False,False,,0,108.0
15170,8/1/25,787.44,Van Wyck Expressway,T5,Business,False,False,,0,369.0
15171,8/1/25,787.48,Van Wyck Expressway,T8,Short-Term,False,False,,0,110.0
15172,8/1/25,787.56,Van Wyck Expressway,T5,Vacationer,False,False,,0,4140.0
15173,8/1/25,787.58,Van Wyck Expressway,T4,Business,False,False,,0,325.0
15174,8/1/25,787.7,Van Wyck Expressway,T1,Vacationer,False,False,,0,376.0
15175,8/1/25,787.71,Van Wyck Expressway,T4,Short-Term,False,False,,0,40.0
15176,8/1/25,787.96,Van Wyck Expressway,T5,Business,False,False,,0,216.0
15177,8/1/25,788.17,Van Wyck Expressway,T8,Business,False,False,,0,141.0
15178,8/1/25,788.28,Van Wyck Expressway,T5,Short-Term,False,False,,0,50.0
15179,8/1/25,788.33,Van Wyck Expressway,T5,Business,False,False,,0,267.0
15180,8/1/25,788.37,Van Wyck Expressway,T8,Vacationer,False,False,,0,3817.0
15181,8/1/25,788.65,Van Wyck Expressway,T5,Business,False,False,,0,246.0
15182,8/1/25,788.97,Van Wyck Expressway,T5,Short-Term,False,False,,0,112.0
15183,8/1/25,789.24,Van Wyck Expressway,T4,Business,False,False,,0,340.0
15184,8/1/25,789.47,Van Wyck Expressway,T8,Short-Term,True,False,,0,84.0
15185,8/1/25,789.49,Van Wyck Expressway,T8,Short-Term,False,False,,0,54.0
15186,8/1/25,789.56,Van Wyck Expressway,T5,Short-Term,False,False,,0,96.0
15187,8/1/25,789.63,Van Wyck Expressway,T1,Business,False,False,,0,373.0
15188,8/1/25,789.65,Van Wyck Expressway,T5,Business,True,False,,0,183.0
15189,8/1/25,789.7,Van Wyck Expressway,T5,Business,False,False,,0,363.0
15190,8/1/25,789.77,Van Wyck Expressway,T4,Short-Term,False,False,,0,88.0
15191,8/1/25,789.83,Van Wyck Expressway,T4,Staff,False,False,,0,480.0
15192,8/1/25,790.17,Van Wyck Expressway,T4,Short-Term,False,False,,0,77.0
15193,8/1/25,790.25,Van Wyck Expressway,T8,Short-Term,False,False,,0,35.0
15194,8/1/25,790.34,Van Wyck Expressway,T1,Short-Term,False,False,,0,79.0
15195,8/1/25,790.41,Van Wyck Expressway,T4,Business,False,False,,0,396.0
15196,8/1/25,791.38,Van Wyck Expressway,T1,Short-Term,False,False,,0,32.0
15197,8/1/25,791.41,Van Wyck Expressway,T5,Short-Term,False,False,,0,64.0
15198,8/1/25,791.45,Van Wyck Expressway,T4,Short-Term,False,False,,0,39.0
15199,8/1/25,791.93,Van Wyck Expressway,T5,Short-Term,False,False,,0,98.0
15200,8/1/25,792.16,Van Wyck Expressway,T4,Staff,False,False,,0,480.0
15201,8/1/25,792.17,Van Wyck Expressway,T4,Business,False,False,,0,215.0
15202,8/1/25,792.92,Van Wyck Expressway,T1,Vacationer,False,False,,0,1968.0
15203,8/1/25,792.94,Van Wyck Expressway,T5,Vacationer,False,False,,0,2262.0
15204,8/1/25,793.03,Van Wyck Expressway,T5,Vacationer,False,False,,0,1881.0
15205,8/1/25,794.11,Van Wyck Expressway,T8,Short-Term,False,False,,0,86.0
15206,8/1/25,794.34,Van Wyck Expressway,T4,Short-Term,False,False,,0,84.0
15207,8/1/25,794.54,Van Wyck Expressway,T8,Vacationer,True,False,,0,4132.0
15208,8/1/25,794.6,Van Wyck Expressway,T4,Short-Term,False,False,,0,51.0
15209,8/1/25,794.88,Van Wyck Expressway,T4,Short-Term,False,False,,0,105.0
15210,8/1/25,794.99,Van Wyck Expressway,T4,Short-Term,False,False,,0,38.0
15211,8/1/25,795.17,Van Wyck Expressway,T8,Short-Term,False,False,,0,86.0
15212,8/1/25,795.18,Van Wyck Expressway,T4,Short-Term,False,False,,0,39.0
15213,8/1/25,795.22,Van Wyck Expressway,T5,Business,False,False,,0,395.0
15214,8/1/25,795.36,Van Wyck Expressway,T4,Short-Term,False,False,,0,77.0
15215,8/1/25,795.51,Van Wyck Expressway,T8,Vacationer,False,False,,0,2439.0
15216,8/1/25,795.67,Van Wyck Expressway,T8,Staff,False,False,,0,480.0
15217,8/1/25,795.83,Van Wyck Expressway,T8,Short-Term,False,False,,0,36.0
15218,8/1/25,795.9,Van Wyck Expressway,T4,Short-Term,False,False,,0,85.0
15219,8/1/25,796.24,Van Wyck Expressway,T8,Vacationer,False,False,,0,3962.0
15220,8/1/25,796.44,Van Wyck Expressway,T1,Short-Term,False,False,,0,115.0
15221,8/1/25,796.54,Van Wyck Expressway,T1,Staff,False,False,,0,480.0
15222,8/1/25,796.6,Van Wyck Expressway,T1,Vacationer,False,False,,0,1770.0
15223,8/1/25,796.87,Van Wyck Expressway,T4,Short-Term,False,False,,0,94.0
15224,8/1/25,797.15,Van Wyck Expressway,T4,Vacationer,False,False,,0,1467.0
15225,8/1/25,797.21,Van Wyck Expressway,T1,Vacationer,False,False,,0,941.0
15226,8/1/25,797.5,Van Wyck Expressway,T1,Business,True,False,,0,396.0
15227,8/1/25,797.66,Van Wyck Expressway,T1,Business,False,False,,0,238.0
15228,8/1/25,797.68,Van Wyck Expressway,T4,Business,False,False,,0,302.0
15229,8/1/25,797.91,Van Wyck Expressway,T4,Vacationer,False,False,,0,4311.0
15230,8/1/25,798.58,Van Wyck Expressway,T4,Business,False,False,,0,391.0
15231,8/1/25,798.67,Van Wyck Expressway,T4,Business,False,False,,0,371.0
15232,8/1/25,798.81,Van Wyck Expressway,T4,Business,True,False,,0,127.0
15233,8/1/25,798.88,Van Wyck Expressway,T8,Business,False,False,,0,394.0
15234,8/1/25,798.94,Van Wyck Expressway,T8,Staff,False,False,,0,480.0
15235,8/1/25,798.97,Van Wyck Expressway,T4,Short-Term,True,False,,0,103.0
15236,8/1/25,799.26,Van Wyck Expressway,T5,Staff,False,False,,0,480.0
15237,8/1/25,799.54,Van Wyck Expressway,T5,Short-Term,False,False,,0,85.0
15238,8/1/25,799.88,Van Wyck Expressway,T1,Short-Term,False,False,,0,56.0
15239,8/1/25,799.88,Van Wyck Expressway,T8,Short-Term,False,False,,0,42.0
15240,8/1/25,800.06,Van Wyck Expressway,T1,Business,False,False,,0,139.0
15241,8/1/25,800.06,Van Wyck Expressway,T5,Vacationer,False,False,,0,2718.0
15242,8/1/25,800.16,Van Wyck Expressway,T1,Vacationer,False,False,,0,1244.0
15243,8/1/25,800.21,Van Wyck Expressway,T1,Business,False,False,,0,152.0
15244,8/1/25,800.26,Van Wyck Expressway,T4,Vacationer,True,False,,0,3465.0
15245,8/1/25,800.68,Van Wyck Expressway,T8,Short-Term,False,False,,0,83.0
15246,8/1/25,801.13,Van Wyck Expressway,T1,Short-Term,False,False,,0,37.0
15247,8/1/25,801.35,Van Wyck Expressway,T4,Staff,False,False,,0,480.0
15248,8/1/25,801.47,Van Wyck Expressway,T8,Staff,False,False,,0,480.0
15249,8/1/25,801.49,Van Wyck Expressway,T1,Business,False,False,,0,276.0
15250,8/1/25,801.55,Van Wyck Expressway,T8,Staff,False,False,,0,480.0
15251,8/1/25,801.61,Van Wyck Expressway,T1,Short-Term,False,False,,0,66.0
15252,8/1/25,802.01,Van Wyck Expressway,T5,Vacationer,False,False,,0,685.0
15253,8/1/25,802.32,Van Wyck Expressway,T5,Business,False,False,,0,469.0
15254,8/1/25,802.33,Van Wyck Expressway,T8,Vacationer,False,False,,0,1684.0
15255,8/1/25,802.38,Van Wyck Expressway,T4,Short-Term,False,False,,0,119.0
15256,8/1/25,802.42,Van Wyck Expressway,T8,Short-Term,False,False,,0,86.0
15257,8/1/25,802.71,Van Wyck Expressway,T5,Short-Term,False,False,,0,78.0
15258,8/1/25,802.84,Van Wyck Expressway,T1,Short-Term,False,False,,0,104.0
15259,8/1/25,802.92,Van Wyck Expressway,T1,Business,False,False,,0,264.0
15260,8/1/25,803.03,Van Wyck Expressway,T8,Short-Term,False,False,,0,81.0
15261,8/1/25,803.13,Van Wyck Expressway,T8,Business,False,False,,0,305.0
15262,8/1/25,803.42,Van Wyck Expressway,T8,Staff,False,False,,0,480.0
15263,8/1/25,803.73,Van Wyck Expressway,T5,Short-Term,False,False,,0,44.0
15264,8/1/25,803.91,Van Wyck Expressway,T5,Short-Term,False,False,,0,45.0
15265,8/1/25,803.95,Van Wyck Expressway,T5,Business,False,False,,0,239.0
15266,8/1/25,804.2,Van Wyck Expressway,T4,Short-Term,False,False,,0,84.0
15267,8/1/25,804.8,Van Wyck Expressway,T8,Short-Term,False,False,,0,67.0
15268,8/1/25,804.82,Van Wyck Expressway,T1,Business,False,False,,0,225.0
15269,8/1/25,804.99,Van Wyck Expressway,T8,Business,False,False,,0,298.0
15270,8/1/25,805.16,Van Wyck Expressway,T4,Short-Term,False,False,,0,57.0
15271,8/1/25,805.25,Van Wyck Expressway,T5,Business,False,False,,0,200.0
15272,8/1/25,805.37,Van Wyck Expressway,T8,Business,False,False,,0,447.0
15273,8/1/25,805.39,Van Wyck Expressway,T8,Business,False,False,,0,298.0
15274,8/1/25,805.49,Van Wyck Expressway,T4,Business,False,False,,0,355.0
15275,8/1/25,806.0,Van Wyck Expressway,T5,Business,False,False,,0,313.0
15276,8/1/25,806.2,Van Wyck Expressway,T5,Business,False,False,,0,140.0
15277,8/1/25,806.21,Van Wyck Expressway,T8,Business,False,False,,0,426.0
15278,8/1/25,806.36,Van Wyck Expressway,T4,Business,False,False,,0,258.0
15279,8/1/25,806.51,Van Wyck Expressway,T4,Business,False,False,,0,250.0
15280,8/1/25,806.56,Van Wyck Expressway,T1,Short-Term,False,False,,0,70.0
15281,8/1/25,806.56,Van Wyck Expressway,T1,Vacationer,False,False,,0,3316.0
15282,8/1/25,806.58,Van Wyck Expressway,T4,Vacationer,False,False,,0,3981.0
15283,8/1/25,806.78,Van Wyck Expressway,T4,Short-Term,True,False,,0,66.0
15284,8/1/25,807.11,Van Wyck Expressway,T4,Business,False,False,,0,322.0
15285,8/1/25,807.64,Van Wyck Expressway,T1,Short-Term,False,False,,0,89.0
15286,8/1/25,807.77,Van Wyck Expressway,T1,Vacationer,False,False,,0,3428.0
15287,8/1/25,808.36,Van Wyck Expressway,T1,Short-Term,False,False,,0,116.0
15288,8/1/25,808.63,Van Wyck Expressway,T8,Business,False,False,,0,405.0
15289,8/1/25,808.9,Van Wyck Expressway,T8,Staff,False,False,,0,480.0
15290,8/1/25,809.09,Van Wyck Expressway,T8,Staff,False,False,,0,480.0
15291,8/1/25,809.17,Van Wyck Expressway,T8,Business,False,False,,0,268.0
15292,8/1/25,809.44,Van Wyck Expressway,T5,Short-Term,False,False,,0,101.0
15293,8/1/25,809.51,Van Wyck Expressway,T4,Vacationer,True,False,,0,4319.0
15294,8/1/25,809.88,Van Wyck Expressway,T8,Vacationer,False,False,,0,2826.0
15295,8/1/25,810.35,Van Wyck Expressway,T1,Business,False,False,,0,276.0
15296,8/1/25,810.44,Van Wyck Expressway,T4,Short-Term,True,False,,0,100.0
15297,8/1/25,810.45,Van Wyck Expressway,T4,Short-Term,False,False,,0,49.0
15298,8/1/25,811.06,Van Wyck Expressway,T1,Business,False,False,,0,340.0
15299,8/1/25,811.5,Van Wyck Expressway,T4,Vacationer,False,False,,0,4292.0
15300,8/1/25,811.73,Van Wyck Expressway,T5,Short-Term,False,False,,0,79.0
15301,8/1/25,811.93,Van Wyck Expressway,T5,Business,False,False,,0,233.0
15302,8/1/25,812.05,Van Wyck Expressway,T4,Short-Term,False,False,,0,42.0
15303,8/1/25,812.43,Van Wyck Expressway,T4,Short-Term,False,False,,0,102.0
15304,8/1/25,812.45,Van Wyck Expressway,T8,Short-Term,False,False,,0,43.0
15305,8/1/25,812.67,Van Wyck Expressway,T8,Business,False,False,,0,464.0
15306,8/1/25,812.68,Van Wyck Expressway,T1,Short-Term,False,False,,0,65.0
15307,8/1/25,812.76,Van Wyck Expressway,T8,Staff,False,False,,0,480.0
15308,8/1/25,812.77,Van Wyck Expressway,T1,Vacationer,True,False,,0,1564.0
15309,8/1/25,812.86,Van Wyck Expressway,T5,Short-Term,False,False,,0,91.0
15310,8/1/25,813.21,Van Wyck Expressway,T4,Short-Term,False,False,,0,56.0
15311,8/1/25,813.83,Van Wyck Expressway,T4,Staff,False,False,,0,480.0
15312,8/1/25,813.97,Van Wyck Expressway,T5,Short-Term,False,False,,0,57.0
15313,8/1/25,814.01,Van Wyck Expressway,T4,Short-Term,False,False,,0,62.0
15314,8/1/25,814.11,Van Wyck Expressway,T5,Short-Term,False,False,,0,32.0
15315,8/1/25,814.21,Van Wyck Expressway,T4,Short-Term,False,False,,0,38.0
15316,8/1/25,814.62,Van Wyck Expressway,T8,Staff,False,False,,0,480.0
15317,8/1/25,814.63,Van Wyck Expressway,T8,Business,False,False,,0,254.0
15318,8/1/25,815.21,Van Wyck Expressway,T5,Staff,False,False,,0,480.0
15319,8/1/25,815.38,Van Wyck Expressway,T1,Short-Term,False,False,,0,48.0
15320,8/1/25,815.51,Van Wyck Expressway,T8,Short-Term,True,False,,0,61.0
15321,8/1/25,815.52,Van Wyck Expressway,T1,Short-Term,False,False,,0,115.0
15322,8/1/25,815.55,Van Wyck Expressway,T1,Short-Term,False,False,,0,48.0
15323,8/1/25,815.61,Van Wyck Expressway,T4,Business,False,False,,0,385.0
15324,8/1/25,815.88,Van Wyck Expressway,T4,Short-Term,False,False,,0,59.0
15325,8/1/25,816.09,Van Wyck Expressway,T5,Staff,False,False,,0,480.0
15326,8/1/25,816.34,Van Wyck Expressway,T5,Short-Term,False,False,,0,104.0
15327,8/1/25,816.74,Van Wyck Expressway,T1,Short-Term,False,False,,0,116.0
15328,8/1/25,816.81,Van Wyck Expressway,T4,Short-Term,False,False,,0,102.0
15329,8/1/25,817.18,Van Wyck Expressway,T5,Business,False,False,,0,212.0
15330,8/1/25,817.51,Van Wyck Expressway,T1,Short-Term,False,False,,0,118.0
15331,8/1/25,817.73,Van Wyck Expressway,T4,Short-Term,False,False,,0,109.0
15332,8/1/25,818.1,Van Wyck Expressway,T5,Business,False,False,,0,203.0
15333,8/1/25,818.13,Van Wyck Expressway,T8,Business,False,False,,0,284.0
15334,8/1/25,818.37,Van Wyck Expressway,T4,Staff,False,False,,0,480.0
15335,8/1/25,818.44,Van Wyck Expressway,T5,Staff,False,False,,0,480.0
15336,8/1/25,818.64,Van Wyck Expressway,T4,Vacationer,False,False,,0,1361.0
15337,8/1/25,818.7,Van Wyck Expressway,T8,Staff,False,False,,0,480.0
15338,8/1/25,818.72,Van Wyck Expressway,T1,Staff,True,False,,0,480.0
15339,8/1/25,819.05,Van Wyck Expressway,T5,Vacationer,False,False,,0,3363.0
15340,8/1/25,819.43,Van Wyck Expressway,T5,Short-Term,False,False,,0,112.0
15341,8/1/25,819.46,Van Wyck Expressway,T4,Short-Term,False,False,,0,46.0
15342,8/1/25,819.73,Van Wyck Expressway,T1,Business,True,False,,0,255.0
15343,8/1/25,820.26,Van Wyck Expressway,T8,Vacationer,False,False,,0,3140.0
15344,8/1/25,820.28,Van Wyck Expressway,T1,Vacationer,False,False,,0,1255.0
15345,8/1/25,820.31,Van Wyck Expressway,T8,Short-Term,False,False,,0,70.0
15346,8/1/25,820.37,Van Wyck Expressway,T1,Business,False,False,,0,323.0
15347,8/1/25,820.64,Van Wyck Expressway,T8,Vacationer,False,False,,0,1419.0
15348,8/1/25,820.68,Van Wyck Expressway,T5,Short-Term,True,False,,0,66.0
15349,8/1/25,820.96,Van Wyck Expressway,T4,Short-Term,False,False,,0,100.0
15350,8/1/25,821.73,Van Wyck Expressway,T8,Business,False,False,,0,203.0
15351,8/1/25,822.25,Van Wyck Expressway,T4,Staff,False,False,,0,480.0
15352,8/1/25,822.3,Van Wyck Expressway,T1,Short-Term,False,False,,0,105.0
15353,8/1/25,822.33,Van Wyck Expressway,T1,Vacationer,False,False,,0,1323.0
15354,8/1/25,822.36,Van Wyck Expressway,T4,Short-Term,False,False,,0,73.0
15355,8/1/25,822.55,Van Wyck Expressway,T8,Vacationer,False,False,,0,3968.0
15356,8/1/25,822.68,Van Wyck Expressway,T1,Vacationer,False,False,,0,3982.0
15357,8/1/25,822.85,Van Wyck Expressway,T1,Business,False,False,,0,231.0
15358,8/1/25,822.88,Van Wyck Expressway,T8,Business,False,False,,0,138.0
15359,8/1/25,823.06,Van Wyck Expressway,T8,Short-Term,False,False,,0,90.0
15360,8/1/25,823.19,Van Wyck Expressway,T8,Vacationer,False,False,,0,2365.0
15361,8/1/25,823.29,Van Wyck Expressway,T8,Business,False,False,,0,434.0
15362,8/1/25,823.31,Van Wyck Expressway,T5,Vacationer,True,False,,0,1592.0
15363,8/1/25,823.34,Van Wyck Expressway,T8,Short-Term,False,False,,0,112.0
15364,8/1/25,823.61,Van Wyck Expressway,T8,Vacationer,False,False,,0,2364.0
15365,8/1/25,823.74,Van Wyck Expressway,T1,Business,False,False,,0,401.0
15366,8/1/25,823.8,Van Wyck Expressway,T5,Business,False,False,,0,196.0
15367,8/1/25,823.81,Van Wyck Expressway,T1,Short-Term,False,False,,0,58.0
15368,8/1/25,823.91,Van Wyck Expressway,T5,Vacationer,False,False,,0,1766.0
15369,8/1/25,824.74,Van Wyck Expressway,T8,Vacationer,False,False,,0,3596.0
15370,8/1/25,824.81,Van Wyck Expressway,T1,Vacationer,False,False,,0,4196.0
15371,8/1/25,824.95,Van Wyck Expressway,T4,Vacationer,False,False,,0,1290.0
15372,8/1/25,825.0,Van Wyck Expressway,T4,Short-Term,False,False,,0,70.0
15373,8/1/25,825.29,Van Wyck Expressway,T1,Business,False,False,,0,330.0
15374,8/1/25,825.8,Van Wyck Expressway,T5,Short-Term,False,False,,0,109.0
15375,8/1/25,825.86,Van Wyck Expressway,T1,Short-Term,False,False,,0,107.0
15376,8/1/25,825.93,Van Wyck Expressway,T4,Business,True,False,,0,260.0
15377,8/1/25,826.08,Van Wyck Expressway,T8,Short-Term,False,False,,0,58.0
15378,8/1/25,826.4,Van Wyck Expressway,T1,Short-Term,False,False,,0,36.0
15379,8/1/25,826.71,Van Wyck Expressway,T1,Business,False,False,,0,211.0
15380,8/1/25,826.88,Van Wyck Expressway,T1,Vacationer,False,False,,0,3235.0
15381,8/1/25,827.03,Van Wyck Expressway,T1,Short-Term,False,False,,0,117.0
15382,8/1/25,827.19,Van Wyck Expressway,T4,Short-Term,False,False,,0,61.0
15383,8/1/25,827.2,Van Wyck Expressway,T8,Vacationer,False,False,,0,2482.0
15384,8/1/25,827.37,Van Wyck Expressway,T4,Business,True,False,,0,139.0
15385,8/1/25,827.45,Van Wyck Expressway,T8,Business,False,False,,0,165.0
15386,8/1/25,827.56,Van Wyck Expressway,T8,Vacationer,False,False,,0,4132.0
15387,8/1/25,828.02,Van Wyck Expressway,T5,Short-Term,True,False,,0,74.0
15388,8/1/25,828.13,Van Wyck Expressway,T5,Short-Term,False,False,,0,61.0
15389,8/1/25,828.23,Van Wyck Expressway,T1,Business,True,False,,0,227.0
15390,8/1/25,828.47,Van Wyck Expressway,T4,Staff,False,False,,0,480.0
15391,8/1/25,828.71,Van Wyck Expressway,T5,Business,False,False,,0,431.0
15392,8/1/25,828.95,Van Wyck Expressway,T4,Vacationer,False,False,,0,1509.0
15393,8/1/25,829.11,Van Wyck Expressway,T5,Business,False,False,,0,441.0
15394,8/1/25,829.22,Van Wyck Expressway,T5,Business,False,False,,0,261.0
15395,8/1/25,829.26,Van Wyck Expressway,T5,Vacationer,False,False,,0,4103.0
15396,8/1/25,829.31,Van Wyck Expressway,T8,Business,False,False,,0,326.0
15397,8/1/25,829.71,Van Wyck Expressway,T8,Short-Term,False,False,,0,110.0
15398,8/1/25,829.82,Van Wyck Expressway,T5,Short-Term,False,False,,0,38.0
15399,8/1/25,829.87,Van Wyck Expressway,T5,Staff,False,False,,0,480.0
15400,8/1/25,829.96,Van Wyck Expressway,T1,Vacationer,False,False,,0,2172.0
15401,8/1/25,830.13,Van Wyck Expressway,T5,Business,False,False,,0,168.0
15402,8/1/25,830.16,Van Wyck Expressway,T8,Vacationer,False,False,,0,781.0
15403,8/1/25,830.2,Van Wyck Expressway,T1,Business,True,False,,0,307.0
15404,8/1/25,830.34,Van Wyck Expressway,T5,Business,False,False,,0,220.0
15405,8/1/25,830.92,Van Wyck Expressway,T4,Vacationer,False,False,,0,848.0
15406,8/1/25,831.02,Van Wyck Expressway,T1,Vacationer,False,False,,0,973.0
15407,8/1/25,831.32,Van Wyck Expressway,T8,Short-Term,True,False,,0,94.0
15408,8/1/25,832.25,Van Wyck Expressway,T5,Business,False,False,,0,309.0
15409,8/1/25,832.52,Van Wyck Expressway,T4,Vacationer,False,False,,0,3621.0
15410,8/1/25,833.0,Van Wyck Expressway,T1,Short-Term,False,False,,0,114.0
15411,8/1/25,833.6,Van Wyck Expressway,T5,Short-Term,False,False,,0,81.0
15412,8/1/25,833.61,Van Wyck Expressway,T1,Business,False,False,,0,382.0
15413,8/1/25,833.95,Van Wyck Expressway,T8,Short-Term,False,False,,0,107.0
15414,8/1/25,834.0,Van Wyck Expressway,T4,Short-Term,False,False,,0,103.0
15415,8/1/25,834.05,Van Wyck Expressway,T8,Short-Term,False,False,,0,51.0
15416,8/1/25,834.16,Van Wyck Expressway,T1,Vacationer,False,False,,0,655.0
15417,8/1/25,834.4,Van Wyck Expressway,T4,Short-Term,False,False,,0,49.0
15418,8/1/25,834.62,Van Wyck Expressway,T5,Short-Term,False,False,,0,38.0
15419,8/1/25,834.76,Van Wyck Expressway,T5,Business,False,False,,0,411.0
15420,8/1/25,834.87,Van Wyck Expressway,T5,Short-Term,False,False,,0,74.0
15421,8/1/25,834.94,Van Wyck Expressway,T1,Short-Term,True,False,,0,66.0
15422,8/1/25,835.11,Van Wyck Expressway,T4,Business,False,False,,0,417.0
15423,8/1/25,835.21,Van Wyck Expressway,T8,Business,False,False,,0,133.0
15424,8/1/25,835.48,Van Wyck Expressway,T4,Short-Term,False,False,,0,102.0
15425,8/1/25,835.67,Van Wyck Expressway,T1,Vacationer,False,False,,0,3683.0
15426,8/1/25,835.68,Van Wyck Expressway,T1,Vacationer,False,False,,0,4286.0
15427,8/1/25,835.97,Van Wyck Expressway,T5,Short-Term,False,False,,0,107.0
15428,8/1/25,836.0,Van Wyck Expressway,T8,Vacationer,False,False,,0,2327.0
15429,8/1/25,836.17,Van Wyck Expressway,T8,Vacationer,False,False,,0,2838.0
15430,8/1/25,836.53,Van Wyck Expressway,T5,Short-Term,False,False,,0,37.0
15431,8/1/25,836.61,Van Wyck Expressway,T1,Business,False,False,,0,311.0
15432,8/1/25,836.81,Van Wyck Expressway,T8,Vacationer,False,False,,0,4219.0
15433,8/1/25,837.05,Van Wyck Expressway,T4,Business,False,False,,0,154.0
15434,8/1/25,837.42,Van Wyck Expressway,T4,Business,False,False,,0,331.0
15435,8/1/25,837.45,Van Wyck Expressway,T1,Short-Term,False,False,,0,76.0
15436,8/1/25,837.49,Van Wyck Expressway,T4,Business,False,False,,0,177.0
15437,8/1/25,837.5,Van Wyck Expressway,T4,Vacationer,False,False,,0,467.0
15438,8/1/25,837.54,Van Wyck Expressway,T5,Business,False,False,,0,261.0
15439,8/1/25,838.05,Van Wyck Expressway,T1,Staff,False,False,,0,480.0
15440,8/1/25,838.06,Van Wyck Expressway,T8,Vacationer,False,False,,0,2851.0
15441,8/1/25,838.21,Van Wyck Expressway,T1,Short-Term,True,False,,0,99.0
15442,8/1/25,838.41,Van Wyck Expressway,T8,Business,False,False,,0,154.0
15443,8/1/25,838.42,Van Wyck Expressway,T1,Short-Term,False,False,,0,84.0
15444,8/1/25,838.66,Van Wyck Expressway,T1,Business,False,False,,0,229.0
15445,8/1/25,839.24,Van Wyck Expressway,T8,Vacationer,True,False,,0,2582.0
15446,8/1/25,839.48,Van Wyck Expressway,T8,Business,False,False,,0,276.0
15447,8/1/25,839.62,Van Wyck Expressway,T4,Business,False,False,,0,202.0
15448,8/1/25,839.63,Van Wyck Expressway,T1,Vacationer,False,False,,0,2770.0
15449,8/1/25,839.74,Van Wyck Expressway,T8,Business,False,False,,0,158.0
15450,8/1/25,840.54,Van Wyck Expressway,T5,Short-Term,False,False,,0,74.0
15451,8/1/25,840.56,Van Wyck Expressway,T4,Business,False,False,,0,190.0
15452,8/1/25,840.94,Van Wyck Expressway,T4,Vacationer,False,False,,0,1124.0
15453,8/1/25,841.23,Van Wyck Expressway,T5,Vacationer,True,False,,0,945.0
15454,8/1/25,841.32,Van Wyck Expressway,T1,Staff,False,False,,0,480.0
15455,8/1/25,841.58,Van Wyck Expressway,T1,Business,False,False,,0,288.0
15456,8/1/25,841.68,Van Wyck Expressway,T5,Short-Term,False,False,,0,76.0
15457,8/1/25,841.82,Van Wyck Expressway,T5,Vacationer,False,False,,0,1030.0
15458,8/1/25,842.16,Van Wyck Expressway,T4,Short-Term,True,False,,0,51.0
15459,8/1/25,842.16,Van Wyck Expressway,T5,Vacationer,False,False,,0,4059.0
15460,8/1/25,842.38,Van Wyck Expressway,T8,Short-Term,False,False,,0,115.0
15461,8/1/25,842.4,Van Wyck Expressway,T8,Short-Term,False,False,,0,43.0
15462,8/1/25,842.46,Van Wyck Expressway,T8,Staff,False,False,,0,480.0
15463,8/1/25,842.83,Van Wyck Expressway,T1,Vacationer,False,False,,0,767.0
15464,8/1/25,842.88,Van Wyck Expressway,T5,Business,False,False,,0,354.0
15465,8/1/25,842.96,Van Wyck Expressway,T8,Short-Term,False,False,,0,31.0
15466,8/1/25,843.82,Van Wyck Expressway,T4,Short-Term,False,False,,0,90.0
15467,8/1/25,843.87,Van Wyck Expressway,T8,Short-Term,False,False,,0,113.0
15468,8/1/25,843.88,Van Wyck Expressway,T5,Short-Term,False,False,,0,72.0
15469,8/1/25,844.28,Van Wyck Expressway,T4,Short-Term,False,False,,0,75.0
15470,8/1/25,844.39,Van Wyck Expressway,T5,Business,False,False,,0,153.0
15471,8/1/25,844.74,Van Wyck Expressway,T8,Short-Term,False,False,,0,114.0
15472,8/1/25,844.84,Van Wyck Expressway,T8,Staff,False,False,,0,480.0
15473,8/1/25,845.25,Van Wyck Expressway,T8,Business,False,False,,0,388.0
15474,8/1/25,845.42,Van Wyck Expressway,T4,Vacationer,True,False,,0,2837.0
15475,8/1/25,845.59,Van Wyck Expressway,T4,Short-Term,False,False,,0,42.0
15476,8/1/25,845.63,Van Wyck Expressway,T8,Business,False,False,,0,227.0
15477,8/1/25,845.73,Van Wyck Expressway,T1,Vacationer,True,False,,0,1300.0
15478,8/1/25,845.76,Van Wyck Expressway,T8,Vacationer,False,False,,0,2451.0
15479,8/1/25,845.81,Van Wyck Expressway,T8,Staff,True,False,,0,480.0
15480,8/1/25,845.82,Van Wyck Expressway,T5,Vacationer,False,False,,0,4078.0
15481,8/1/25,845.87,Van Wyck Expressway,T8,Short-Term,False,False,,0,42.0
15482,8/1/25,845.99,Van Wyck Expressway,T8,Business,False,False,,0,434.0
15483,8/1/25,846.29,Van Wyck Expressway,T5,Short-Term,False,False,,0,77.0
15484,8/1/25,846.4,Van Wyck Expressway,T8,Business,True,False,,0,225.0
15485,8/1/25,846.43,Van Wyck Expressway,T1,Staff,False,False,,0,480.0
15486,8/1/25,846.85,Van Wyck Expressway,T8,Vacationer,False,False,,0,607.0
15487,8/1/25,847.59,Van Wyck Expressway,T1,Short-Term,False,False,,0,59.0
15488,8/1/25,848.29,Van Wyck Expressway,T8,Vacationer,False,False,,0,4160.0
15489,8/1/25,848.4,Van Wyck Expressway,T1,Business,False,False,,0,384.0
15490,8/1/25,848.43,Van Wyck Expressway,T8,Vacationer,False,False,,0,3456.0
15491,8/1/25,848.49,Van Wyck Expressway,T4,Vacationer,False,False,,0,2470.0
15492,8/1/25,848.53,Van Wyck Expressway,T4,Short-Term,False,False,,0,111.0
15493,8/1/25,848.95,Van Wyck Expressway,T4,Short-Term,False,False,,0,100.0
15494,8/1/25,848.97,Van Wyck Expressway,T5,Business,False,False,,0,261.0
15495,8/1/25,849.1,Van Wyck Expressway,T5,Business,False,False,,0,127.0
15496,8/1/25,849.16,Van Wyck Expressway,T4,Short-Term,False,False,,0,51.0
15497,8/1/25,849.4,Van Wyck Expressway,T4,Staff,False,False,,0,480.0
15498,8/1/25,849.77,Van Wyck Expressway,T1,Staff,False,False,,0,480.0
15499,8/1/25,850.17,Van Wyck Expressway,T1,Vacationer,False,False,,0,831.0
15500,8/1/25,850.33,Van Wyck Expressway,T4,Vacationer,True,False,,0,1733.0
15501,8/1/25,850.34,Van Wyck Expressway,T4,Business,False,False,,0,145.0
15502,8/1/25,850.43,Van Wyck Expressway,T5,Business,True,False,,0,211.0
15503,8/1/25,850.56,Van Wyck Expressway,T5,Business,False,False,,0,432.0
15504,8/1/25,850.64,Van Wyck Expressway,T8,Vacationer,False,False,,0,1224.0
15505,8/1/25,850.93,Van Wyck Expressway,T1,Business,False,False,,0,342.0
15506,8/1/25,851.54,Van Wyck Expressway,T1,Business,True,False,,0,407.0
15507,8/1/25,851.79,Van Wyck Expressway,T1,Business,False,False,,0,147.0
15508,8/1/25,851.86,Van Wyck Expressway,T1,Business,False,False,,0,430.0
15509,8/1/25,851.95,Van Wyck Expressway,T8,Vacationer,False,False,,0,1260.0
15510,8/1/25,852.38,Van Wyck Expressway,T4,Short-Term,False,False,,0,51.0
15511,8/1/25,852.49,Van Wyck Expressway,T4,Business,False,False,,0,435.0
15512,8/1/25,852.52,Van Wyck Expressway,T8,Short-Term,False,False,,0,74.0
15513,8/1/25,853.16,Van Wyck Expressway,T1,Business,True,False,,0,148.0
15514,8/1/25,853.25,Van Wyck Expressway,T4,Short-Term,False,False,,0,33.0
15515,8/1/25,853.5,Van Wyck Expressway,T4,Staff,True,False,,0,480.0
15516,8/1/25,853.81,Van Wyck Expressway,T5,Business,False,False,,0,429.0
15517,8/1/25,854.08,Van Wyck Expressway,T8,Short-Term,False,False,,0,47.0
15518,8/1/25,854.14,Van Wyck Expressway,T5,Business,False,False,,0,298.0
15519,8/1/25,854.26,Van Wyck Expressway,T5,Staff,False,False,,0,480.0
15520,8/1/25,854.49,Van Wyck Expressway,T4,Business,False,False,,0,374.0
15521,8/1/25,854.76,Van Wyck Expressway,T1,Business,False,False,,0,202.0
15522,8/1/25,855.02,Van Wyck Expressway,T4,Short-Term,False,False,,0,86.0
15523,8/1/25,855.04,Van Wyck Expressway,T1,Business,False,False,,0,334.0
15524,8/1/25,855.28,Van Wyck Expressway,T4,Business,False,False,,0,145.0
15525,8/1/25,855.63,Van Wyck Expressway,T1,Staff,False,False,,0,480.0
15526,8/1/25,855.64,Van Wyck Expressway,T8,Short-Term,False,False,,0,116.0
15527,8/1/25,855.67,Van Wyck Expressway,T1,Vacationer,False,False,,0,3498.0
15528,8/1/25,855.69,Van Wyck Expressway,T5,Short-Term,False,False,,0,118.0
15529,8/1/25,855.91,Van Wyck Expressway,T1,Vacationer,False,False,,0,2424.0
15530,8/1/25,855.93,Van Wyck Expressway,T5,Short-Term,False,False,,0,65.0
15531,8/1/25,855.97,Van Wyck Expressway,T4,Business,False,False,,0,456.0
15532,8/1/25,856.19,Van Wyck Expressway,T8,Vacationer,False,False,,0,2635.0
15533,8/1/25,856.34,Van Wyck Expressway,T8,Business,True,False,,0,297.0
15534,8/1/25,856.9,Van Wyck Expressway,T8,Business,False,False,,0,429.0
15535,8/1/25,856.91,Van Wyck Expressway,T1,Short-Term,False,False,,0,69.0
15536,8/1/25,857.33,Van Wyck Expressway,T1,Vacationer,False,False,,0,3335.0
15537,8/1/25,857.35,Van Wyck Expressway,T4,Business,False,False,,0,204.0
15538,8/1/25,857.6,Van Wyck Expressway,T8,Short-Term,False,False,,0,78.0
15539,8/1/25,857.68,Van Wyck Expressway,T8,Staff,False,False,,0,480.0
15540,8/1/25,857.79,Van Wyck Expressway,T1,Vacationer,True,False,,0,1133.0
15541,8/1/25,857.85,Van Wyck Expressway,T5,Vacationer,False,False,,0,4151.0
15542,8/1/25,858.12,Van Wyck Expressway,T5,Short-Term,False,False,,0,71.0
15543,8/1/25,858.35,Van Wyck Expressway,T8,Short-Term,True,False,,0,66.0
15544,8/1/25,859.78,Van Wyck Expressway,T5,Short-Term,False,False,,0,101.0
15545,8/1/25,860.4,Van Wyck Expressway,T8,Business,False,False,,0,325.0
15546,8/1/25,861.18,Van Wyck Expressway,T1,Staff,False,False,,0,480.0
15547,8/1/25,861.34,Van Wyck Expressway,T8,Short-Term,False,False,,0,72.0
15548,8/1/25,861.84,Van Wyck Expressway,T5,Business,False,False,,0,225.0
15549,8/1/25,861.86,Van Wyck Expressway,T1,Short-Term,False,False,,0,77.0
15550,8/1/25,862.23,Van Wyck Expressway,T1,Short-Term,False,False,,0,84.0
15551,8/1/25,862.76,Van Wyck Expressway,T5,Short-Term,False,False,,0,114.0
15552,8/1/25,862.81,Van Wyck Expressway,T8,Staff,False,False,,0,480.0
15553,8/1/25,863.02,Van Wyck Expressway,T1,Short-Term,False,False,,0,76.0
15554,8/1/25,863.25,Van Wyck Expressway,T1,Short-Term,True,False,,0,33.0
15555,8/1/25,863.51,Van Wyck Expressway,T4,Staff,False,False,,0,480.0
15556,8/1/25,863.68,Van Wyck Expressway,T4,Staff,False,False,,0,480.0
15557,8/1/25,863.91,Van Wyck Expressway,T1,Short-Term,False,False,,0,95.0
15558,8/1/25,865.0,Van Wyck Expressway,T1,Short-Term,False,False,,0,108.0
15559,8/1/25,865.09,Van Wyck Expressway,T5,Short-Term,False,False,,0,46.0
15560,8/1/25,865.28,Van Wyck Expressway,T4,Business,False,False,,0,356.0
15561,8/1/25,865.44,Van Wyck Expressway,T4,Short-Term,False,False,,0,60.0
15562,8/1/25,865.58,Van Wyck Expressway,T5,Vacationer,True,False,,0,3241.0
15563,8/1/25,865.77,Van Wyck Expressway,T8,Vacationer,False,False,,0,3566.0
15564,8/1/25,865.78,Van Wyck Expressway,T1,Business,False,False,,0,382.0
15565,8/1/25,865.92,Van Wyck Expressway,T8,Vacationer,False,False,,0,1358.0
15566,8/1/25,865.94,Van Wyck Expressway,T8,Vacationer,False,False,,0,1028.0
15567,8/1/25,866.02,Van Wyck Expressway,T4,Vacationer,False,False,,0,1339.0
15568,8/1/25,866.04,Van Wyck Expressway,T5,Short-Term,False,False,,0,56.0
15569,8/1/25,866.27,Van Wyck Expressway,T5,Vacationer,False,False,,0,1168.0
15570,8/1/25,866.47,Van Wyck Expressway,T5,Business,False,False,,0,178.0
15571,8/1/25,866.78,Van Wyck Expressway,T8,Vacationer,False,False,,0,1560.0
15572,8/1/25,867.08,Van Wyck Expressway,T4,Short-Term,False,False,,0,44.0
15573,8/1/25,867.11,Van Wyck Expressway,T5,Business,False,False,,0,174.0
15574,8/1/25,867.37,Van Wyck Expressway,T4,Business,False,False,,0,280.0
15575,8/1/25,867.42,Van Wyck Expressway,T1,Vacationer,False,False,,0,2910.0
15576,8/1/25,867.84,Van Wyck Expressway,T4,Short-Term,False,False,,0,89.0
15577,8/1/25,867.87,Van Wyck Expressway,T5,Vacationer,False,False,,0,3861.0
15578,8/1/25,868.0,Van Wyck Expressway,T8,Short-Term,False,False,,0,111.0
15579,8/1/25,868.3,Van Wyck Expressway,T5,Short-Term,False,False,,0,54.0
15580,8/1/25,868.49,Van Wyck Expressway,T8,Short-Term,False,False,,0,86.0
15581,8/1/25,868.83,Van Wyck Expressway,T4,Staff,False,False,,0,480.0
15582,8/1/25,869.16,Van Wyck Expressway,T5,Short-Term,False,False,,0,109.0
15583,8/1/25,869.39,Van Wyck Expressway,T5,Vacationer,True,False,,0,3399.0
15584,8/1/25,869.52,Van Wyck Expressway,T5,Short-Term,False,False,,0,115.0
15585,8/1/25,869.59,Van Wyck Expressway,T8,Vacationer,False,False,,0,3956.0
15586,8/1/25,869.78,Van Wyck Expressway,T4,Vacationer,False,False,,0,2004.0
15587,8/1/25,869.84,Van Wyck Expressway,T5,Short-Term,True,False,,0,42.0
15588,8/1/25,870.05,Van Wyck Expressway,T1,Short-Term,False,False,,0,104.0
15589,8/1/25,870.07,Van Wyck Expressway,T4,Business,False,False,,0,282.0
15590,8/1/25,870.16,Van Wyck Expressway,T5,Business,False,False,,0,359.0
15591,8/1/25,870.16,Van Wyck Expressway,T4,Vacationer,True,False,,0,3895.0
15592,8/1/25,870.16,Van Wyck Expressway,T4,Short-Term,False,False,,0,118.0
15593,8/1/25,870.29,Van Wyck Expressway,T8,Short-Term,True,False,,0,112.0
15594,8/1/25,870.4,Van Wyck Expressway,T4,Business,False,False,,0,340.0
15595,8/1/25,870.53,Van Wyck Expressway,T1,Staff,False,False,,0,480.0
15596,8/1/25,871.84,Van Wyck Expressway,T1,Business,False,False,,0,153.0
15597,8/1/25,872.77,Van Wyck Expressway,T1,Short-Term,False,False,,0,44.0
15598,8/1/25,872.81,Van Wyck Expressway,T5,Short-Term,False,False,,0,54.0
15599,8/1/25,873.34,Van Wyck Expressway,T1,Short-Term,True,False,,0,84.0
15600,8/1/25,873.41,Van Wyck Expressway,T5,Short-Term,False,False,,0,78.0
15601,8/1/25,874.24,Van Wyck Expressway,T5,Short-Term,False,False,,0,92.0
15602,8/1/25,874.97,Van Wyck Expressway,T4,Vacationer,False,False,,0,3807.0
15603,8/1/25,875.41,Van Wyck Expressway,T1,Staff,False,False,,0,480.0
15604,8/1/25,875.52,Van Wyck Expressway,T1,Vacationer,False,False,,0,2539.0
15605,8/1/25,875.7,Van Wyck Expressway,T5,Staff,False,False,,0,480.0
15606,8/1/25,876.93,Van Wyck Expressway,T1,Business,True,False,,0,409.0
15607,8/1/25,877.01,Van Wyck Expressway,T1,Short-Term,False,False,,0,117.0
15608,8/1/25,877.06,Van Wyck Expressway,T1,Short-Term,False,False,,0,65.0
15609,8/1/25,877.12,Van Wyck Expressway,T4,Business,False,False,,0,375.0
15610,8/1/25,877.24,Van Wyck Expressway,T1,Short-Term,False,False,,0,99.0
15611,8/1/25,877.4,Van Wyck Expressway,T8,Business,False,False,,0,246.0
15612,8/1/25,877.4,Van Wyck Expressway,T1,Business,False,False,,0,271.0
15613,8/1/25,877.44,Van Wyck Expressway,T8,Short-Term,False,False,,0,65.0
15614,8/1/25,877.5,Van Wyck Expressway,T8,Staff,False,False,,0,480.0
15615,8/1/25,877.69,Van Wyck Expressway,T8,Business,False,False,,0,359.0
15616,8/1/25,877.89,Van Wyck Expressway,T5,Short-Term,False,False,,0,56.0
15617,8/1/25,878.06,Van Wyck Expressway,T1,Short-Term,False,False,,0,35.0
15618,8/1/25,878.4,Van Wyck Expressway,T1,Short-Term,False,False,,0,59.0
15619,8/1/25,878.47,Van Wyck Expressway,T1,Short-Term,False,False,,0,65.0
15620,8/1/25,878.47,Van Wyck Expressway,T8,Short-Term,False,False,,0,46.0
15621,8/1/25,878.75,Van Wyck Expressway,T8,Short-Term,False,False,,0,84.0
15622,8/1/25,879.25,Van Wyck Expressway,T8,Business,False,False,,0,133.0
15623,8/1/25,879.31,Van Wyck Expressway,T4,Short-Term,False,False,,0,58.0
15624,8/1/25,879.38,Van Wyck Expressway,T4,Vacationer,False,False,,0,2185.0
15625,8/1/25,879.42,Van Wyck Expressway,T1,Business,False,False,,0,380.0
15626,8/1/25,879.48,Van Wyck Expressway,T1,Vacationer,True,False,,0,2903.0
15627,8/1/25,879.92,Van Wyck Expressway,T4,Business,False,False,,0,327.0
15628,8/1/25,880.03,Van Wyck Expressway,T8,Short-Term,False,False,,0,85.0
15629,8/1/25,880.09,Van Wyck Expressway,T5,Short-Term,False,False,,0,84.0
15630,8/1/25,880.42,Van Wyck Expressway,T8,Vacationer,True,False,,0,2653.0
15631,8/1/25,880.43,Van Wyck Expressway,T1,Business,False,False,,0,422.0
15632,8/1/25,881.51,Van Wyck Expressway,T8,Business,False,False,,0,466.0
15633,8/1/25,881.54,Van Wyck Expressway,T8,Staff,False,False,,0,480.0
15634,8/1/25,881.57,Van Wyck Expressway,T4,Vacationer,False,False,,0,1559.0
15635,8/1/25,881.74,Van Wyck Expressway,T4,Business,False,False,,0,147.0
15636,8/1/25,881.9,Van Wyck Expressway,T1,Vacationer,False,False,,0,3921.0
15637,8/1/25,881.96,Van Wyck Expressway,T1,Short-Term,False,False,,0,92.0
15638,8/1/25,881.96,Van Wyck Expressway,T8,Short-Term,True,False,,0,57.0
15639,8/1/25,882.13,Van Wyck Expressway,T8,Vacationer,False,False,,0,3784.0
15640,8/1/25,882.15,Van Wyck Expressway,T8,Business,False,False,,0,191.0
15641,8/1/25,882.46,Van Wyck Expressway,T1,Staff,False,False,,0,480.0
15642,8/1/25,882.55,Van Wyck Expressway,T8,Vacationer,False,False,,0,1290.0
15643,8/1/25,882.61,Van Wyck Expressway,T5,Business,False,False,,0,327.0
15644,8/1/25,883.05,Van Wyck Expressway,T5,Short-Term,False,False,,0,63.0
15645,8/1/25,883.09,Van Wyck Expressway,T1,Short-Term,False,False,,0,81.0
15646,8/1/25,883.32,Van Wyck Expressway,T1,Short-Term,False,False,,0,86.0
15647,8/1/25,883.35,Van Wyck Expressway,T5,Business,False,False,,0,467.0
15648,8/1/25,884.2,Van Wyck Expressway,T1,Business,False,False,,0,474.0
15649,8/1/25,884.24,Van Wyck Expressway,T4,Short-Term,False,False,,0,81.0
15650,8/1/25,884.68,Van Wyck Expressway,T5,Vacationer,False,False,,0,4215.0
15651,8/1/25,884.78,Van Wyck Expressway,T5,Business,False,False,,0,278.0
15652,8/1/25,884.85,Van Wyck Expressway,T5,Vacationer,False,False,,0,3211.0
15653,8/1/25,885.14,Van Wyck Expressway,T1,Short-Term,False,False,,0,115.0
15654,8/1/25,885.14,Van Wyck Expressway,T5,Short-Term,False,False,,0,35.0
15655,8/1/25,885.24,Van Wyck Expressway,T5,Short-Term,False,False,,0,108.0
15656,8/1/25,885.27,Van Wyck Expressway,T1,Short-Term,False,False,,0,104.0
15657,8/1/25,885.34,Van Wyck Expressway,T4,Short-Term,False,False,,0,91.0
15658,8/1/25,885.5,Van Wyck Expressway,T1,Vacationer,False,False,,0,2550.0
15659,8/1/25,885.58,Van Wyck Expressway,T1,Short-Term,False,False,,0,55.0
15660,8/1/25,886.29,Van Wyck Expressway,T8,Business,False,False,,0,158.0
15661,8/1/25,886.39,Van Wyck Expressway,T8,Business,False,False,,0,178.0
15662,8/1/25,886.86,Van Wyck Expressway,T8,Staff,False,False,,0,480.0
15663,8/1/25,887.0,Van Wyck Expressway,T5,Business,False,False,,0,431.0
15664,8/1/25,887.04,Van Wyck Expressway,T5,Short-Term,False,False,,0,51.0
15665,8/1/25,887.38,Van Wyck Expressway,T1,Short-Term,False,False,,0,69.0
15666,8/1/25,887.48,Van Wyck Expressway,T4,Vacationer,False,False,,0,656.0
15667,8/1/25,887.53,Van Wyck Expressway,T8,Vacationer,False,False,,0,1570.0
15668,8/1/25,887.9,Van Wyck Expressway,T4,Staff,False,False,,0,480.0
15669,8/1/25,888.16,Van Wyck Expressway,T4,Short-Term,False,False,,0,77.0
15670,8/1/25,888.17,Van Wyck Expressway,T1,Vacationer,False,False,,0,2864.0
15671,8/1/25,888.35,Van Wyck Expressway,T4,Short-Term,False,False,,0,40.0
15672,8/1/25,888.85,Van Wyck Expressway,T4,Business,False,False,,0,195.0
15673,8/1/25,889.61,Van Wyck Expressway,T1,Short-Term,False,False,,0,77.0
15674,8/1/25,889.63,Van Wyck Expressway,T8,Short-Term,False,False,,0,85.0
15675,8/1/25,889.84,Van Wyck Expressway,T5,Vacationer,False,False,,0,2744.0
15676,8/1/25,890.31,Van Wyck Expressway,T5,Business,False,False,,0,138.0
15677,8/1/25,890.37,Van Wyck Expressway,T4,Short-Term,False,False,,0,92.0
15678,8/1/25,890.45,Van Wyck Expressway,T5,Vacationer,False,False,,0,2606.0
15679,8/1/25,890.48,Van Wyck Expressway,T1,Business,False,False,,0,443.0
15680,8/1/25,890.97,Van Wyck Expressway,T5,Vacationer,False,False,,0,4278.0
15681,8/1/25,891.67,Van Wyck Expressway,T4,Short-Term,False,False,,0,37.0
15682,8/1/25,892.27,Van Wyck Expressway,T4,Business,False,False,,0,310.0
15683,8/1/25,892.51,Van Wyck Expressway,T4,Business,False,False,,0,389.0
15684,8/1/25,892.78,Van Wyck Expressway,T5,Short-Term,False,False,,0,112.0
15685,8/1/25,893.15,Van Wyck Expressway,T4,Vacationer,False,False,,0,3145.0
15686,8/1/25,893.37,Van Wyck Expressway,T4,Business,False,False,,0,429.0
15687,8/1/25,893.59,Van Wyck Expressway,T5,Vacationer,False,False,,0,547.0
15688,8/1/25,893.62,Van Wyck Expressway,T4,Business,False,False,,0,324.0
15689,8/1/25,893.95,Van Wyck Expressway,T1,Business,False,False,,0,288.0
15690,8/1/25,893.98,Van Wyck Expressway,T8,Business,False,False,,0,414.0
15691,8/1/25,894.0,Van Wyck Expressway,T1,Vacationer,False,False,,0,2880.0
15692,8/1/25,894.43,Van Wyck Expressway,T8,Vacationer,False,False,,0,1297.0
15693,8/1/25,894.45,Van Wyck Expressway,T5,Short-Term,False,False,,0,98.0
15694,8/1/25,894.53,Van Wyck Expressway,T5,Short-Term,False,False,,0,98.0
15695,8/1/25,894.63,Van Wyck Expressway,T5,Short-Term,False,False,,0,68.0
15696,8/1/25,894.71,Van Wyck Expressway,T1,Short-Term,False,False,,0,48.0
15697,8/1/25,894.81,Van Wyck Expressway,T5,Short-Term,False,False,,0,54.0
15698,8/1/25,894.87,Van Wyck Expressway,T5,Short-Term,False,False,,0,81.0
15699,8/1/25,894.91,Van Wyck Expressway,T5,Staff,False,False,,0,480.0
15700,8/1/25,895.08,Van Wyck Expressway,T8,Vacationer,False,False,,0,624.0
15701,8/1/25,895.74,Van Wyck Expressway,T4,Short-Term,False,False,,0,60.0
15702,8/1/25,896.24,Van Wyck Expressway,T5,Business,False,False,,0,385.0
15703,8/1/25,896.68,Van Wyck Expressway,T5,Short-Term,False,False,,0,72.0
15704,8/1/25,896.88,Van Wyck Expressway,T1,Short-Term,False,False,,0,48.0
15705,8/1/25,896.89,Van Wyck Expressway,T4,Business,False,False,,0,276.0
15706,8/1/25,897.16,Van Wyck Expressway,T8,Vacationer,False,False,,0,3875.0
15707,8/1/25,897.22,Van Wyck Expressway,T5,Vacationer,True,False,,0,1622.0
15708,8/1/25,897.25,Van Wyck Expressway,T5,Staff,False,False,,0,480.0
15709,8/1/25,897.53,Van Wyck Expressway,T1,Short-Term,False,False,,0,41.0
15710,8/1/25,897.78,Van Wyck Expressway,T8,Vacationer,False,False,,0,1678.0
15711,8/1/25,897.8,Van Wyck Expressway,T4,Business,False,False,,0,349.0
15712,8/1/25,897.9,Van Wyck Expressway,T5,Short-Term,False,False,,0,41.0
15713,8/1/25,898.01,Van Wyck Expressway,T4,Short-Term,False,False,,0,95.0
15714,8/1/25,898.42,Van Wyck Expressway,T1,Staff,False,False,,0,480.0
15715,8/1/25,898.47,Van Wyck Expressway,T1,Short-Term,False,False,,0,79.0
15716,8/1/25,898.49,Van Wyck Expressway,T8,Short-Term,True,False,,0,119.0
15717,8/1/25,898.78,Van Wyck Expressway,T1,Business,False,False,,0,346.0
15718,8/1/25,899.14,Van Wyck Expressway,T8,Vacationer,False,False,,0,3175.0
15719,8/1/25,899.29,Van Wyck Expressway,T5,Vacationer,False,False,,0,882.0
15720,8/1/25,900.03,Van Wyck Expressway,T8,Short-Term,False,False,,0,120.0
15721,8/1/25,900.31,Van Wyck Expressway,T4,Short-Term,False,False,,0,40.0
15722,8/1/25,900.84,Van Wyck Expressway,T1,Short-Term,False,False,,0,72.0
15723,8/1/25,901.11,Van Wyck Expressway,T4,Staff,False,False,,0,480.0
15724,8/1/25,901.39,Van Wyck Expressway,T5,Business,False,False,,0,167.0
15725,8/1/25,901.61,Van Wyck Expressway,T8,Business,False,False,,0,224.0
15726,8/1/25,901.93,Van Wyck Expressway,T1,Business,False,False,,0,224.0
15727,8/1/25,902.03,Van Wyck Expressway,T5,Business,False,False,,0,414.0
15728,8/1/25,902.09,Van Wyck Expressway,T1,Staff,False,False,,0,480.0
15729,8/1/25,902.17,Van Wyck Expressway,T8,Short-Term,False,False,,0,44.0
15730,8/1/25,902.2,Van Wyck Expressway,T4,Short-Term,True,False,,0,111.0
15731,8/1/25,902.2,Van Wyck Expressway,T1,Business,False,False,,0,370.0
15732,8/1/25,902.3,Van Wyck Expressway,T5,Vacationer,True,False,,0,3298.0
15733,8/1/25,902.34,Van Wyck Expressway,T5,Business,False,False,,0,267.0
15734,8/1/25,902.5,Van Wyck Expressway,T4,Business,False,False,,0,416.0
15735,8/1/25,902.79,Van Wyck Expressway,T5,Short-Term,True,False,,0,56.0
15736,8/1/25,903.16,Van Wyck Expressway,T4,Vacationer,False,False,,0,1949.0
15737,8/1/25,903.49,Van Wyck Expressway,T4,Business,False,False,,0,402.0
15738,8/1/25,903.55,Van Wyck Expressway,T4,Business,True,False,,0,344.0
15739,8/1/25,903.63,Van Wyck Expressway,T4,Short-Term,False,False,,0,37.0
15740,8/1/25,904.09,Van Wyck Expressway,T4,Short-Term,True,False,,0,107.0
15741,8/1/25,904.13,Van Wyck Expressway,T4,Business,False,False,,0,361.0
15742,8/1/25,904.82,Van Wyck Expressway,T1,Business,False,False,,0,143.0
15743,8/1/25,905.14,Van Wyck Expressway,T8,Business,False,False,,0,170.0
15744,8/1/25,905.45,Van Wyck Expressway,T8,Business,True,False,,0,221.0
15745,8/1/25,905.56,Van Wyck Expressway,T4,Short-Term,False,False,,0,38.0
15746,8/1/25,906.15,Van Wyck Expressway,T5,Short-Term,True,False,,0,83.0
15747,8/1/25,906.52,Van Wyck Expressway,T1,Short-Term,False,False,,0,118.0
15748,8/1/25,906.78,Van Wyck Expressway,T4,Short-Term,False,False,,0,97.0
15749,8/1/25,906.94,Van Wyck Expressway,T1,Staff,False,False,,0,480.0
15750,8/1/25,907.86,Van Wyck Expressway,T4,Vacationer,False,False,,0,609.0
15751,8/1/25,907.97,Van Wyck Expressway,T5,Vacationer,False,False,,0,4109.0
15752,8/1/25,907.99,Van Wyck Expressway,T4,Vacationer,False,False,,0,2283.0
15753,8/1/25,908.01,Van Wyck Expressway,T1,Short-Term,False,False,,0,114.0
15754,8/1/25,908.43,Van Wyck Expressway,T8,Short-Term,False,False,,0,99.0
15755,8/1/25,908.46,Van Wyck Expressway,T5,Business,False,False,,0,394.0
15756,8/1/25,908.78,Van Wyck Expressway,T5,Vacationer,True,False,,0,3769.0
15757,8/1/25,908.81,Van Wyck Expressway,T5,Vacationer,False,False,,0,3746.0
15758,8/1/25,909.15,Van Wyck Expressway,T8,Staff,False,False,,0,480.0
15759,8/1/25,909.55,Van Wyck Expressway,T5,Business,False,False,,0,330.0
15760,8/1/25,909.69,Van Wyck Expressway,T5,Vacationer,False,False,,0,2970.0
15761,8/1/25,910.25,Van Wyck Expressway,T5,Vacationer,False,False,,0,2425.0
15762,8/1/25,910.65,Van Wyck Expressway,T8,Vacationer,False,False,,0,3551.0
15763,8/1/25,910.73,Van Wyck Expressway,T1,Vacationer,False,False,,0,2823.0
15764,8/1/25,910.92,Van Wyck Expressway,T4,Short-Term,False,False,,0,60.0
15765,8/1/25,911.3,Van Wyck Expressway,T4,Vacationer,False,False,,0,2197.0
15766,8/1/25,911.47,Van Wyck Expressway,T1,Business,False,False,,0,308.0
15767,8/1/25,911.7,Van Wyck Expressway,T5,Short-Term,False,False,,0,64.0
15768,8/1/25,911.78,Van Wyck Expressway,T8,Business,False,False,,0,353.0
15769,8/1/25,911.89,Van Wyck Expressway,T5,Vacationer,False,False,,0,3014.0
15770,8/1/25,912.4,Van Wyck Expressway,T1,Business,False,False,,0,139.0
15771,8/1/25,913.08,Van Wyck Expressway,T8,Vacationer,False,False,,0,1012.0
15772,8/1/25,913.28,Van Wyck Expressway,T4,Business,False,False,,0,134.0
15773,8/1/25,913.43,Van Wyck Expressway,T1,Staff,False,False,,0,480.0
15774,8/1/25,913.49,Van Wyck Expressway,T1,Staff,False,False,,0,480.0
15775,8/1/25,913.57,Van Wyck Expressway,T5,Short-Term,False,False,,0,81.0
15776,8/1/25,913.74,Van Wyck Expressway,T8,Vacationer,False,False,,0,1152.0
15777,8/1/25,914.19,Van Wyck Expressway,T8,Short-Term,False,False,,0,91.0
15778,8/1/25,914.28,Van Wyck Expressway,T1,Business,False,False,,0,350.0
15779,8/1/25,914.28,Van Wyck Expressway,T4,Short-Term,False,False,,0,70.0
15780,8/1/25,914.53,Van Wyck Expressway,T8,Vacationer,False,False,,0,1144.0
15781,8/1/25,914.73,Van Wyck Expressway,T1,Short-Term,False,False,,0,47.0
15782,8/1/25,914.96,Van Wyck Expressway,T4,Vacationer,False,False,,0,532.0
15783,8/1/25,914.97,Van Wyck Expressway,T4,Short-Term,False,False,,0,70.0
15784,8/1/25,915.11,Van Wyck Expressway,T1,Vacationer,False,False,,0,4233.0
15785,8/1/25,915.29,Van Wyck Expressway,T1,Short-Term,False,False,,0,52.0
15786,8/1/25,915.61,Van Wyck Expressway,T5,Vacationer,False,False,,0,3850.0
15787,8/1/25,915.62,Van Wyck Expressway,T8,Short-Term,False,False,,0,34.0
15788,8/1/25,916.18,Van Wyck Expressway,T5,Vacationer,False,False,,0,3524.0
15789,8/1/25,916.47,Van Wyck Expressway,T4,Staff,False,False,,0,480.0
15790,8/1/25,916.49,Van Wyck Expressway,T8,Business,False,False,,0,411.0
15791,8/1/25,916.68,Van Wyck Expressway,T1,Business,False,False,,0,451.0
15792,8/1/25,916.92,Van Wyck Expressway,T1,Business,True,False,,0,315.0
15793,8/1/25,917.11,Van Wyck Expressway,T8,Short-Term,False,False,,0,30.0
15794,8/1/25,917.19,Van Wyck Expressway,T1,Business,False,False,,0,205.0
15795,8/1/25,917.29,Van Wyck Expressway,T1,Short-Term,False,False,,0,47.0
15796,8/1/25,918.36,Van Wyck Expressway,T5,Business,False,False,,0,250.0
15797,8/1/25,918.47,Van Wyck Expressway,T1,Staff,False,False,,0,480.0
15798,8/1/25,918.58,Van Wyck Expressway,T4,Short-Term,False,False,,0,119.0
15799,8/1/25,918.6,Van Wyck Expressway,T1,Business,False,False,,0,414.0
15800,8/1/25,918.94,Van Wyck Expressway,T1,Business,False,False,,0,311.0
15801,8/1/25,919.03,Van Wyck Expressway,T5,Business,False,False,,0,428.0
15802,8/1/25,919.13,Van Wyck Expressway,T4,Business,False,False,,0,397.0
15803,8/1/25,919.65,Van Wyck Expressway,T1,Business,True,False,,0,370.0
15804,8/1/25,919.7,Van Wyck Expressway,T1,Short-Term,False,False,,0,103.0
15805,8/1/25,920.01,Van Wyck Expressway,T8,Business,False,False,,0,388.0
15806,8/1/25,920.13,Van Wyck Expressway,T4,Business,True,False,,0,290.0
15807,8/1/25,920.42,Van Wyck Expressway,T5,Vacationer,False,False,,0,2966.0
15808,8/1/25,921.06,Van Wyck Expressway,T5,Short-Term,False,False,,0,57.0
15809,8/1/25,921.46,Van Wyck Expressway,T1,Short-Term,False,False,,0,59.0
15810,8/1/25,921.87,Van Wyck Expressway,T1,Staff,False,False,,0,480.0
15811,8/1/25,922.12,Van Wyck Expressway,T4,Business,False,False,,0,244.0
15812,8/1/25,922.24,Van Wyck Expressway,T4,Vacationer,False,False,,0,1975.0
15813,8/1/25,922.44,Van Wyck Expressway,T4,Business,False,False,,0,412.0
15814,8/1/25,922.77,Van Wyck Expressway,T4,Vacationer,False,False,,0,2207.0
15815,8/1/25,922.86,Van Wyck Expressway,T4,Short-Term,False,False,,0,67.0
15816,8/1/25,923.04,Van Wyck Expressway,T5,Vacationer,True,False,,0,2962.0
15817,8/1/25,923.36,Van Wyck Expressway,T1,Business,True,False,,0,396.0
15818,8/1/25,923.7,Van Wyck Expressway,T5,Vacationer,False,False,,0,2303.0
15819,8/1/25,923.74,Van Wyck Expressway,T1,Short-Term,False,False,,0,72.0
15820,8/1/25,924.06,Van Wyck Expressway,T4,Short-Term,False,False,,0,116.0
15821,8/1/25,924.47,Van Wyck Expressway,T4,Vacationer,False,False,,0,1332.0
15822,8/1/25,925.08,Van Wyck Expressway,T4,Vacationer,False,False,,0,3674.0
15823,8/1/25,925.09,Van Wyck Expressway,T5,Short-Term,False,False,,0,92.0
15824,8/1/25,925.53,Van Wyck Expressway,T5,Short-Term,False,False,,0,57.0
15825,8/1/25,925.75,Van Wyck Expressway,T1,Short-Term,False,False,,0,46.0
15826,8/1/25,926.03,Van Wyck Expressway,T1,Staff,False,False,,0,480.0
15827,8/1/25,926.12,Van Wyck Expressway,T8,Short-Term,True,False,,0,79.0
15828,8/1/25,926.31,Van Wyck Expressway,T5,Short-Term,False,False,,0,54.0
15829,8/1/25,926.49,Van Wyck Expressway,T8,Business,True,False,,0,286.0
15830,8/1/25,926.7,Van Wyck Expressway,T4,Short-Term,False,False,,0,65.0
15831,8/1/25,926.75,Van Wyck Expressway,T1,Short-Term,False,False,,0,61.0
15832,8/1/25,926.85,Van Wyck Expressway,T1,Short-Term,True,False,,0,111.0
15833,8/1/25,926.87,Van Wyck Expressway,T8,Short-Term,False,False,,0,96.0
15834,8/1/25,926.93,Van Wyck Expressway,T8,Short-Term,False,False,,0,43.0
15835,8/1/25,927.04,Van Wyck Expressway,T8,Business,False,False,,0,418.0
15836,8/1/25,927.05,Van Wyck Expressway,T8,Short-Term,False,False,,0,32.0
15837,8/1/25,927.19,Van Wyck Expressway,T8,Vacationer,False,False,,0,2450.0
15838,8/1/25,927.5,Van Wyck Expressway,T1,Business,False,False,,0,449.0
15839,8/1/25,927.52,Van Wyck Expressway,T8,Short-Term,False,False,,0,68.0
15840,8/1/25,927.58,Van Wyck Expressway,T8,Business,False,False,,0,319.0
15841,8/1/25,927.61,Van Wyck Expressway,T1,Vacationer,False,False,,0,3099.0
15842,8/1/25,927.64,Van Wyck Expressway,T5,Short-Term,False,False,,0,80.0
15843,8/1/25,927.69,Van Wyck Expressway,T1,Business,False,False,,0,128.0
15844,8/1/25,927.94,Van Wyck Expressway,T8,Short-Term,False,False,,0,51.0
15845,8/1/25,927.95,Van Wyck Expressway,T4,Short-Term,False,False,,0,60.0
15846,8/1/25,928.4,Van Wyck Expressway,T5,Business,False,False,,0,266.0
15847,8/1/25,928.61,Van Wyck Expressway,T1,Short-Term,False,False,,0,72.0
15848,8/1/25,928.65,Van Wyck Expressway,T8,Vacationer,True,False,,0,1688.0
15849,8/1/25,928.71,Van Wyck Expressway,T5,Vacationer,False,False,,0,458.0
15850,8/1/25,928.71,Van Wyck Expressway,T4,Short-Term,False,False,,0,53.0
15851,8/1/25,929.05,Van Wyck Expressway,T8,Business,True,False,,0,374.0
15852,8/1/25,929.37,Van Wyck Expressway,T1,Short-Term,False,False,,0,60.0
15853,8/1/25,929.63,Van Wyck Expressway,T5,Business,False,False,,0,127.0
15854,8/1/25,929.65,Van Wyck Expressway,T1,Business,False,False,,0,137.0
15855,8/1/25,929.81,Van Wyck Expressway,T1,Short-Term,False,False,,0,35.0
15856,8/1/25,929.85,Van Wyck Expressway,T1,Short-Term,False,False,,0,65.0
15857,8/1/25,929.91,Van Wyck Expressway,T4,Vacationer,False,False,,0,3543.0
15858,8/1/25,930.13,Van Wyck Expressway,T8,Business,False,False,,0,330.0
15859,8/1/25,930.23,Van Wyck Expressway,T1,Short-Term,False,False,,0,41.0
15860,8/1/25,930.32,Van Wyck Expressway,T8,Short-Term,False,False,,0,98.0
15861,8/1/25,930.44,Van Wyck Expressway,T4,Business,False,False,,0,422.0
15862,8/1/25,930.52,Van Wyck Expressway,T4,Staff,True,False,,0,480.0
15863,8/1/25,930.83,Van Wyck Expressway,T5,Vacationer,True,False,,0,4062.0
15864,8/1/25,930.93,Van Wyck Expressway,T1,Business,False,False,,0,232.0
15865,8/1/25,931.54,Van Wyck Expressway,T1,Short-Term,False,False,,0,73.0
15866,8/1/25,931.66,Van Wyck Expressway,T5,Short-Term,False,False,,0,106.0
15867,8/1/25,931.68,Van Wyck Expressway,T8,Vacationer,False,False,,0,3248.0
15868,8/1/25,932.25,Van Wyck Expressway,T5,Vacationer,False,False,,0,3130.0
15869,8/1/25,932.4,Van Wyck Expressway,T1,Business,False,False,,0,147.0
15870,8/1/25,932.67,Van Wyck Expressway,T1,Business,False,False,,0,441.0
15871,8/1/25,932.7,Van Wyck Expressway,T5,Business,False,False,,0,167.0
15872,8/1/25,932.81,Van Wyck Expressway,T1,Staff,False,False,,0,480.0
15873,8/1/25,932.83,Van Wyck Expressway,T5,Short-Term,False,False,,0,38.0
15874,8/1/25,933.36,Van Wyck Expressway,T1,Short-Term,True,False,,0,113.0
15875,8/1/25,933.54,Van Wyck Expressway,T1,Vacationer,False,False,,0,1769.0
15876,8/1/25,933.72,Van Wyck Expressway,T1,Business,False,False,,0,254.0
15877,8/1/25,934.03,Van Wyck Expressway,T1,Vacationer,False,False,,0,616.0
15878,8/1/25,934.19,Van Wyck Expressway,T8,Vacationer,True,False,,0,2684.0
15879,8/1/25,934.37,Van Wyck Expressway,T5,Short-Term,False,False,,0,47.0
15880,8/1/25,934.79,Van Wyck Expressway,T8,Vacationer,False,False,,0,1688.0
15881,8/1/25,935.39,Van Wyck Expressway,T1,Business,False,False,,0,313.0
15882,8/1/25,935.65,Van Wyck Expressway,T8,Staff,False,False,,0,480.0
15883,8/1/25,935.81,Van Wyck Expressway,T4,Staff,False,False,,0,480.0
15884,8/1/25,936.47,Van Wyck Expressway,T1,Short-Term,True,False,,0,113.0
15885,8/1/25,936.5,Van Wyck Expressway,T4,Business,True,False,,0,144.0
15886,8/1/25,936.55,Van Wyck Expressway,T4,Short-Term,False,False,,0,69.0
15887,8/1/25,936.99,Van Wyck Expressway,T1,Staff,False,False,,0,480.0
15888,8/1/25,937.06,Van Wyck Expressway,T1,Short-Term,False,False,,0,60.0
15889,8/1/25,937.17,Van Wyck Expressway,T5,Short-Term,False,False,,0,88.0
15890,8/1/25,937.45,Van Wyck Expressway,T1,Short-Term,True,False,,0,38.0
15891,8/1/25,937.6,Van Wyck Expressway,T8,Vacationer,False,False,,0,1128.0
15892,8/1/25,937.63,Van Wyck Expressway,T4,Short-Term,False,False,,0,81.0
15893,8/1/25,937.79,Van Wyck Expressway,T5,Business,False,False,,0,231.0
15894,8/1/25,937.91,Van Wyck Expressway,T1,Short-Term,False,False,,0,99.0
15895,8/1/25,938.09,Van Wyck Expressway,T5,Business,False,False,,0,316.0
15896,8/1/25,938.14,Van Wyck Expressway,T5,Vacationer,False,False,,0,2933.0
15897,8/1/25,938.44,Van Wyck Expressway,T1,Short-Term,False,False,,0,70.0
15898,8/1/25,938.78,Van Wyck Expressway,T5,Vacationer,False,False,,0,2413.0
15899,8/1/25,938.82,Van Wyck Expressway,T4,Business,False,False,,0,125.0
15900,8/1/25,938.92,Van Wyck Expressway,T5,Business,False,False,,0,305.0
15901,8/1/25,939.0,Van Wyck Expressway,T4,Staff,False,False,,0,480.0
15902,8/1/25,939.42,Van Wyck Expressway,T8,Vacationer,True,False,,0,1318.0
15903,8/1/25,939.7,Van Wyck Expressway,T1,Short-Term,False,False,,0,97.0
15904,8/1/25,939.87,Van Wyck Expressway,T4,Short-Term,False,False,,0,70.0
15905,8/1/25,940.35,Van Wyck Expressway,T4,Business,False,False,,0,378.0
15906,8/1/25,940.52,Van Wyck Expressway,T1,Vacationer,False,False,,0,3590.0
15907,8/1/25,940.53,Van Wyck Expressway,T1,Vacationer,False,False,,0,3471.0
15908,8/1/25,940.69,Van Wyck Expressway,T1,Vacationer,False,False,,0,794.0
15909,8/1/25,940.87,Van Wyck Expressway,T4,Short-Term,True,False,,0,101.0
15910,8/1/25,941.58,Van Wyck Expressway,T1,Staff,False,False,,0,480.0
15911,8/1/25,941.67,Van Wyck Expressway,T1,Staff,False,False,,0,480.0
15912,8/1/25,941.7,Van Wyck Expressway,T5,Vacationer,False,False,,0,611.0
15913,8/1/25,941.9,Van Wyck Expressway,T5,Business,False,False,,0,317.0
15914,8/1/25,942.38,Van Wyck Expressway,T4,Business,False,False,,0,286.0
15915,8/1/25,942.88,Van Wyck Expressway,T4,Vacationer,False,False,,0,2421.0
15916,8/1/25,942.98,Van Wyck Expressway,T1,Short-Term,False,False,,0,34.0
15917,8/1/25,943.04,Van Wyck Expressway,T8,Staff,False,False,,0,480.0
15918,8/1/25,943.21,Van Wyck Expressway,T5,Business,False,False,,0,159.0
15919,8/1/25,943.35,Van Wyck Expressway,T4,Short-Term,False,False,,0,105.0
15920,8/1/25,943.43,Van Wyck Expressway,T4,Vacationer,False,False,,0,1486.0
15921,8/1/25,944.06,Van Wyck Expressway,T8,Short-Term,False,False,,0,37.0
15922,8/1/25,945.23,Van Wyck Expressway,T8,Business,False,False,,0,369.0
15923,8/1/25,945.35,Van Wyck Expressway,T1,Vacationer,False,False,,0,1617.0
15924,8/1/25,945.68,Van Wyck Expressway,T4,Staff,False,False,,0,480.0
15925,8/1/25,945.73,Van Wyck Expressway,T8,Business,False,False,,0,443.0
15926,8/1/25,945.93,Van Wyck Expressway,T4,Staff,False,False,,0,480.0
15927,8/1/25,945.97,Van Wyck Expressway,T1,Short-Term,False,False,,0,43.0
15928,8/1/25,946.22,Van Wyck Expressway,T1,Short-Term,True,False,,0,92.0
15929,8/1/25,946.42,Van Wyck Expressway,T5,Short-Term,False,False,,0,95.0
15930,8/1/25,946.7,Van Wyck Expressway,T1,Staff,False,False,,0,480.0
15931,8/1/25,946.71,Van Wyck Expressway,T5,Short-Term,False,False,,0,37.0
15932,8/1/25,946.77,Van Wyck Expressway,T4,Staff,False,False,,0,480.0
15933,8/1/25,946.81,Van Wyck Expressway,T8,Short-Term,False,False,,0,92.0
15934,8/1/25,947.0,Van Wyck Expressway,T1,Business,False,False,,0,466.0
15935,8/1/25,947.77,Van Wyck Expressway,T4,Short-Term,False,False,,0,90.0
15936,8/1/25,947.79,Van Wyck Expressway,T5,Vacationer,False,False,,0,2357.0
15937,8/1/25,947.93,Van Wyck Expressway,T4,Short-Term,True,False,,0,95.0
15938,8/1/25,947.98,Van Wyck Expressway,T4,Short-Term,False,False,,0,55.0
15939,8/1/25,948.15,Van Wyck Expressway,T5,Business,True,False,,0,266.0
15940,8/1/25,948.16,Van Wyck Expressway,T5,Short-Term,False,False,,0,65.0
15941,8/1/25,948.17,Van Wyck Expressway,T8,Business,False,False,,0,419.0
15942,8/1/25,948.2,Van Wyck Expressway,T1,Staff,False,False,,0,480.0
15943,8/1/25,948.69,Van Wyck Expressway,T5,Short-Term,False,False,,0,89.0
15944,8/1/25,948.77,Van Wyck Expressway,T4,Vacationer,False,False,,0,666.0
15945,8/1/25,948.9,Van Wyck Expressway,T1,Staff,False,False,,0,480.0
15946,8/1/25,948.97,Van Wyck Expressway,T1,Short-Term,False,False,,0,114.0
15947,8/1/25,949.01,Van Wyck Expressway,T5,Vacationer,False,False,,0,3786.0
15948,8/1/25,949.12,Van Wyck Expressway,T8,Staff,False,False,,0,480.0
15949,8/1/25,949.47,Van Wyck Expressway,T8,Business,False,False,,0,394.0
15950,8/1/25,949.83,Van Wyck Expressway,T4,Vacationer,False,False,,0,1196.0
15951,8/1/25,950.2,Van Wyck Expressway,T1,Business,False,False,,0,466.0
15952,8/1/25,950.45,Van Wyck Expressway,T4,Business,False,False,,0,401.0
15953,8/1/25,950.57,Van Wyck Expressway,T4,Vacationer,False,False,,0,1168.0
15954,8/1/25,950.6,Van Wyck Expressway,T4,Short-Term,False,False,,0,106.0
15955,8/1/25,950.88,Van Wyck Expressway,T1,Business,False,False,,0,175.0
15956,8/1/25,951.68,Van Wyck Expressway,T8,Short-Term,False,False,,0,39.0
15957,8/1/25,951.71,Van Wyck Expressway,T4,Vacationer,False,False,,0,2667.0
15958,8/1/25,951.86,Van Wyck Expressway,T4,Business,True,False,,0,271.0
15959,8/1/25,951.97,Van Wyck Expressway,T5,Business,False,False,,0,235.0
15960,8/1/25,952.15,Van Wyck Expressway,T4,Vacationer,True,False,,0,2299.0
15961,8/1/25,952.4,Van Wyck Expressway,T1,Vacationer,False,False,,0,2442.0
15962,8/1/25,952.98,Van Wyck Expressway,T5,Staff,True,False,,0,480.0
15963,8/1/25,953.63,Van Wyck Expressway,T4,Short-Term,False,False,,0,100.0
15964,8/1/25,953.64,Van Wyck Expressway,T1,Short-Term,False,False,,0,91.0
15965,8/1/25,953.75,Van Wyck Expressway,T8,Short-Term,False,False,,0,113.0
15966,8/1/25,953.99,Van Wyck Expressway,T4,Business,False,False,,0,264.0
15967,8/1/25,954.11,Van Wyck Expressway,T1,Business,False,False,,0,297.0
15968,8/1/25,954.53,Van Wyck Expressway,T4,Short-Term,False,False,,0,73.0
15969,8/1/25,954.74,Van Wyck Expressway,T5,Short-Term,False,False,,0,84.0
15970,8/1/25,954.8,Van Wyck Expressway,T8,Short-Term,False,False,,0,88.0
15971,8/1/25,954.81,Van Wyck Expressway,T5,Short-Term,False,False,,0,86.0
15972,8/1/25,954.82,Van Wyck Expressway,T1,Business,False,False,,0,209.0
15973,8/1/25,955.07,Van Wyck Expressway,T4,Business,True,False,,0,408.0
15974,8/1/25,955.36,Van Wyck Expressway,T4,Short-Term,False,False,,0,82.0
15975,8/1/25,955.43,Van Wyck Expressway,T4,Staff,False,False,,0,480.0
15976,8/1/25,955.49,Van Wyck Expressway,T8,Short-Term,False,False,,0,87.0
15977,8/1/25,955.55,Van Wyck Expressway,T5,Business,False,False,,0,272.0
15978,8/1/25,955.59,Van Wyck Expressway,T8,Short-Term,False,False,,0,83.0
15979,8/1/25,955.83,Van Wyck Expressway,T8,Business,False,False,,0,374.0
15980,8/1/25,956.2,Van Wyck Expressway,T4,Business,False,False,,0,321.0
15981,8/1/25,956.42,Van Wyck Expressway,T4,Short-Term,True,False,,0,94.0
15982,8/1/25,956.62,Van Wyck Expressway,T5,Short-Term,True,False,,0,45.0
15983,8/1/25,956.65,Van Wyck Expressway,T5,Staff,False,False,,0,480.0
15984,8/1/25,956.77,Van Wyck Expressway,T4,Business,False,False,,0,312.0
15985,8/1/25,957.28,Van Wyck Expressway,T5,Short-Term,False,False,,0,32.0
15986,8/1/25,957.28,Van Wyck Expressway,T4,Short-Term,False,False,,0,60.0
15987,8/1/25,957.29,Van Wyck Expressway,T5,Business,False,False,,0,156.0
15988,8/1/25,957.5,Van Wyck Expressway,T5,Short-Term,False,False,,0,90.0
15989,8/1/25,957.57,Van Wyck Expressway,T4,Business,False,False,,0,473.0
15990,8/1/25,957.63,Van Wyck Expressway,T1,Vacationer,False,False,,0,3742.0
15991,8/1/25,957.72,Van Wyck Expressway,T5,Short-Term,False,False,,0,50.0
15992,8/1/25,957.88,Van Wyck Expressway,T5,Business,False,False,,0,172.0
15993,8/1/25,958.69,Van Wyck Expressway,T1,Short-Term,False,False,,0,119.0
15994,8/1/25,958.81,Van Wyck Expressway,T1,Vacationer,False,False,,0,684.0
15995,8/1/25,959.17,Van Wyck Expressway,T5,Business,False,False,,0,301.0
15996,8/1/25,959.17,Van Wyck Expressway,T4,Vacationer,False,False,,0,1831.0
15997,8/1/25,959.22,Van Wyck Expressway,T4,Business,False,False,,0,364.0
15998,8/1/25,959.85,Van Wyck Expressway,T5,Vacationer,False,False,,0,2834.0
15999,8/1/25,959.9,Van Wyck Expressway,T8,Short-Term,False,False,,0,49.0
16000,8/1/25,960.08,Van Wyck Expressway,T4,Vacationer,False,False,,0,1916.0
16001,8/1/25,960.09,Van Wyck Expressway,T1,Business,False,False,,0,147.0
16002,8/1/25,960.11,Van Wyck Expressway,T8,Business,False,False,,0,456.0
16003,8/1/25,960.34,Van Wyck Expressway,T8,Short-Term,False,False,,0,46.0
16004,8/1/25,960.37,Van Wyck Expressway,T4,Short-Term,False,False,,0,30.0
16005,8/1/25,960.37,Van Wyck Expressway,T5,Vacationer,True,False,,0,2430.0
16006,8/1/25,960.51,Van Wyck Expressway,T4,Business,False,False,,0,231.0
16007,8/1/25,960.57,Van Wyck Expressway,T8,Short-Term,False,False,,0,119.0
16008,8/1/25,960.68,Van Wyck Expressway,T8,Short-Term,False,False,,0,60.0
16009,8/1/25,960.7,Van Wyck Expressway,T4,Short-Term,False,False,,0,44.0
16010,8/1/25,960.82,Van Wyck Expressway,T5,Short-Term,False,False,,0,84.0
16011,8/1/25,960.96,Van Wyck Expressway,T4,Vacationer,False,False,,0,1279.0
16012,8/1/25,961.13,Van Wyck Expressway,T5,Vacationer,False,False,,0,2243.0
16013,8/1/25,961.22,Van Wyck Expressway,T4,Short-Term,False,False,,0,73.0
16014,8/1/25,961.94,Van Wyck Expressway,T1,Staff,False,False,,0,480.0
16015,8/1/25,962.01,Van Wyck Expressway,T5,Short-Term,True,False,,0,110.0
16016,8/1/25,962.14,Van Wyck Expressway,T1,Short-Term,False,False,,0,81.0
16017,8/1/25,962.27,Van Wyck Expressway,T1,Staff,False,False,,0,480.0
16018,8/1/25,962.29,Van Wyck Expressway,T1,Business,False,False,,0,220.0
16019,8/1/25,962.55,Van Wyck Expressway,T4,Business,False,False,,0,231.0
16020,8/1/25,962.71,Van Wyck Expressway,T1,Short-Term,True,False,,0,101.0
16021,8/1/25,962.75,Van Wyck Expressway,T5,Business,True,False,,0,377.0
16022,8/1/25,962.76,Van Wyck Expressway,T5,Business,False,False,,0,133.0
16023,8/1/25,962.82,Van Wyck Expressway,T5,Business,False,False,,0,421.0
16024,8/1/25,963.12,Van Wyck Expressway,T5,Short-Term,False,False,,0,59.0
16025,8/1/25,963.27,Van Wyck Expressway,T1,Short-Term,True,False,,0,54.0
16026,8/1/25,963.73,Van Wyck Expressway,T5,Vacationer,False,False,,0,4185.0
16027,8/1/25,963.89,Van Wyck Expressway,T1,Short-Term,False,False,,0,117.0
16028,8/1/25,964.33,Van Wyck Expressway,T1,Business,False,False,,0,329.0
16029,8/1/25,964.38,Van Wyck Expressway,T5,Staff,False,False,,0,480.0
16030,8/1/25,964.65,Van Wyck Expressway,T1,Short-Term,False,False,,0,50.0
16031,8/1/25,964.7,Van Wyck Expressway,T8,Business,False,False,,0,355.0
16032,8/1/25,964.71,Van Wyck Expressway,T8,Short-Term,False,False,,0,34.0
16033,8/1/25,964.74,Van Wyck Expressway,T4,Business,False,False,,0,365.0
16034,8/1/25,964.94,Van Wyck Expressway,T4,Short-Term,False,False,,0,59.0
16035,8/1/25,964.99,Van Wyck Expressway,T5,Vacationer,False,False,,0,463.0
16036,8/1/25,965.0,Van Wyck Expressway,T4,Short-Term,False,False,,0,59.0
16037,8/1/25,965.13,Van Wyck Expressway,T5,Short-Term,False,False,,0,32.0
16038,8/1/25,965.62,Van Wyck Expressway,T4,Vacationer,False,False,,0,1787.0
16039,8/1/25,965.82,Van Wyck Expressway,T1,Short-Term,False,False,,0,102.0
16040,8/1/25,966.06,Van Wyck Expressway,T5,Short-Term,False,False,,0,96.0
16041,8/1/25,966.16,Van Wyck Expressway,T8,Short-Term,False,False,,0,79.0
16042,8/1/25,966.22,Van Wyck Expressway,T1,Staff,False,False,,0,480.0
16043,8/1/25,966.48,Van Wyck Expressway,T1,Business,False,False,,0,205.0
16044,8/1/25,966.49,Van Wyck Expressway,T1,Vacationer,False,False,,0,3676.0
16045,8/1/25,966.52,Van Wyck Expressway,T1,Business,False,False,,0,363.0
16046,8/1/25,966.64,Van Wyck Expressway,T1,Vacationer,False,False,,0,549.0
16047,8/1/25,966.66,Van Wyck Expressway,T1,Staff,False,False,,0,480.0
16048,8/1/25,966.76,Van Wyck Expressway,T8,Short-Term,False,False,,0,89.0
16049,8/1/25,966.85,Van Wyck Expressway,T4,Vacationer,True,False,,0,2963.0
16050,8/1/25,966.89,Van Wyck Expressway,T8,Business,False,False,,0,479.0
16051,8/1/25,966.95,Van Wyck Expressway,T5,Short-Term,False,False,,0,97.0
16052,8/1/25,966.97,Van Wyck Expressway,T1,Business,False,False,,0,477.0
16053,8/1/25,967.34,Van Wyck Expressway,T5,Vacationer,False,False,,0,2065.0
16054,8/1/25,967.43,Van Wyck Expressway,T8,Short-Term,False,False,,0,72.0
16055,8/1/25,967.75,Van Wyck Expressway,T8,Vacationer,False,False,,0,909.0
16056,8/1/25,967.81,Van Wyck Expressway,T1,Vacationer,False,False,,0,3230.0
16057,8/1/25,968.1,Van Wyck Expressway,T5,Vacationer,False,False,,0,3447.0
16058,8/1/25,968.47,Van Wyck Expressway,T5,Short-Term,False,False,,0,49.0
16059,8/1/25,968.53,Van Wyck Expressway,T5,Business,False,False,,0,157.0
16060,8/1/25,968.54,Van Wyck Expressway,T1,Business,False,False,,0,310.0
16061,8/1/25,968.55,Van Wyck Expressway,T8,Business,False,False,,0,460.0
16062,8/1/25,968.58,Van Wyck Expressway,T8,Staff,False,False,,0,480.0
16063,8/1/25,968.62,Van Wyck Expressway,T4,Business,False,False,,0,441.0
16064,8/1/25,968.65,Van Wyck Expressway,T8,Short-Term,True,False,,0,67.0
16065,8/1/25,968.66,Van Wyck Expressway,T1,Vacationer,False,False,,0,1221.0
16066,8/1/25,968.73,Van Wyck Expressway,T1,Short-Term,False,False,,0,52.0
16067,8/1/25,968.79,Van Wyck Expressway,T4,Business,False,False,,0,200.0
16068,8/1/25,968.87,Van Wyck Expressway,T4,Vacationer,False,False,,0,611.0
16069,8/1/25,969.27,Van Wyck Expressway,T4,Business,False,False,,0,150.0
16070,8/1/25,969.28,Van Wyck Expressway,T1,Vacationer,False,False,,0,4194.0
16071,8/1/25,969.3,Van Wyck Expressway,T8,Staff,False,False,,0,480.0
16072,8/1/25,969.4,Van Wyck Expressway,T8,Business,False,False,,0,139.0
16073,8/1/25,969.4,Van Wyck Expressway,T1,Business,False,False,,0,186.0
16074,8/1/25,969.73,Van Wyck Expressway,T5,Vacationer,False,False,,0,518.0
16075,8/1/25,969.81,Van Wyck Expressway,T4,Vacationer,False,False,,0,3658.0
16076,8/1/25,969.97,Van Wyck Expressway,T8,Short-Term,False,False,,0,119.0
16077,8/1/25,970.11,Van Wyck Expressway,T8,Business,False,False,,0,296.0
16078,8/1/25,970.12,Van Wyck Expressway,T4,Short-Term,True,False,,0,115.0
16079,8/1/25,970.16,Van Wyck Expressway,T1,Business,False,False,,0,372.0
16080,8/1/25,970.19,Van Wyck Expressway,T5,Business,True,False,,0,194.0
16081,8/1/25,970.38,Van Wyck Expressway,T8,Vacationer,True,False,,0,1410.0
16082,8/1/25,970.46,Van Wyck Expressway,T5,Short-Term,False,False,,0,85.0
16083,8/1/25,970.55,Van Wyck Expressway,T4,Short-Term,False,False,,0,70.0
16084,8/1/25,970.65,Van Wyck Expressway,T1,Vacationer,False,False,,0,4008.0
16085,8/1/25,970.67,Van Wyck Expressway,T4,Vacationer,False,False,,0,1019.0
16086,8/1/25,970.7,Van Wyck Expressway,T4,Business,False,False,,0,295.0
16087,8/1/25,970.72,Van Wyck Expressway,T1,Business,False,False,,0,271.0
16088,8/1/25,970.74,Van Wyck Expressway,T4,Staff,False,False,,0,480.0
16089,8/1/25,971.1,Van Wyck Expressway,T1,Short-Term,False,False,,0,40.0
16090,8/1/25,971.41,Van Wyck Expressway,T5,Business,False,False,,0,175.0
16091,8/1/25,971.45,Van Wyck Expressway,T4,Business,False,False,,0,392.0
16092,8/1/25,971.48,Van Wyck Expressway,T1,Staff,False,False,,0,480.0
16093,8/1/25,971.55,Van Wyck Expressway,T1,Business,False,False,,0,227.0
16094,8/1/25,971.59,Van Wyck Expressway,T1,Vacationer,True,False,,0,2767.0
16095,8/1/25,971.74,Van Wyck Expressway,T5,Business,False,False,,0,219.0
16096,8/1/25,971.85,Van Wyck Expressway,T5,Staff,False,False,,0,480.0
16097,8/1/25,971.89,Van Wyck Expressway,T8,Short-Term,False,False,,0,47.0
16098,8/1/25,971.89,Van Wyck Expressway,T8,Short-Term,False,False,,0,115.0
16099,8/1/25,971.9,Van Wyck Expressway,T4,Vacationer,False,False,,0,1993.0
16100,8/1/25,971.94,Van Wyck Expressway,T5,Business,False,False,,0,227.0
16101,8/1/25,971.97,Van Wyck Expressway,T8,Short-Term,False,False,,0,91.0
16102,8/1/25,971.97,Van Wyck Expressway,T8,Business,False,False,,0,358.0
16103,8/1/25,972.14,Van Wyck Expressway,T5,Short-Term,False,False,,0,106.0
16104,8/1/25,972.26,Van Wyck Expressway,T1,Short-Term,False,False,,0,78.0
16105,8/1/25,972.32,Van Wyck Expressway,T1,Vacationer,False,False,,0,882.0
16106,8/1/25,972.33,Van Wyck Expressway,T4,Short-Term,False,False,,0,116.0
16107,8/1/25,972.36,Van Wyck Expressway,T4,Business,False,False,,0,170.0
16108,8/1/25,972.49,Van Wyck Expressway,T5,Staff,True,False,,0,480.0
16109,8/1/25,972.64,Van Wyck Expressway,T5,Short-Term,True,False,,0,87.0
16110,8/1/25,972.88,Van Wyck Expressway,T8,Business,False,False,,0,384.0
16111,8/1/25,972.88,Van Wyck Expressway,T4,Vacationer,False,False,,0,2088.0
16112,8/1/25,972.93,Van Wyck Expressway,T5,Business,False,False,,0,441.0
16113,8/1/25,973.01,Van Wyck Expressway,T5,Business,True,False,,0,391.0
16114,8/1/25,973.18,Van Wyck Expressway,T5,Short-Term,False,False,,0,41.0
16115,8/1/25,973.19,Van Wyck Expressway,T1,Business,False,False,,0,292.0
16116,8/1/25,973.2,Van Wyck Expressway,T5,Vacationer,False,False,,0,2311.0
16117,8/1/25,973.23,Van Wyck Expressway,T8,Short-Term,False,False,,0,119.0
16118,8/1/25,973.24,Van Wyck Expressway,T1,Short-Term,False,False,,0,74.0
16119,8/1/25,973.37,Van Wyck Expressway,T5,Vacationer,False,False,,0,2386.0
16120,8/1/25,973.81,Van Wyck Expressway,T5,Short-Term,False,False,,0,67.0
16121,8/1/25,974.04,Van Wyck Expressway,T5,Short-Term,False,False,,0,56.0
16122,8/1/25,974.07,Van Wyck Expressway,T5,Short-Term,False,False,,0,72.0
16123,8/1/25,974.14,Van Wyck Expressway,T1,Short-Term,False,False,,0,35.0
16124,8/1/25,974.14,Van Wyck Expressway,T8,Vacationer,False,False,,0,2372.0
16125,8/1/25,974.25,Van Wyck Expressway,T4,Vacationer,False,False,,0,506.0
16126,8/1/25,974.32,Van Wyck Expressway,T1,Business,False,False,,0,173.0
16127,8/1/25,974.62,Van Wyck Expressway,T1,Business,False,False,,0,466.0
16128,8/1/25,974.86,Van Wyck Expressway,T8,Vacationer,True,False,,0,2761.0
16129,8/1/25,975.08,Van Wyck Expressway,T8,Business,False,False,,0,418.0
16130,8/1/25,975.13,Van Wyck Expressway,T1,Short-Term,False,False,,0,117.0
16131,8/1/25,975.22,Van Wyck Expressway,T5,Business,False,False,,0,424.0
16132,8/1/25,975.38,Van Wyck Expressway,T8,Short-Term,False,False,,0,78.0
16133,8/1/25,975.56,Van Wyck Expressway,T5,Short-Term,False,False,,0,90.0
16134,8/1/25,975.6,Van Wyck Expressway,T4,Short-Term,False,False,,0,114.0
16135,8/1/25,975.61,Van Wyck Expressway,T4,Business,False,False,,0,180.0
16136,8/1/25,975.63,Van Wyck Expressway,T1,Short-Term,False,False,,0,89.0
16137,8/1/25,975.67,Van Wyck Expressway,T1,Vacationer,False,False,,0,1383.0
16138,8/1/25,975.69,Van Wyck Expressway,T4,Vacationer,False,False,,0,1963.0
16139,8/1/25,975.77,Van Wyck Expressway,T1,Business,False,False,,0,393.0
16140,8/1/25,975.98,Van Wyck Expressway,T1,Vacationer,False,False,,0,3105.0
16141,8/1/25,976.13,Van Wyck Expressway,T1,Short-Term,False,False,,0,43.0
16142,8/1/25,976.17,Van Wyck Expressway,T4,Staff,False,False,,0,480.0
16143,8/1/25,976.18,Van Wyck Expressway,T4,Business,False,False,,0,198.0
16144,8/1/25,976.27,Van Wyck Expressway,T4,Vacationer,False,False,,0,2919.0
16145,8/1/25,976.27,Van Wyck Expressway,T4,Staff,True,False,,0,480.0
16146,8/1/25,976.45,Van Wyck Expressway,T5,Staff,True,False,,0,480.0
16147,8/1/25,976.53,Van Wyck Expressway,T8,Vacationer,False,False,,0,1221.0
16148,8/1/25,976.58,Van Wyck Expressway,T5,Short-Term,False,False,,0,32.0
16149,8/1/25,976.7,Van Wyck Expressway,T8,Vacationer,False,False,,0,994.0
16150,8/1/25,976.72,Van Wyck Expressway,T8,Short-Term,False,False,,0,85.0
16151,8/1/25,976.79,Van Wyck Expressway,T1,Short-Term,False,False,,0,112.0
16152,8/1/25,976.86,Van Wyck Expressway,T8,Staff,False,False,,0,480.0
16153,8/1/25,976.93,Van Wyck Expressway,T8,Vacationer,False,False,,0,4199.0
16154,8/1/25,977.07,Van Wyck Expressway,T1,Vacationer,False,False,,0,3868.0
16155,8/1/25,977.12,Van Wyck Expressway,T4,Business,False,False,,0,277.0
16156,8/1/25,977.19,Van Wyck Expressway,T5,Vacationer,False,False,,0,4055.0
16157,8/1/25,977.21,Van Wyck Expressway,T8,Short-Term,False,False,,0,63.0
16158,8/1/25,977.21,Van Wyck Expressway,T4,Business,False,False,,0,374.0
16159,8/1/25,977.39,Van Wyck Expressway,T5,Short-Term,False,False,,0,86.0
16160,8/1/25,977.42,Van Wyck Expressway,T5,Short-Term,False,False,,0,36.0
16161,8/1/25,977.61,Van Wyck Expressway,T4,Business,False,False,,0,255.0
16162,8/1/25,977.64,Van Wyck Expressway,T5,Business,False,False,,0,299.0
16163,8/1/25,977.65,Van Wyck Expressway,T1,Business,False,False,,0,354.0
16164,8/1/25,977.72,Van Wyck Expressway,T8,Vacationer,False,False,,0,760.0
16165,8/1/25,977.74,Van Wyck Expressway,T1,Vacationer,False,False,,0,2094.0
16166,8/1/25,977.79,Van Wyck Expressway,T4,Short-Term,False,False,,0,71.0
16167,8/1/25,978.24,Van Wyck Expressway,T8,Vacationer,False,False,,0,1424.0
16168,8/1/25,978.24,Van Wyck Expressway,T4,Short-Term,True,False,,0,97.0
16169,8/1/25,978.44,Van Wyck Expressway,T4,Business,False,False,,0,419.0
16170,8/1/25,978.55,Van Wyck Expressway,T5,Vacationer,False,False,,0,1959.0
16171,8/1/25,978.64,Van Wyck Expressway,T1,Vacationer,False,False,,0,1026.0
16172,8/1/25,978.67,Van Wyck Expressway,T5,Short-Term,False,False,,0,113.0
16173,8/1/25,978.7,Van Wyck Expressway,T5,Business,False,False,,0,270.0
16174,8/1/25,978.73,Van Wyck Expressway,T4,Business,False,False,,0,334.0
16175,8/1/25,978.78,Van Wyck Expressway,T4,Short-Term,False,False,,0,99.0
16176,8/1/25,978.88,Van Wyck Expressway,T4,Short-Term,False,False,,0,110.0
16177,8/1/25,978.98,Van Wyck Expressway,T1,Staff,True,False,,0,480.0
16178,8/1/25,979.28,Van Wyck Expressway,T8,Short-Term,False,False,,0,51.0
16179,8/1/25,979.29,Van Wyck Expressway,T1,Short-Term,False,False,,0,41.0
16180,8/1/25,979.34,Van Wyck Expressway,T1,Staff,False,False,,0,480.0
16181,8/1/25,979.36,Van Wyck Expressway,T5,Short-Term,False,False,,0,45.0
16182,8/1/25,979.39,Van Wyck Expressway,T1,Business,False,False,,0,359.0
16183,8/1/25,979.43,Van Wyck Expressway,T8,Business,False,False,,0,127.0
16184,8/1/25,979.44,Van Wyck Expressway,T5,Business,False,False,,0,334.0
16185,8/1/25,979.48,Van Wyck Expressway,T1,Short-Term,True,False,,0,42.0
16186,8/1/25,979.53,Van Wyck Expressway,T1,Short-Term,False,False,,0,74.0
16187,8/1/25,979.66,Van Wyck Expressway,T4,Short-Term,False,False,,0,41.0
16188,8/1/25,979.66,Van Wyck Expressway,T4,Short-Term,False,False,,0,40.0
16189,8/1/25,979.82,Van Wyck Expressway,T1,Vacationer,False,False,,0,1484.0
16190,8/1/25,979.87,Van Wyck Expressway,T4,Business,False,False,,0,396.0
16191,8/1/25,980.1,Van Wyck Expressway,T5,Short-Term,False,False,,0,82.0
16192,8/1/25,980.1,Van Wyck Expressway,T1,Short-Term,False,False,,0,72.0
16193,8/1/25,980.19,Van Wyck Expressway,T4,Vacationer,False,False,,0,3653.0
16194,8/1/25,980.24,Van Wyck Expressway,T4,Business,False,False,,0,469.0
16195,8/1/25,980.53,Van Wyck Expressway,T8,Vacationer,False,False,,0,3918.0
16196,8/1/25,980.7,Van Wyck Expressway,T1,Short-Term,False,False,,0,71.0
16197,8/1/25,980.71,Van Wyck Expressway,T5,Business,False,False,,0,332.0
16198,8/1/25,980.76,Van Wyck Expressway,T5,Short-Term,True,False,,0,32.0
16199,8/1/25,980.77,Van Wyck Expressway,T4,Business,False,False,,0,321.0
16200,8/1/25,980.88,Van Wyck Expressway,T1,Short-Term,False,False,,0,54.0
16201,8/1/25,980.92,Van Wyck Expressway,T4,Short-Term,False,False,,0,89.0
16202,8/1/25,980.97,Van Wyck Expressway,T1,Short-Term,False,False,,0,72.0
16203,8/1/25,981.02,Van Wyck Expressway,T5,Short-Term,False,False,,0,55.0
16204,8/1/25,981.8,Van Wyck Expressway,T8,Short-Term,False,False,,0,91.0
16205,8/1/25,981.9,Van Wyck Expressway,T5,Short-Term,False,False,,0,91.0
16206,8/1/25,981.93,Van Wyck Expressway,T4,Staff,False,False,,0,480.0
16207,8/1/25,982.04,Van Wyck Expressway,T5,Business,False,False,,0,380.0
16208,8/1/25,982.09,Van Wyck Expressway,T5,Business,False,False,,0,211.0
16209,8/1/25,982.15,Van Wyck Expressway,T5,Short-Term,False,False,,0,61.0
16210,8/1/25,982.19,Van Wyck Expressway,T8,Short-Term,False,False,,0,106.0
16211,8/1/25,982.25,Van Wyck Expressway,T8,Short-Term,False,False,,0,39.0
16212,8/1/25,982.27,Van Wyck Expressway,T4,Vacationer,False,False,,0,991.0
16213,8/1/25,982.3,Van Wyck Expressway,T1,Short-Term,False,False,,0,37.0
16214,8/1/25,982.47,Van Wyck Expressway,T5,Business,False,False,,0,415.0
16215,8/1/25,982.48,Van Wyck Expressway,T1,Short-Term,False,False,,0,111.0
16216,8/1/25,982.49,Van Wyck Expressway,T1,Short-Term,False,False,,0,96.0
16217,8/1/25,982.51,Van Wyck Expressway,T5,Business,True,False,,0,450.0
16218,8/1/25,982.61,Van Wyck Expressway,T8,Staff,False,False,,0,480.0
16219,8/1/25,982.78,Van Wyck Expressway,T1,Vacationer,False,False,,0,1131.0
16220,8/1/25,982.81,Van Wyck Expressway,T8,Short-Term,False,False,,0,43.0
16221,8/1/25,982.99,Van Wyck Expressway,T8,Staff,False,False,,0,480.0
16222,8/1/25,983.09,Van Wyck Expressway,T5,Business,True,False,,0,298.0
16223,8/1/25,983.19,Van Wyck Expressway,T4,Vacationer,False,False,,0,2677.0
16224,8/1/25,983.23,Van Wyck Expressway,T1,Short-Term,False,False,,0,60.0
16225,8/1/25,983.3,Van Wyck Expressway,T4,Short-Term,False,False,,0,47.0
16226,8/1/25,983.32,Van Wyck Expressway,T8,Business,False,False,,0,192.0
16227,8/1/25,983.34,Van Wyck Expressway,T1,Business,False,False,,0,468.0
16228,8/1/25,983.35,Van Wyck Expressway,T8,Business,True,False,,0,378.0
16229,8/1/25,983.46,Van Wyck Expressway,T8,Vacationer,False,False,,0,2628.0
16230,8/1/25,983.5,Van Wyck Expressway,T5,Short-Term,False,False,,0,74.0
16231,8/1/25,983.79,Van Wyck Expressway,T4,Staff,False,False,,0,480.0
16232,8/1/25,983.81,Van Wyck Expressway,T4,Short-Term,False,False,,0,87.0
16233,8/1/25,983.83,Van Wyck Expressway,T5,Short-Term,False,False,,0,104.0
16234,8/1/25,983.87,Van Wyck Expressway,T4,Vacationer,True,False,,0,2708.0
16235,8/1/25,983.92,Van Wyck Expressway,T8,Staff,False,False,,0,480.0
16236,8/1/25,984.03,Van Wyck Expressway,T8,Staff,True,False,,0,480.0
16237,8/1/25,984.09,Van Wyck Expressway,T5,Vacationer,False,False,,0,2163.0
16238,8/1/25,984.19,Van Wyck Expressway,T4,Short-Term,False,False,,0,63.0
16239,8/1/25,984.22,Van Wyck Expressway,T1,Business,False,False,,0,237.0
16240,8/1/25,984.37,Van Wyck Expressway,T5,Business,False,False,,0,340.0
16241,8/1/25,984.53,Van Wyck Expressway,T5,Short-Term,False,False,,0,69.0
16242,8/1/25,984.57,Van Wyck Expressway,T5,Staff,False,False,,0,480.0
16243,8/1/25,984.58,Van Wyck Expressway,T4,Vacationer,False,False,,0,3847.0
16244,8/1/25,984.63,Van Wyck Expressway,T4,Short-Term,True,False,,0,34.0
16245,8/1/25,984.65,Van Wyck Expressway,T5,Business,False,False,,0,435.0
16246,8/1/25,984.69,Van Wyck Expressway,T4,Short-Term,False,False,,0,102.0
16247,8/1/25,984.8,Van Wyck Expressway,T4,Short-Term,False,False,,0,88.0
16248,8/1/25,984.91,Van Wyck Expressway,T8,Business,False,False,,0,352.0
16249,8/1/25,984.99,Van Wyck Expressway,T4,Vacationer,False,False,,0,1920.0
16250,8/1/25,985.13,Van Wyck Expressway,T5,Business,False,False,,0,306.0
16251,8/1/25,985.15,Van Wyck Expressway,T8,Vacationer,False,False,,0,3169.0
16252,8/1/25,985.19,Van Wyck Expressway,T8,Short-Term,False,False,,0,54.0
16253,8/1/25,985.4,Van Wyck Expressway,T8,Staff,False,False,,0,480.0
16254,8/1/25,985.44,Van Wyck Expressway,T4,Short-Term,False,False,,0,97.0
16255,8/1/25,985.45,Van Wyck Expressway,T5,Short-Term,False,False,,0,57.0
16256,8/1/25,985.52,Van Wyck Expressway,T4,Business,False,False,,0,143.0
16257,8/1/25,985.52,Van Wyck Expressway,T1,Short-Term,True,False,,0,96.0
16258,8/1/25,985.57,Van Wyck Expressway,T8,Vacationer,False,False,,0,445.0
16259,8/1/25,985.68,Van Wyck Expressway,T4,Business,False,False,,0,410.0
16260,8/1/25,985.77,Van Wyck Expressway,T5,Vacationer,False,False,,0,3915.0
16261,8/1/25,986.08,Van Wyck Expressway,T5,Short-Term,False,False,,0,66.0
16262,8/1/25,986.21,Van Wyck Expressway,T1,Vacationer,True,False,,0,662.0
16263,8/1/25,986.25,Van Wyck Expressway,T1,Vacationer,False,False,,0,2953.0
16264,8/1/25,986.45,Van Wyck Expressway,T5,Short-Term,False,False,,0,71.0
16265,8/1/25,986.51,Van Wyck Expressway,T8,Staff,False,False,,0,480.0
16266,8/1/25,986.72,Van Wyck Expressway,T1,Short-Term,False,False,,0,98.0
16267,8/1/25,986.74,Van Wyck Expressway,T4,Short-Term,False,False,,0,41.0
16268,8/1/25,987.18,Van Wyck Expressway,T4,Vacationer,False,False,,0,2410.0
16269,8/1/25,987.2,Van Wyck Expressway,T1,Business,False,False,,0,429.0
16270,8/1/25,987.24,Van Wyck Expressway,T8,Short-Term,False,False,,0,59.0
16271,8/1/25,987.31,Van Wyck Expressway,T5,Short-Term,False,False,,0,91.0
16272,8/1/25,987.44,Van Wyck Expressway,T1,Vacationer,False,False,,0,2502.0
16273,8/1/25,987.54,Van Wyck Expressway,T4,Short-Term,False,False,,0,90.0
16274,8/1/25,987.62,Van Wyck Expressway,T1,Short-Term,False,False,,0,99.0
16275,8/1/25,987.66,Van Wyck Expressway,T1,Short-Term,False,False,,0,106.0
16276,8/1/25,987.77,Van Wyck Expressway,T4,Vacationer,False,False,,0,2767.0
16277,8/1/25,987.79,Van Wyck Expressway,T1,Vacationer,False,False,,0,2495.0
16278,8/1/25,988.0,Van Wyck Expressway,T5,Vacationer,True,False,,0,4281.0
16279,8/1/25,988.04,Van Wyck Expressway,T1,Business,False,False,,0,373.0
16280,8/1/25,988.1,Van Wyck Expressway,T8,Business,False,False,,0,176.0
16281,8/1/25,988.12,Van Wyck Expressway,T1,Vacationer,False,False,,0,1080.0
16282,8/1/25,988.16,Van Wyck Expressway,T5,Short-Term,False,False,,0,88.0
16283,8/1/25,988.22,Van Wyck Expressway,T8,Business,False,False,,0,237.0
16284,8/1/25,988.32,Van Wyck Expressway,T1,Business,False,False,,0,443.0
16285,8/1/25,988.43,Van Wyck Expressway,T5,Short-Term,False,False,,0,56.0
16286,8/1/25,988.49,Van Wyck Expressway,T5,Short-Term,False,False,,0,114.0
16287,8/1/25,988.54,Van Wyck Expressway,T1,Short-Term,False,False,,0,98.0
16288,8/1/25,988.68,Van Wyck Expressway,T4,Staff,True,False,,0,480.0
16289,8/1/25,988.72,Van Wyck Expressway,T1,Business,False,False,,0,338.0
16290,8/1/25,988.79,Van Wyck Expressway,T8,Vacationer,False,False,,0,2683.0
16291,8/1/25,988.9,Van Wyck Expressway,T8,Vacationer,False,False,,0,4152.0
16292,8/1/25,989.11,Van Wyck Expressway,T1,Short-Term,False,False,,0,89.0
16293,8/1/25,989.41,Van Wyck Expressway,T5,Business,False,False,,0,396.0
16294,8/1/25,989.43,Van Wyck Expressway,T5,Vacationer,False,False,,0,4145.0
16295,8/1/25,989.52,Van Wyck Expressway,T5,Business,False,False,,0,294.0
16296,8/1/25,989.54,Van Wyck Expressway,T5,Short-Term,True,False,,0,83.0
16297,8/1/25,989.78,Van Wyck Expressway,T4,Short-Term,False,False,,0,31.0
16298,8/1/25,989.83,Van Wyck Expressway,T4,Short-Term,False,False,,0,88.0
16299,8/1/25,989.85,Van Wyck Expressway,T5,Business,False,False,,0,144.0
16300,8/1/25,990.09,Van Wyck Expressway,T5,Vacationer,False,False,,0,2698.0
16301,8/1/25,990.15,Van Wyck Expressway,T8,Staff,False,False,,0,480.0
16302,8/1/25,990.27,Van Wyck Expressway,T8,Staff,True,False,,0,480.0
16303,8/1/25,990.31,Van Wyck Expressway,T1,Vacationer,False,False,,0,4129.0
16304,8/1/25,990.4,Van Wyck Expressway,T5,Short-Term,False,False,,0,97.0
16305,8/1/25,990.46,Van Wyck Expressway,T4,Business,False,False,,0,408.0
16306,8/1/25,990.68,Van Wyck Expressway,T5,Business,False,False,,0,303.0
16307,8/1/25,990.73,Van Wyck Expressway,T4,Business,False,False,,0,364.0
16308,8/1/25,990.74,Van Wyck Expressway,T4,Short-Term,False,False,,0,110.0
16309,8/1/25,990.86,Van Wyck Expressway,T4,Staff,False,False,,0,480.0
16310,8/1/25,990.9,Van Wyck Expressway,T4,Business,False,False,,0,210.0
16311,8/1/25,991.04,Van Wyck Expressway,T5,Short-Term,False,False,,0,32.0
16312,8/1/25,991.1,Van Wyck Expressway,T8,Short-Term,False,False,,0,67.0
16313,8/1/25,991.16,Van Wyck Expressway,T4,Short-Term,False,False,,0,59.0
16314,8/1/25,991.22,Van Wyck Expressway,T4,Business,False,False,,0,128.0
16315,8/1/25,991.25,Van Wyck Expressway,T1,Short-Term,False,False,,0,61.0
16316,8/1/25,991.32,Van Wyck Expressway,T8,Vacationer,False,False,,0,1160.0
16317,8/1/25,991.5,Van Wyck Expressway,T8,Vacationer,False,False,,0,3859.0
16318,8/1/25,991.51,Van Wyck Expressway,T8,Business,False,False,,0,371.0
16319,8/1/25,991.58,Van Wyck Expressway,T1,Business,False,False,,0,443.0
16320,8/1/25,991.66,Van Wyck Expressway,T1,Short-Term,False,False,,0,88.0
16321,8/1/25,991.78,Van Wyck Expressway,T8,Vacationer,False,False,,0,1365.0
16322,8/1/25,992.2,Van Wyck Expressway,T4,Staff,False,False,,0,480.0
16323,8/1/25,992.31,Van Wyck Expressway,T8,Business,False,False,,0,457.0
16324,8/1/25,992.4,Van Wyck Expressway,T8,Short-Term,False,False,,0,117.0
16325,8/1/25,992.52,Van Wyck Expressway,T8,Business,False,False,,0,401.0
16326,8/1/25,992.58,Van Wyck Expressway,T8,Vacationer,False,False,,0,2350.0
16327,8/1/25,992.87,Van Wyck Expressway,T1,Business,False,False,,0,219.0
16328,8/1/25,993.03,Van Wyck Expressway,T1,Short-Term,False,False,,0,113.0
16329,8/1/25,993.04,Van Wyck Expressway,T4,Vacationer,False,False,,0,1059.0
16330,8/1/25,993.06,Van Wyck Expressway,T4,Vacationer,False,False,,0,3010.0
16331,8/1/25,993.15,Van Wyck Expressway,T8,Business,False,False,,0,235.0
16332,8/1/25,993.26,Van Wyck Expressway,T4,Vacationer,False,False,,0,3593.0
16333,8/1/25,993.27,Van Wyck Expressway,T1,Business,False,False,,0,200.0
16334,8/1/25,993.37,Van Wyck Expressway,T1,Short-Term,False,False,,0,61.0
16335,8/1/25,993.46,Van Wyck Expressway,T8,Short-Term,False,False,,0,77.0
16336,8/1/25,993.61,Van Wyck Expressway,T1,Short-Term,False,False,,0,74.0
16337,8/1/25,993.79,Van Wyck Expressway,T8,Vacationer,False,False,,0,1248.0
16338,8/1/25,993.87,Van Wyck Expressway,T5,Business,False,False,,0,417.0
16339,8/1/25,993.95,Van Wyck Expressway,T1,Business,False,False,,0,281.0
16340,8/1/25,994.06,Van Wyck Expressway,T5,Short-Term,False,False,,0,108.0
16341,8/1/25,994.11,Van Wyck Expressway,T4,Short-Term,False,False,,0,52.0
16342,8/1/25,994.41,Van Wyck Expressway,T4,Short-Term,False,False,,0,65.0
16343,8/1/25,994.62,Van Wyck Expressway,T5,Business,False,False,,0,207.0
16344,8/1/25,994.71,Van Wyck Expressway,T4,Vacationer,False,False,,0,977.0
16345,8/1/25,994.9,Van Wyck Expressway,T5,Vacationer,False,False,,0,1865.0
16346,8/1/25,994.96,Van Wyck Expressway,T8,Staff,False,False,,0,480.0
16347,8/1/25,995.17,Van Wyck Expressway,T1,Vacationer,False,False,,0,564.0
16348,8/1/25,995.39,Van Wyck Expressway,T5,Business,False,False,,0,235.0
16349,8/1/25,995.4,Van Wyck Expressway,T4,Short-Term,False,False,,0,49.0
16350,8/1/25,995.46,Van Wyck Expressway,T5,Short-Term,False,False,,0,100.0
16351,8/1/25,995.62,Van Wyck Expressway,T5,Business,False,False,,0,413.0
16352,8/1/25,996.48,Van Wyck Expressway,T5,Vacationer,False,False,,0,3256.0
16353,8/1/25,996.65,Van Wyck Expressway,T8,Business,True,False,,0,125.0
16354,8/1/25,996.68,Van Wyck Expressway,T1,Business,False,False,,0,286.0
16355,8/1/25,996.7,Van Wyck Expressway,T1,Business,False,False,,0,287.0
16356,8/1/25,996.72,Van Wyck Expressway,T1,Business,False,False,,0,326.0
16357,8/1/25,996.79,Van Wyck Expressway,T5,Business,False,False,,0,461.0
16358,8/1/25,996.98,Van Wyck Expressway,T4,Business,False,False,,0,343.0
16359,8/1/25,997.01,Van Wyck Expressway,T1,Short-Term,True,False,,0,39.0
16360,8/1/25,997.09,Van Wyck Expressway,T1,Business,False,False,,0,156.0
16361,8/1/25,997.13,Van Wyck Expressway,T8,Business,False,False,,0,272.0
16362,8/1/25,997.3,Van Wyck Expressway,T1,Short-Term,False,False,,0,31.0
16363,8/1/25,997.35,Van Wyck Expressway,T8,Staff,False,False,,0,480.0
16364,8/1/25,997.41,Van Wyck Expressway,T8,Short-Term,False,False,,0,46.0
16365,8/1/25,997.59,Van Wyck Expressway,T4,Short-Term,False,False,,0,107.0
16366,8/1/25,997.75,Van Wyck Expressway,T5,Short-Term,False,False,,0,33.0
16367,8/1/25,997.75,Van Wyck Expressway,T8,Short-Term,False,False,,0,67.0
16368,8/1/25,997.76,Van Wyck Expressway,T4,Business,False,False,,0,192.0
16369,8/1/25,998.14,Van Wyck Expressway,T8,Business,False,False,,0,208.0
16370,8/1/25,998.23,Van Wyck Expressway,T4,Short-Term,False,False,,0,67.0
16371,8/1/25,998.24,Van Wyck Expressway,T4,Staff,False,False,,0,480.0
16372,8/1/25,998.25,Van Wyck Expressway,T1,Staff,False,False,,0,480.0
16373,8/1/25,998.37,Van Wyck Expressway,T5,Business,False,False,,0,360.0
16374,8/1/25,998.58,Van Wyck Expressway,T8,Vacationer,False,False,,0,4204.0
16375,8/1/25,998.63,Van Wyck Expressway,T5,Short-Term,False,False,,0,111.0
16376,8/1/25,998.77,Van Wyck Expressway,T5,Vacationer,False,False,,0,2060.0
16377,8/1/25,998.81,Van Wyck Expressway,T1,Short-Term,False,False,,0,56.0
16378,8/1/25,998.86,Van Wyck Expressway,T4,Business,False,False,,0,338.0
16379,8/1/25,998.99,Van Wyck Expressway,T4,Business,False,False,,0,439.0
16380,8/1/25,999.24,Van Wyck Expressway,T4,Business,False,False,,0,330.0
16381,8/1/25,999.28,Van Wyck Expressway,T8,Short-Term,False,False,,0,63.0
16382,8/1/25,999.41,Van Wyck Expressway,T4,Business,False,False,,0,304.0
16383,8/1/25,999.55,Van Wyck Expressway,T4,Short-Term,True,False,,0,73.0
16384,8/1/25,999.72,Van Wyck Expressway,T5,Staff,False,False,,0,480.0
16385,8/1/25,1000.04,Van Wyck Expressway,T5,Vacationer,False,False,,0,2797.0
16386,8/1/25,1000.24,Van Wyck Expressway,T1,Short-Term,False,False,,0,55.0
16387,8/1/25,1000.26,Van Wyck Expressway,T5,Short-Term,True,False,,0,51.0
16388,8/1/25,1000.26,Van Wyck Expressway,T1,Staff,True,False,,0,480.0
16389,8/1/25,1000.26,Van Wyck Expressway,T4,Business,False,False,,0,286.0
16390,8/1/25,1000.29,Van Wyck Expressway,T5,Staff,False,False,,0,480.0
16391,8/1/25,1000.31,Van Wyck Expressway,T1,Business,False,False,,0,163.0
16392,8/1/25,1000.33,Van Wyck Expressway,T8,Business,False,False,,0,178.0
16393,8/1/25,1000.41,Van Wyck Expressway,T4,Staff,False,False,,0,480.0
16394,8/1/25,1000.51,Van Wyck Expressway,T4,Vacationer,False,False,,0,2590.0
16395,8/1/25,1000.58,Van Wyck Expressway,T8,Vacationer,False,False,,0,1462.0
16396,8/1/25,1000.86,Van Wyck Expressway,T5,Short-Term,False,False,,0,62.0
16397,8/1/25,1000.88,Van Wyck Expressway,T5,Business,False,False,,0,240.0
16398,8/1/25,1000.91,Van Wyck Expressway,T8,Short-Term,False,False,,0,63.0
16399,8/1/25,1000.91,Van Wyck Expressway,T4,Short-Term,False,False,,0,107.0
16400,8/1/25,1001.07,Van Wyck Expressway,T4,Short-Term,False,False,,0,62.0
16401,8/1/25,1001.11,Van Wyck Expressway,T1,Short-Term,False,False,,0,94.0
16402,8/1/25,1001.21,Van Wyck Expressway,T5,Business,False,False,,0,323.0
16403,8/1/25,1001.28,Van Wyck Expressway,T4,Business,True,False,,0,471.0
16404,8/1/25,1001.33,Van Wyck Expressway,T4,Vacationer,True,False,,0,984.0
16405,8/1/25,1001.37,Van Wyck Expressway,T1,Business,False,False,,0,323.0
16406,8/1/25,1001.45,Van Wyck Expressway,T1,Short-Term,False,False,,0,118.0
16407,8/1/25,1001.53,Van Wyck Expressway,T4,Short-Term,False,False,,0,76.0
16408,8/1/25,1001.59,Van Wyck Expressway,T4,Business,False,False,,0,458.0
16409,8/1/25,1001.66,Van Wyck Expressway,T5,Business,False,False,,0,341.0
16410,8/1/25,1001.67,Van Wyck Expressway,T5,Vacationer,False,False,,0,2624.0
16411,8/1/25,1001.73,Van Wyck Expressway,T4,Vacationer,False,False,,0,1859.0
16412,8/1/25,1001.73,Van Wyck Expressway,T5,Short-Term,False,False,,0,101.0
16413,8/1/25,1001.79,Van Wyck Expressway,T8,Staff,False,False,,0,480.0
16414,8/1/25,1001.8,Van Wyck Expressway,T5,Short-Term,False,False,,0,53.0
16415,8/1/25,1001.81,Van Wyck Expressway,T4,Business,True,False,,0,386.0
16416,8/1/25,1001.81,Van Wyck Expressway,T8,Vacationer,False,False,,0,736.0
16417,8/1/25,1001.89,Van Wyck Expressway,T1,Vacationer,False,False,,0,3860.0
16418,8/1/25,1002.08,Van Wyck Expressway,T5,Short-Term,False,False,,0,45.0
16419,8/1/25,1002.13,Van Wyck Expressway,T4,Business,False,False,,0,417.0
16420,8/1/25,1002.17,Van Wyck Expressway,T8,Short-Term,False,False,,0,49.0
16421,8/1/25,1002.45,Van Wyck Expressway,T5,Business,False,False,,0,378.0
16422,8/1/25,1002.46,Van Wyck Expressway,T1,Business,False,False,,0,463.0
16423,8/1/25,1002.59,Van Wyck Expressway,T5,Short-Term,False,False,,0,95.0
16424,8/1/25,1002.71,Van Wyck Expressway,T8,Business,False,False,,0,471.0
16425,8/1/25,1002.79,Van Wyck Expressway,T8,Staff,False,False,,0,480.0
16426,8/1/25,1002.8,Van Wyck Expressway,T8,Business,False,False,,0,306.0
16427,8/1/25,1002.8,Van Wyck Expressway,T8,Business,False,False,,0,406.0
16428,8/1/25,1002.81,Van Wyck Expressway,T4,Short-Term,False,False,,0,76.0
16429,8/1/25,1002.83,Van Wyck Expressway,T5,Business,False,False,,0,400.0
16430,8/1/25,1002.99,Van Wyck Expressway,T1,Staff,False,False,,0,480.0
16431,8/1/25,1003.0,Van Wyck Expressway,T8,Short-Term,False,False,,0,112.0
16432,8/1/25,1003.0,Van Wyck Expressway,T8,Short-Term,False,False,,0,96.0
16433,8/1/25,1003.02,Van Wyck Expressway,T1,Short-Term,False,False,,0,81.0
16434,8/1/25,1003.06,Van Wyck Expressway,T5,Short-Term,False,False,,0,115.0
16435,8/1/25,1003.24,Van Wyck Expressway,T5,Vacationer,False,False,,0,3849.0
16436,8/1/25,1003.3,Van Wyck Expressway,T5,Business,False,False,,0,315.0
16437,8/1/25,1003.38,Van Wyck Expressway,T5,Short-Term,False,False,,0,71.0
16438,8/1/25,1003.54,Van Wyck Expressway,T1,Business,False,False,,0,468.0
16439,8/1/25,1003.62,Van Wyck Expressway,T8,Business,False,False,,0,221.0
16440,8/1/25,1003.64,Van Wyck Expressway,T1,Short-Term,True,False,,0,63.0
16441,8/1/25,1003.68,Van Wyck Expressway,T5,Vacationer,False,False,,0,3580.0
16442,8/1/25,1003.69,Van Wyck Expressway,T8,Short-Term,False,False,,0,97.0
16443,8/1/25,1003.73,Van Wyck Expressway,T8,Vacationer,False,False,,0,1012.0
16444,8/1/25,1003.77,Van Wyck Expressway,T1,Short-Term,False,False,,0,119.0
16445,8/1/25,1003.79,Van Wyck Expressway,T1,Vacationer,False,False,,0,2070.0
16446,8/1/25,1003.8,Van Wyck Expressway,T1,Vacationer,False,False,,0,3638.0
16447,8/1/25,1003.81,Van Wyck Expressway,T5,Short-Term,False,False,,0,59.0
16448,8/1/25,1004.04,Van Wyck Expressway,T5,Business,False,False,,0,443.0
16449,8/1/25,1004.06,Van Wyck Expressway,T1,Business,False,False,,0,347.0
16450,8/1/25,1004.09,Van Wyck Expressway,T5,Short-Term,False,False,,0,96.0
16451,8/1/25,1004.16,Van Wyck Expressway,T5,Business,True,False,,0,319.0
16452,8/1/25,1004.18,Van Wyck Expressway,T4,Short-Term,False,False,,0,55.0
16453,8/1/25,1004.29,Van Wyck Expressway,T4,Short-Term,True,False,,0,72.0
16454,8/1/25,1004.29,Van Wyck Expressway,T5,Business,False,False,,0,432.0
16455,8/1/25,1004.3,Van Wyck Expressway,T8,Short-Term,False,False,,0,79.0
16456,8/1/25,1004.39,Van Wyck Expressway,T1,Short-Term,False,False,,0,72.0
16457,8/1/25,1004.56,Van Wyck Expressway,T8,Business,False,False,,0,458.0
16458,8/1/25,1004.77,Van Wyck Expressway,T1,Vacationer,False,False,,0,2509.0
16459,8/1/25,1004.89,Van Wyck Expressway,T4,Short-Term,False,False,,0,79.0
16460,8/1/25,1004.93,Van Wyck Expressway,T1,Vacationer,True,False,,0,4261.0
16461,8/1/25,1004.99,Van Wyck Expressway,T1,Staff,False,False,,0,480.0
16462,8/1/25,1005.17,Van Wyck Expressway,T5,Short-Term,True,False,,0,42.0
16463,8/1/25,1005.19,Van Wyck Expressway,T1,Vacationer,False,False,,0,2297.0
16464,8/1/25,1005.25,Van Wyck Expressway,T4,Vacationer,False,False,,0,3673.0
16465,8/1/25,1005.29,Van Wyck Expressway,T1,Short-Term,False,False,,0,107.0
16466,8/1/25,1005.47,Van Wyck Expressway,T4,Vacationer,False,False,,0,1752.0
16467,8/1/25,1005.51,Van Wyck Expressway,T8,Short-Term,False,False,,0,119.0
16468,8/1/25,1005.55,Van Wyck Expressway,T4,Short-Term,False,False,,0,105.0
16469,8/1/25,1005.87,Van Wyck Expressway,T1,Business,False,False,,0,196.0
16470,8/1/25,1005.89,Van Wyck Expressway,T5,Short-Term,False,False,,0,111.0
16471,8/1/25,1005.98,Van Wyck Expressway,T5,Business,False,False,,0,207.0
16472,8/1/25,1006.0,Van Wyck Expressway,T4,Business,False,False,,0,348.0
16473,8/1/25,1006.07,Van Wyck Expressway,T8,Staff,False,False,,0,480.0
16474,8/1/25,1006.09,Van Wyck Expressway,T4,Short-Term,False,False,,0,33.0
16475,8/1/25,1006.21,Van Wyck Expressway,T1,Short-Term,False,False,,0,102.0
16476,8/1/25,1006.38,Van Wyck Expressway,T1,Short-Term,False,False,,0,76.0
16477,8/1/25,1006.62,Van Wyck Expressway,T5,Vacationer,False,False,,0,4265.0
16478,8/1/25,1006.7,Van Wyck Expressway,T4,Staff,False,False,,0,480.0
16479,8/1/25,1006.89,Van Wyck Expressway,T4,Staff,False,False,,0,480.0
16480,8/1/25,1007.06,Van Wyck Expressway,T8,Vacationer,False,False,,0,1632.0
16481,8/1/25,1007.35,Van Wyck Expressway,T8,Short-Term,False,False,,0,90.0
16482,8/1/25,1007.41,Van Wyck Expressway,T1,Short-Term,False,False,,0,79.0
16483,8/1/25,1007.45,Van Wyck Expressway,T8,Business,False,False,,0,275.0
16484,8/1/25,1007.48,Van Wyck Expressway,T8,Staff,False,False,,0,480.0
16485,8/1/25,1007.5,Van Wyck Expressway,T5,Short-Term,True,False,,0,76.0
16486,8/1/25,1007.75,Van Wyck Expressway,T1,Short-Term,False,False,,0,47.0
16487,8/1/25,1007.77,Van Wyck Expressway,T1,Staff,False,False,,0,480.0
16488,8/1/25,1007.81,Van Wyck Expressway,T4,Short-Term,False,False,,0,106.0
16489,8/1/25,1007.9,Van Wyck Expressway,T4,Business,False,False,,0,381.0
16490,8/1/25,1007.92,Van Wyck Expressway,T8,Short-Term,False,False,,0,77.0
16491,8/1/25,1007.97,Van Wyck Expressway,T5,Business,True,False,,0,310.0
16492,8/1/25,1008.04,Van Wyck Expressway,T5,Business,False,False,,0,275.0
16493,8/1/25,1008.09,Van Wyck Expressway,T8,Staff,True,False,,0,480.0
16494,8/1/25,1008.1,Van Wyck Expressway,T4,Staff,False,False,,0,480.0
16495,8/1/25,1008.17,Van Wyck Expressway,T1,Staff,False,False,,0,480.0
16496,8/1/25,1008.33,Van Wyck Expressway,T1,Vacationer,False,False,,0,465.0
16497,8/1/25,1008.39,Van Wyck Expressway,T1,Short-Term,False,False,,0,45.0
16498,8/1/25,1008.48,Van Wyck Expressway,T8,Business,True,False,,0,459.0
16499,8/1/25,1008.56,Van Wyck Expressway,T4,Vacationer,False,False,,0,3532.0
16500,8/1/25,1008.58,Van Wyck Expressway,T5,Short-Term,False,False,,0,51.0
16501,8/1/25,1008.59,Van Wyck Expressway,T4,Short-Term,False,False,,0,105.0
16502,8/1/25,1008.87,Van Wyck Expressway,T1,Short-Term,False,False,,0,44.0
16503,8/1/25,1008.9,Van Wyck Expressway,T4,Business,False,False,,0,425.0
16504,8/1/25,1008.99,Van Wyck Expressway,T1,Business,False,False,,0,163.0
16505,8/1/25,1009.26,Van Wyck Expressway,T1,Business,False,False,,0,279.0
16506,8/1/25,1009.44,Van Wyck Expressway,T8,Short-Term,False,False,,0,104.0
16507,8/1/25,1009.48,Van Wyck Expressway,T1,Short-Term,False,False,,0,89.0
16508,8/1/25,1009.89,Van Wyck Expressway,T1,Short-Term,False,False,,0,74.0
16509,8/1/25,1009.89,Van Wyck Expressway,T4,Short-Term,False,False,,0,65.0
16510,8/1/25,1009.92,Van Wyck Expressway,T8,Vacationer,False,False,,0,3873.0
16511,8/1/25,1009.95,Van Wyck Expressway,T1,Short-Term,False,False,,0,91.0
16512,8/1/25,1010.01,Van Wyck Expressway,T5,Short-Term,False,False,,0,37.0
16513,8/1/25,1010.14,Van Wyck Expressway,T5,Staff,False,False,,0,480.0
16514,8/1/25,1010.36,Van Wyck Expressway,T1,Short-Term,False,False,,0,60.0
16515,8/1/25,1010.5,Van Wyck Expressway,T8,Short-Term,False,False,,0,101.0
16516,8/1/25,1010.53,Van Wyck Expressway,T1,Short-Term,False,False,,0,45.0
16517,8/1/25,1010.55,Van Wyck Expressway,T5,Short-Term,False,False,,0,88.0
16518,8/1/25,1010.59,Van Wyck Expressway,T8,Short-Term,False,False,,0,115.0
16519,8/1/25,1010.68,Van Wyck Expressway,T8,Short-Term,False,False,,0,103.0
16520,8/1/25,1010.73,Van Wyck Expressway,T5,Short-Term,False,False,,0,95.0
16521,8/1/25,1011.0,Van Wyck Expressway,T5,Business,False,False,,0,127.0
16522,8/1/25,1011.07,Van Wyck Expressway,T4,Short-Term,False,False,,0,71.0
16523,8/1/25,1011.07,Van Wyck Expressway,T4,Vacationer,False,False,,0,1591.0
16524,8/1/25,1011.22,Van Wyck Expressway,T5,Business,False,False,,0,176.0
16525,8/1/25,1011.41,Van Wyck Expressway,T5,Vacationer,False,False,,0,3612.0
16526,8/1/25,1011.47,Van Wyck Expressway,T1,Short-Term,False,False,,0,116.0
16527,8/1/25,1011.58,Van Wyck Expressway,T4,Short-Term,False,False,,0,120.0
16528,8/1/25,1011.81,Van Wyck Expressway,T1,Business,False,False,,0,165.0
16529,8/1/25,1011.91,Van Wyck Expressway,T5,Business,False,False,,0,332.0
16530,8/1/25,1011.95,Van Wyck Expressway,T4,Business,True,False,,0,444.0
16531,8/1/25,1011.98,Van Wyck Expressway,T1,Short-Term,False,False,,0,33.0
16532,8/1/25,1012.02,Van Wyck Expressway,T1,Short-Term,False,False,,0,76.0
16533,8/1/25,1012.09,Van Wyck Expressway,T5,Vacationer,False,False,,0,1597.0
16534,8/1/25,1012.35,Van Wyck Expressway,T4,Vacationer,False,False,,0,728.0
16535,8/1/25,1012.38,Van Wyck Expressway,T8,Short-Term,False,False,,0,117.0
16536,8/1/25,1012.41,Van Wyck Expressway,T5,Short-Term,False,False,,0,40.0
16537,8/1/25,1012.42,Van Wyck Expressway,T1,Short-Term,False,False,,0,117.0
16538,8/1/25,1012.7,Van Wyck Expressway,T1,Vacationer,False,False,,0,1987.0
16539,8/1/25,1012.73,Van Wyck Expressway,T8,Vacationer,False,False,,0,1730.0
16540,8/1/25,1012.95,Van Wyck Expressway,T1,Business,False,False,,0,149.0
16541,8/1/25,1013.2,Van Wyck Expressway,T4,Short-Term,False,False,,0,62.0
16542,8/1/25,1013.43,Van Wyck Expressway,T5,Vacationer,False,False,,0,1621.0
16543,8/1/25,1013.49,Van Wyck Expressway,T5,Business,False,False,,0,149.0
16544,8/1/25,1013.61,Van Wyck Expressway,T8,Business,False,False,,0,351.0
16545,8/1/25,1013.86,Van Wyck Expressway,T4,Business,True,False,,0,336.0
16546,8/1/25,1013.96,Van Wyck Expressway,T4,Business,False,False,,0,333.0
16547,8/1/25,1013.98,Van Wyck Expressway,T8,Short-Term,False,False,,0,93.0
16548,8/1/25,1014.0,Van Wyck Expressway,T4,Short-Term,False,False,,0,106.0
16549,8/1/25,1014.11,Van Wyck Expressway,T1,Short-Term,False,False,,0,72.0
16550,8/1/25,1014.18,Van Wyck Expressway,T4,Short-Term,False,False,,0,98.0
16551,8/1/25,1014.27,Van Wyck Expressway,T1,Business,False,False,,0,250.0
16552,8/1/25,1014.28,Van Wyck Expressway,T5,Vacationer,False,False,,0,1753.0
16553,8/1/25,1014.44,Van Wyck Expressway,T4,Short-Term,False,False,,0,68.0
16554,8/1/25,1014.44,Van Wyck Expressway,T1,Short-Term,False,False,,0,98.0
16555,8/1/25,1014.47,Van Wyck Expressway,T8,Short-Term,False,False,,0,36.0
16556,8/1/25,1014.47,Van Wyck Expressway,T4,Business,False,False,,0,171.0
16557,8/1/25,1014.47,Van Wyck Expressway,T8,Short-Term,False,False,,0,33.0
16558,8/1/25,1014.75,Van Wyck Expressway,T8,Short-Term,False,False,,0,31.0
16559,8/1/25,1014.81,Van Wyck Expressway,T1,Business,False,False,,0,378.0
16560,8/1/25,1014.85,Van Wyck Expressway,T8,Short-Term,False,False,,0,44.0
16561,8/1/25,1014.95,Van Wyck Expressway,T5,Business,False,False,,0,265.0
16562,8/1/25,1015.05,Van Wyck Expressway,T1,Vacationer,False,False,,0,3321.0
16563,8/1/25,1015.08,Van Wyck Expressway,T8,Staff,False,False,,0,480.0
16564,8/1/25,1015.47,Van Wyck Expressway,T5,Business,False,False,,0,298.0
16565,8/1/25,1015.48,Van Wyck Expressway,T1,Business,False,False,,0,155.0
16566,8/1/25,1015.56,Van Wyck Expressway,T8,Vacationer,False,False,,0,2128.0
16567,8/1/25,1015.83,Van Wyck Expressway,T4,Short-Term,False,False,,0,118.0
16568,8/1/25,1015.87,Van Wyck Expressway,T1,Business,False,False,,0,353.0
16569,8/1/25,1015.92,Van Wyck Expressway,T4,Short-Term,False,False,,0,62.0
16570,8/1/25,1016.08,Van Wyck Expressway,T8,Vacationer,False,False,,0,4145.0
16571,8/1/25,1016.24,Van Wyck Expressway,T4,Short-Term,False,False,,0,112.0
16572,8/1/25,1016.29,Van Wyck Expressway,T1,Business,False,False,,0,374.0
16573,8/1/25,1016.31,Van Wyck Expressway,T8,Staff,False,False,,0,480.0
16574,8/1/25,1016.31,Van Wyck Expressway,T1,Short-Term,False,False,,0,90.0
16575,8/1/25,1016.32,Van Wyck Expressway,T5,Short-Term,False,False,,0,63.0
16576,8/1/25,1016.36,Van Wyck Expressway,T5,Business,False,False,,0,232.0
16577,8/1/25,1016.41,Van Wyck Expressway,T4,Short-Term,True,False,,0,71.0
16578,8/1/25,1016.74,Van Wyck Expressway,T4,Business,False,False,,0,138.0
16579,8/1/25,1016.85,Van Wyck Expressway,T5,Business,False,False,,0,153.0
16580,8/1/25,1016.86,Van Wyck Expressway,T4,Staff,False,False,,0,480.0
16581,8/1/25,1016.88,Van Wyck Expressway,T5,Short-Term,False,False,,0,97.0
16582,8/1/25,1016.95,Van Wyck Expressway,T4,Vacationer,False,False,,0,3754.0
16583,8/1/25,1016.97,Van Wyck Expressway,T1,Vacationer,False,False,,0,3955.0
16584,8/1/25,1017.05,Van Wyck Expressway,T4,Staff,False,False,,0,480.0
16585,8/1/25,1017.14,Van Wyck Expressway,T5,Short-Term,False,False,,0,78.0
16586,8/1/25,1017.15,Van Wyck Expressway,T5,Business,False,False,,0,293.0
16587,8/1/25,1017.37,Van Wyck Expressway,T8,Vacationer,False,False,,0,2519.0
16588,8/1/25,1017.37,Van Wyck Expressway,T5,Business,False,False,,0,434.0
16589,8/1/25,1017.47,Van Wyck Expressway,T1,Business,False,False,,0,323.0
16590,8/1/25,1017.52,Van Wyck Expressway,T5,Short-Term,False,False,,0,90.0
16591,8/1/25,1017.61,Van Wyck Expressway,T1,Vacationer,False,False,,0,4280.0
16592,8/1/25,1017.63,Van Wyck Expressway,T5,Business,False,False,,0,237.0
16593,8/1/25,1017.66,Van Wyck Expressway,T4,Short-Term,False,False,,0,105.0
16594,8/1/25,1017.91,Van Wyck Expressway,T5,Short-Term,False,False,,0,113.0
16595,8/1/25,1017.94,Van Wyck Expressway,T8,Business,False,False,,0,340.0
16596,8/1/25,1018.03,Van Wyck Expressway,T5,Short-Term,False,False,,0,112.0
16597,8/1/25,1018.07,Van Wyck Expressway,T8,Short-Term,False,False,,0,31.0
16598,8/1/25,1018.08,Van Wyck Expressway,T4,Business,False,False,,0,321.0
16599,8/1/25,1018.17,Van Wyck Expressway,T4,Business,False,False,,0,425.0
16600,8/1/25,1018.19,Van Wyck Expressway,T4,Vacationer,False,False,,0,1076.0
16601,8/1/25,1018.19,Van Wyck Expressway,T1,Business,True,False,,0,460.0
16602,8/1/25,1018.38,Van Wyck Expressway,T4,Vacationer,False,False,,0,2639.0
16603,8/1/25,1018.39,Van Wyck Expressway,T4,Business,False,False,,0,307.0
16604,8/1/25,1018.41,Van Wyck Expressway,T1,Vacationer,False,False,,0,3641.0
16605,8/1/25,1018.41,Van Wyck Expressway,T5,Short-Term,True,False,,0,66.0
16606,8/1/25,1018.42,Van Wyck Expressway,T1,Short-Term,False,False,,0,112.0
16607,8/1/25,1018.43,Van Wyck Expressway,T4,Vacationer,False,False,,0,2718.0
16608,8/1/25,1018.47,Van Wyck Expressway,T8,Business,False,False,,0,337.0
16609,8/1/25,1018.51,Van Wyck Expressway,T8,Business,False,False,,0,390.0
16610,8/1/25,1018.74,Van Wyck Expressway,T5,Short-Term,True,False,,0,118.0
16611,8/1/25,1018.76,Van Wyck Expressway,T8,Vacationer,False,False,,0,3409.0
16612,8/1/25,1018.77,Van Wyck Expressway,T8,Staff,False,False,,0,480.0
16613,8/1/25,1018.81,Van Wyck Expressway,T8,Short-Term,False,False,,0,41.0
16614,8/1/25,1018.88,Van Wyck Expressway,T8,Business,False,False,,0,422.0
16615,8/1/25,1018.89,Van Wyck Expressway,T1,Short-Term,False,False,,0,106.0
16616,8/1/25,1019.05,Van Wyck Expressway,T5,Business,False,False,,0,410.0
16617,8/1/25,1019.07,Van Wyck Expressway,T1,Business,False,False,,0,458.0
16618,8/1/25,1019.13,Van Wyck Expressway,T5,Business,False,False,,0,228.0
16619,8/1/25,1019.58,Van Wyck Expressway,T4,Short-Term,False,False,,0,86.0
16620,8/1/25,1019.8,Van Wyck Expressway,T8,Business,False,False,,0,120.0
16621,8/1/25,1019.84,Van Wyck Expressway,T8,Vacationer,False,False,,0,2342.0
16622,8/1/25,1019.85,Van Wyck Expressway,T4,Business,False,False,,0,378.0
16623,8/1/25,1019.91,Van Wyck Expressway,T8,Staff,False,False,,0,480.0
16624,8/1/25,1019.97,Van Wyck Expressway,T1,Short-Term,False,False,,0,44.0
16625,8/1/25,1020.12,Van Wyck Expressway,T4,Short-Term,True,False,,0,65.0
16626,8/1/25,1020.19,Van Wyck Expressway,T8,Vacationer,False,False,,0,4191.0
16627,8/1/25,1020.23,Van Wyck Expressway,T4,Short-Term,False,False,,0,90.0
16628,8/1/25,1020.27,Van Wyck Expressway,T4,Vacationer,False,False,,0,1368.0
16629,8/1/25,1020.35,Van Wyck Expressway,T8,Vacationer,False,False,,0,3740.0
16630,8/1/25,1020.47,Van Wyck Expressway,T8,Staff,False,False,,0,480.0
16631,8/1/25,1020.49,Van Wyck Expressway,T4,Short-Term,False,False,,0,54.0
16632,8/1/25,1020.61,Van Wyck Expressway,T4,Short-Term,False,False,,0,97.0
16633,8/1/25,1020.68,Van Wyck Expressway,T4,Vacationer,False,False,,0,2226.0
16634,8/1/25,1020.7,Van Wyck Expressway,T4,Staff,False,False,,0,480.0
16635,8/1/25,1020.7,Van Wyck Expressway,T1,Short-Term,False,False,,0,119.0
16636,8/1/25,1020.71,Van Wyck Expressway,T5,Business,False,False,,0,466.0
16637,8/1/25,1020.84,Van Wyck Expressway,T1,Staff,False,False,,0,480.0
16638,8/1/25,1020.96,Van Wyck Expressway,T1,Short-Term,False,False,,0,47.0
16639,8/1/25,1021.02,Van Wyck Expressway,T8,Staff,False,False,,0,480.0
16640,8/1/25,1021.21,Van Wyck Expressway,T4,Short-Term,False,False,,0,64.0
16641,8/1/25,1021.27,Van Wyck Expressway,T4,Staff,False,False,,0,480.0
16642,8/1/25,1021.29,Van Wyck Expressway,T5,Vacationer,False,False,,0,2899.0
16643,8/1/25,1021.33,Van Wyck Expressway,T5,Business,False,False,,0,404.0
16644,8/1/25,1021.37,Van Wyck Expressway,T8,Short-Term,False,False,,0,61.0
16645,8/1/25,1021.47,Van Wyck Expressway,T4,Business,False,False,,0,311.0
16646,8/1/25,1021.5,Van Wyck Expressway,T8,Short-Term,False,False,,0,119.0
16647,8/1/25,1021.58,Van Wyck Expressway,T1,Business,False,False,,0,311.0
16648,8/1/25,1021.83,Van Wyck Expressway,T8,Staff,False,False,,0,480.0
16649,8/1/25,1022.04,Van Wyck Expressway,T4,Short-Term,True,False,,0,35.0
16650,8/1/25,1022.09,Van Wyck Expressway,T5,Vacationer,True,False,,0,3227.0
16651,8/1/25,1022.31,Van Wyck Expressway,T4,Staff,True,False,,0,480.0
16652,8/1/25,1022.35,Van Wyck Expressway,T4,Business,False,False,,0,406.0
16653,8/1/25,1022.52,Van Wyck Expressway,T8,Short-Term,False,False,,0,110.0
16654,8/1/25,1022.64,Van Wyck Expressway,T4,Short-Term,False,False,,0,61.0
16655,8/1/25,1022.82,Van Wyck Expressway,T1,Business,False,False,,0,185.0
16656,8/1/25,1023.15,Van Wyck Expressway,T8,Business,False,False,,0,383.0
16657,8/1/25,1023.28,Van Wyck Expressway,T8,Vacationer,True,False,,0,1723.0
16658,8/1/25,1023.42,Van Wyck Expressway,T4,Short-Term,False,False,,0,111.0
16659,8/1/25,1023.49,Van Wyck Expressway,T4,Vacationer,False,False,,0,2464.0
16660,8/1/25,1023.53,Van Wyck Expressway,T8,Short-Term,False,False,,0,56.0
16661,8/1/25,1023.62,Van Wyck Expressway,T1,Staff,False,False,,0,480.0
16662,8/1/25,1023.84,Van Wyck Expressway,T5,Business,False,False,,0,270.0
16663,8/1/25,1023.85,Van Wyck Expressway,T8,Short-Term,False,False,,0,36.0
16664,8/1/25,1023.93,Van Wyck Expressway,T5,Short-Term,True,False,,0,97.0
16665,8/1/25,1023.94,Van Wyck Expressway,T4,Short-Term,False,False,,0,49.0
16666,8/1/25,1023.97,Van Wyck Expressway,T4,Staff,False,False,,0,480.0
16667,8/1/25,1024.02,Van Wyck Expressway,T8,Vacationer,False,False,,0,746.0
16668,8/1/25,1024.04,Van Wyck Expressway,T4,Business,False,False,,0,420.0
16669,8/1/25,1024.18,Van Wyck Expressway,T1,Short-Term,False,False,,0,90.0
16670,8/1/25,1024.22,Van Wyck Expressway,T4,Business,False,False,,0,444.0
16671,8/1/25,1024.39,Van Wyck Expressway,T5,Short-Term,False,False,,0,104.0
16672,8/1/25,1024.48,Van Wyck Expressway,T5,Vacationer,False,False,,0,856.0
16673,8/1/25,1024.62,Van Wyck Expressway,T8,Short-Term,False,False,,0,54.0
16674,8/1/25,1024.84,Van Wyck Expressway,T5,Vacationer,False,False,,0,1080.0
16675,8/1/25,1024.84,Van Wyck Expressway,T8,Vacationer,False,False,,0,1415.0
16676,8/1/25,1024.87,Van Wyck Expressway,T4,Staff,False,False,,0,480.0
16677,8/1/25,1024.96,Van Wyck Expressway,T4,Short-Term,True,False,,0,56.0
16678,8/1/25,1025.05,Van Wyck Expressway,T1,Business,False,False,,0,333.0
16679,8/1/25,1025.16,Van Wyck Expressway,T8,Business,False,False,,0,348.0
16680,8/1/25,1025.24,Van Wyck Expressway,T8,Staff,False,False,,0,480.0
16681,8/1/25,1025.29,Van Wyck Expressway,T4,Business,False,False,,0,427.0
16682,8/1/25,1025.34,Van Wyck Expressway,T4,Staff,False,False,,0,480.0
16683,8/1/25,1025.51,Van Wyck Expressway,T4,Business,False,False,,0,461.0
16684,8/1/25,1025.53,Van Wyck Expressway,T4,Vacationer,False,False,,0,487.0
16685,8/1/25,1025.56,Van Wyck Expressway,T8,Vacationer,False,False,,0,1109.0
16686,8/1/25,1025.73,Van Wyck Expressway,T4,Business,False,False,,0,296.0
16687,8/1/25,1025.92,Van Wyck Expressway,T4,Vacationer,False,False,,0,2751.0
16688,8/1/25,1026.02,Van Wyck Expressway,T1,Business,True,False,,0,438.0
16689,8/1/25,1026.04,Van Wyck Expressway,T5,Short-Term,False,False,,0,83.0
16690,8/1/25,1026.04,Van Wyck Expressway,T5,Business,False,False,,0,177.0
16691,8/1/25,1026.25,Van Wyck Expressway,T5,Short-Term,False,False,,0,47.0
16692,8/1/25,1026.36,Van Wyck Expressway,T5,Vacationer,False,False,,0,3469.0
16693,8/1/25,1026.46,Van Wyck Expressway,T5,Business,False,False,,0,447.0
16694,8/1/25,1026.63,Van Wyck Expressway,T1,Short-Term,False,False,,0,98.0
16695,8/1/25,1026.71,Van Wyck Expressway,T5,Business,False,False,,0,435.0
16696,8/1/25,1026.79,Van Wyck Expressway,T1,Vacationer,True,False,,0,388.0
16697,8/1/25,1026.84,Van Wyck Expressway,T5,Vacationer,False,False,,0,920.0
16698,8/1/25,1026.96,Van Wyck Expressway,T1,Vacationer,False,False,,0,3639.0
16699,8/1/25,1027.08,Van Wyck Expressway,T4,Business,False,False,,0,223.0
16700,8/1/25,1027.35,Van Wyck Expressway,T4,Business,False,False,,0,426.0
16701,8/1/25,1027.38,Van Wyck Expressway,T8,Short-Term,False,False,,0,108.0
16702,8/1/25,1027.39,Van Wyck Expressway,T1,Staff,False,False,,0,480.0
16703,8/1/25,1027.44,Van Wyck Expressway,T5,Short-Term,False,False,,0,80.0
16704,8/1/25,1027.7,Van Wyck Expressway,T4,Short-Term,False,False,,0,69.0
16705,8/1/25,1027.8,Van Wyck Expressway,T4,Staff,False,False,,0,480.0
16706,8/1/25,1027.86,Van Wyck Expressway,T1,Short-Term,False,False,,0,45.0
16707,8/1/25,1027.94,Van Wyck Expressway,T4,Short-Term,False,False,,0,61.0
16708,8/1/25,1028.0,Van Wyck Expressway,T8,Business,False,False,,0,214.0
16709,8/1/25,1028.08,Van Wyck Expressway,T5,Business,False,False,,0,133.0
16710,8/1/25,1028.35,Van Wyck Expressway,T4,Vacationer,False,False,,0,2871.0
16711,8/1/25,1028.51,Van Wyck Expressway,T5,Business,True,False,,0,258.0
16712,8/1/25,1028.64,Van Wyck Expressway,T8,Business,True,False,,0,253.0
16713,8/1/25,1028.68,Van Wyck Expressway,T8,Business,False,False,,0,122.0
16714,8/1/25,1028.84,Van Wyck Expressway,T5,Staff,False,False,,0,480.0
16715,8/1/25,1029.03,Van Wyck Expressway,T1,Business,False,False,,0,299.0
16716,8/1/25,1029.35,Van Wyck Expressway,T1,Short-Term,False,False,,0,90.0
16717,8/1/25,1029.37,Van Wyck Expressway,T1,Vacationer,False,False,,0,2307.0
16718,8/1/25,1029.39,Van Wyck Expressway,T4,Staff,False,False,,0,480.0
16719,8/1/25,1029.5,Van Wyck Expressway,T4,Vacationer,False,False,,0,2204.0
16720,8/1/25,1029.59,Van Wyck Expressway,T8,Short-Term,False,False,,0,86.0
16721,8/1/25,1029.6,Van Wyck Expressway,T8,Vacationer,False,False,,0,1016.0
16722,8/1/25,1029.61,Van Wyck Expressway,T8,Business,True,False,,0,366.0
16723,8/1/25,1029.68,Van Wyck Expressway,T4,Short-Term,False,False,,0,120.0
16724,8/1/25,1029.99,Van Wyck Expressway,T1,Business,False,False,,0,307.0
16725,8/1/25,1030.05,Van Wyck Expressway,T5,Short-Term,False,False,,0,32.0
16726,8/1/25,1030.09,Van Wyck Expressway,T1,Short-Term,False,False,,0,63.0
16727,8/1/25,1030.19,Van Wyck Expressway,T1,Short-Term,False,False,,0,106.0
16728,8/1/25,1030.29,Van Wyck Expressway,T8,Business,False,False,,0,240.0
16729,8/1/25,1030.4,Van Wyck Expressway,T1,Staff,False,False,,0,480.0
16730,8/1/25,1030.53,Van Wyck Expressway,T1,Business,False,False,,0,414.0
16731,8/1/25,1030.55,Van Wyck Expressway,T4,Short-Term,False,False,,0,80.0
16732,8/1/25,1030.55,Van Wyck Expressway,T1,Business,False,False,,0,142.0
16733,8/1/25,1030.56,Van Wyck Expressway,T5,Vacationer,False,False,,0,1398.0
16734,8/1/25,1030.6,Van Wyck Expressway,T1,Business,False,False,,0,475.0
16735,8/1/25,1030.7,Van Wyck Expressway,T5,Short-Term,False,False,,0,53.0
16736,8/1/25,1030.73,Van Wyck Expressway,T8,Vacationer,False,False,,0,1912.0
16737,8/1/25,1030.86,Van Wyck Expressway,T5,Short-Term,False,False,,0,86.0
16738,8/1/25,1030.87,Van Wyck Expressway,T5,Staff,False,False,,0,480.0
16739,8/1/25,1030.99,Van Wyck Expressway,T1,Business,False,False,,0,167.0
16740,8/1/25,1031.14,Van Wyck Expressway,T8,Business,False,False,,0,363.0
16741,8/1/25,1031.22,Van Wyck Expressway,T5,Staff,False,False,,0,480.0
16742,8/1/25,1031.29,Van Wyck Expressway,T5,Staff,False,False,,0,480.0
16743,8/1/25,1031.39,Van Wyck Expressway,T8,Short-Term,False,False,,0,35.0
16744,8/1/25,1031.52,Van Wyck Expressway,T5,Short-Term,False,False,,0,116.0
16745,8/1/25,1031.71,Van Wyck Expressway,T1,Vacationer,False,False,,0,4062.0
16746,8/1/25,1031.73,Van Wyck Expressway,T4,Business,False,False,,0,280.0
16747,8/1/25,1031.76,Van Wyck Expressway,T8,Short-Term,False,False,,0,37.0
16748,8/1/25,1031.92,Van Wyck Expressway,T8,Vacationer,False,False,,0,1310.0
16749,8/1/25,1031.99,Van Wyck Expressway,T5,Business,False,False,,0,230.0
16750,8/1/25,1032.14,Van Wyck Expressway,T1,Vacationer,False,False,,0,1430.0
16751,8/1/25,1032.18,Van Wyck Expressway,T5,Vacationer,False,False,,0,2836.0
16752,8/1/25,1032.2,Van Wyck Expressway,T8,Short-Term,False,False,,0,61.0
16753,8/1/25,1032.3,Van Wyck Expressway,T8,Vacationer,False,False,,0,909.0
16754,8/1/25,1032.4,Van Wyck Expressway,T4,Short-Term,False,False,,0,72.0
16755,8/1/25,1032.71,Van Wyck Expressway,T8,Business,False,False,,0,222.0
16756,8/1/25,1032.85,Van Wyck Expressway,T8,Short-Term,False,False,,0,83.0
16757,8/1/25,1032.87,Van Wyck Expressway,T1,Short-Term,False,False,,0,99.0
16758,8/1/25,1033.11,Van Wyck Expressway,T4,Vacationer,False,False,,0,2239.0
16759,8/1/25,1033.14,Van Wyck Expressway,T5,Short-Term,False,False,,0,44.0
16760,8/1/25,1033.2,Van Wyck Expressway,T1,Vacationer,False,False,,0,1896.0
16761,8/1/25,1033.27,Van Wyck Expressway,T1,Short-Term,False,False,,0,75.0
16762,8/1/25,1033.34,Van Wyck Expressway,T1,Short-Term,False,False,,0,101.0
16763,8/1/25,1033.37,Van Wyck Expressway,T1,Short-Term,False,False,,0,36.0
16764,8/1/25,1033.66,Van Wyck Expressway,T1,Vacationer,False,False,,0,426.0
16765,8/1/25,1033.69,Van Wyck Expressway,T8,Short-Term,False,False,,0,35.0
16766,8/1/25,1033.7,Van Wyck Expressway,T8,Short-Term,True,False,,0,106.0
16767,8/1/25,1033.9,Van Wyck Expressway,T8,Business,False,False,,0,405.0
16768,8/1/25,1033.95,Van Wyck Expressway,T5,Business,False,False,,0,397.0
16769,8/1/25,1034.3,Van Wyck Expressway,T8,Vacationer,False,False,,0,2929.0
16770,8/1/25,1034.74,Van Wyck Expressway,T5,Business,False,False,,0,124.0
16771,8/1/25,1034.78,Van Wyck Expressway,T8,Short-Term,False,False,,0,77.0
16772,8/1/25,1034.86,Van Wyck Expressway,T4,Short-Term,True,False,,0,96.0
16773,8/1/25,1035.33,Van Wyck Expressway,T4,Vacationer,False,False,,0,899.0
16774,8/1/25,1035.37,Van Wyck Expressway,T5,Business,False,False,,0,431.0
16775,8/1/25,1035.4,Van Wyck Expressway,T4,Short-Term,False,False,,0,103.0
16776,8/1/25,1035.41,Van Wyck Expressway,T4,Short-Term,False,False,,0,57.0
16777,8/1/25,1035.57,Van Wyck Expressway,T8,Short-Term,False,False,,0,66.0
16778,8/1/25,1035.57,Van Wyck Expressway,T4,Vacationer,False,False,,0,1498.0
16779,8/1/25,1035.59,Van Wyck Expressway,T5,Short-Term,False,False,,0,42.0
16780,8/1/25,1035.63,Van Wyck Expressway,T8,Business,False,False,,0,292.0
16781,8/1/25,1036.01,Van Wyck Expressway,T4,Short-Term,True,False,,0,94.0
16782,8/1/25,1036.11,Van Wyck Expressway,T1,Short-Term,False,False,,0,79.0
16783,8/1/25,1036.11,Van Wyck Expressway,T8,Vacationer,False,False,,0,4237.0
16784,8/1/25,1036.16,Van Wyck Expressway,T8,Vacationer,False,False,,0,369.0
16785,8/1/25,1036.25,Van Wyck Expressway,T4,Short-Term,False,False,,0,73.0
16786,8/1/25,1036.53,Van Wyck Expressway,T5,Staff,False,False,,0,480.0
16787,8/1/25,1036.57,Van Wyck Expressway,T1,Business,True,False,,0,353.0
16788,8/1/25,1036.58,Van Wyck Expressway,T4,Short-Term,False,False,,0,65.0
16789,8/1/25,1036.82,Van Wyck Expressway,T5,Staff,False,False,,0,480.0
16790,8/1/25,1036.82,Van Wyck Expressway,T4,Vacationer,True,False,,0,997.0
16791,8/1/25,1036.85,Van Wyck Expressway,T5,Vacationer,False,False,,0,3002.0
16792,8/1/25,1036.89,Van Wyck Expressway,T8,Short-Term,False,False,,0,41.0
16793,8/1/25,1036.94,Van Wyck Expressway,T4,Business,False,False,,0,323.0
16794,8/1/25,1036.95,Van Wyck Expressway,T1,Short-Term,False,False,,0,31.0
16795,8/1/25,1036.96,Van Wyck Expressway,T5,Short-Term,False,False,,0,35.0
16796,8/1/25,1037.21,Van Wyck Expressway,T1,Staff,False,False,,0,480.0
16797,8/1/25,1037.25,Van Wyck Expressway,T5,Short-Term,False,False,,0,96.0
16798,8/1/25,1037.29,Van Wyck Expressway,T4,Staff,False,False,,0,480.0
16799,8/1/25,1037.66,Van Wyck Expressway,T1,Short-Term,False,False,,0,39.0
16800,8/1/25,1037.68,Van Wyck Expressway,T8,Business,True,False,,0,277.0
16801,8/1/25,1037.73,Van Wyck Expressway,T8,Short-Term,False,False,,0,83.0
16802,8/1/25,1037.79,Van Wyck Expressway,T1,Short-Term,False,False,,0,33.0
16803,8/1/25,1037.87,Van Wyck Expressway,T4,Short-Term,False,False,,0,38.0
16804,8/1/25,1037.89,Van Wyck Expressway,T1,Short-Term,False,False,,0,103.0
16805,8/1/25,1038.06,Van Wyck Expressway,T5,Business,False,False,,0,435.0
16806,8/1/25,1038.07,Van Wyck Expressway,T1,Business,False,False,,0,385.0
16807,8/1/25,1038.1,Van Wyck Expressway,T4,Vacationer,False,False,,0,1801.0
16808,8/1/25,1038.25,Van Wyck Expressway,T5,Business,False,False,,0,385.0
16809,8/1/25,1038.32,Van Wyck Expressway,T8,Short-Term,False,False,,0,85.0
16810,8/1/25,1038.37,Van Wyck Expressway,T4,Business,False,False,,0,285.0
16811,8/1/25,1038.38,Van Wyck Expressway,T4,Business,False,False,,0,333.0
16812,8/1/25,1038.5,Van Wyck Expressway,T4,Business,False,False,,0,281.0
16813,8/1/25,1038.6,Van Wyck Expressway,T1,Short-Term,False,False,,0,77.0
16814,8/1/25,1038.6,Van Wyck Expressway,T5,Short-Term,False,False,,0,49.0
16815,8/1/25,1038.64,Van Wyck Expressway,T5,Vacationer,True,False,,0,4074.0
16816,8/1/25,1038.68,Van Wyck Expressway,T1,Short-Term,False,False,,0,90.0
16817,8/1/25,1038.71,Van Wyck Expressway,T4,Business,False,False,,0,208.0
16818,8/1/25,1038.73,Van Wyck Expressway,T5,Staff,False,False,,0,480.0
16819,8/1/25,1038.76,Van Wyck Expressway,T4,Short-Term,False,False,,0,30.0
16820,8/1/25,1038.8,Van Wyck Expressway,T5,Staff,False,False,,0,480.0
16821,8/1/25,1038.85,Van Wyck Expressway,T8,Short-Term,True,False,,0,105.0
16822,8/1/25,1038.85,Van Wyck Expressway,T8,Business,False,False,,0,408.0
16823,8/1/25,1039.05,Van Wyck Expressway,T4,Staff,False,False,,0,480.0
16824,8/1/25,1039.1,Van Wyck Expressway,T8,Vacationer,False,False,,0,2766.0
16825,8/1/25,1039.12,Van Wyck Expressway,T5,Staff,False,False,,0,480.0
16826,8/1/25,1039.24,Van Wyck Expressway,T8,Staff,True,False,,0,480.0
16827,8/1/25,1039.29,Van Wyck Expressway,T8,Business,False,False,,0,422.0
16828,8/1/25,1039.3,Van Wyck Expressway,T4,Staff,True,False,,0,480.0
16829,8/1/25,1039.49,Van Wyck Expressway,T1,Vacationer,False,False,,0,4072.0
16830,8/1/25,1039.8,Van Wyck Expressway,T4,Business,False,False,,0,143.0
16831,8/1/25,1039.92,Van Wyck Expressway,T8,Short-Term,False,False,,0,112.0
16832,8/1/25,1039.97,Van Wyck Expressway,T8,Short-Term,False,False,,0,71.0
16833,8/1/25,1040.01,Van Wyck Expressway,T1,Business,False,False,,0,147.0
16834,8/1/25,1040.03,Van Wyck Expressway,T5,Vacationer,False,False,,0,3989.0
16835,8/1/25,1040.09,Van Wyck Expressway,T8,Short-Term,True,False,,0,109.0
16836,8/1/25,1040.29,Van Wyck Expressway,T8,Business,False,False,,0,271.0
16837,8/1/25,1040.4,Van Wyck Expressway,T5,Vacationer,False,False,,0,3400.0
16838,8/1/25,1040.84,Van Wyck Expressway,T8,Short-Term,False,False,,0,56.0
16839,8/1/25,1041.08,Van Wyck Expressway,T5,Vacationer,False,False,,0,4230.0
16840,8/1/25,1041.13,Van Wyck Expressway,T4,Staff,False,False,,0,480.0
16841,8/1/25,1041.16,Van Wyck Expressway,T4,Short-Term,False,False,,0,94.0
16842,8/1/25,1041.18,Van Wyck Expressway,T4,Vacationer,False,False,,0,1326.0
16843,8/1/25,1041.32,Van Wyck Expressway,T4,Short-Term,False,False,,0,107.0
16844,8/1/25,1041.5,Van Wyck Expressway,T4,Staff,False,False,,0,480.0
16845,8/1/25,1041.53,Van Wyck Expressway,T4,Short-Term,False,False,,0,98.0
16846,8/1/25,1041.94,Van Wyck Expressway,T4,Business,False,False,,0,253.0
16847,8/1/25,1042.2,Van Wyck Expressway,T1,Short-Term,False,False,,0,51.0
16848,8/1/25,1042.58,Van Wyck Expressway,T1,Staff,False,False,,0,480.0
16849,8/1/25,1042.7,Van Wyck Expressway,T1,Short-Term,False,False,,0,62.0
16850,8/1/25,1042.94,Van Wyck Expressway,T1,Business,False,False,,0,234.0
16851,8/1/25,1043.04,Van Wyck Expressway,T5,Short-Term,False,False,,0,109.0
16852,8/1/25,1043.3,Van Wyck Expressway,T1,Short-Term,False,False,,0,114.0
16853,8/1/25,1043.34,Van Wyck Expressway,T1,Staff,False,False,,0,480.0
16854,8/1/25,1043.51,Van Wyck Expressway,T1,Staff,False,False,,0,480.0
16855,8/1/25,1043.52,Van Wyck Expressway,T5,Vacationer,True,False,,0,1252.0
16856,8/1/25,1043.7,Van Wyck Expressway,T1,Business,False,False,,0,192.0
16857,8/1/25,1044.13,Van Wyck Expressway,T8,Business,False,False,,0,128.0
16858,8/1/25,1044.27,Van Wyck Expressway,T5,Short-Term,True,False,,0,118.0
16859,8/1/25,1044.29,Van Wyck Expressway,T1,Short-Term,False,False,,0,46.0
16860,8/1/25,1044.31,Van Wyck Expressway,T4,Short-Term,False,False,,0,101.0
16861,8/1/25,1044.42,Van Wyck Expressway,T8,Short-Term,True,False,,0,70.0
16862,8/1/25,1044.54,Van Wyck Expressway,T5,Short-Term,False,False,,0,82.0
16863,8/1/25,1044.59,Van Wyck Expressway,T5,Staff,True,False,,0,480.0
16864,8/1/25,1044.6,Van Wyck Expressway,T5,Vacationer,False,False,,0,3409.0
16865,8/1/25,1044.67,Van Wyck Expressway,T4,Short-Term,False,False,,0,73.0
16866,8/1/25,1044.67,Van Wyck Expressway,T1,Business,False,False,,0,463.0
16867,8/1/25,1044.72,Van Wyck Expressway,T4,Vacationer,False,False,,0,2228.0
16868,8/1/25,1044.8,Van Wyck Expressway,T4,Short-Term,False,False,,0,119.0
16869,8/1/25,1044.82,Van Wyck Expressway,T4,Vacationer,True,False,,0,3465.0
16870,8/1/25,1044.85,Van Wyck Expressway,T5,Business,False,False,,0,454.0
16871,8/1/25,1044.9,Van Wyck Expressway,T8,Short-Term,False,False,,0,116.0
16872,8/1/25,1044.93,Van Wyck Expressway,T1,Vacationer,False,False,,0,3318.0
16873,8/1/25,1044.96,Van Wyck Expressway,T5,Business,False,False,,0,434.0
16874,8/1/25,1045.08,Van Wyck Expressway,T1,Short-Term,False,False,,0,43.0
16875,8/1/25,1045.17,Van Wyck Expressway,T5,Short-Term,False,False,,0,72.0
16876,8/1/25,1045.25,Van Wyck Expressway,T1,Business,False,False,,0,186.0
16877,8/1/25,1045.26,Van Wyck Expressway,T4,Short-Term,False,False,,0,83.0
16878,8/1/25,1045.34,Van Wyck Expressway,T4,Business,False,False,,0,241.0
16879,8/1/25,1045.35,Van Wyck Expressway,T4,Business,False,False,,0,389.0
16880,8/1/25,1045.5,Van Wyck Expressway,T8,Short-Term,False,False,,0,52.0
16881,8/1/25,1045.54,Van Wyck Expressway,T8,Short-Term,False,False,,0,30.0
16882,8/1/25,1045.56,Van Wyck Expressway,T8,Short-Term,False,False,,0,86.0
16883,8/1/25,1045.84,Van Wyck Expressway,T5,Short-Term,False,False,,0,51.0
16884,8/1/25,1046.08,Van Wyck Expressway,T5,Short-Term,False,False,,0,108.0
16885,8/1/25,1046.12,Van Wyck Expressway,T8,Short-Term,False,False,,0,39.0
16886,8/1/25,1046.16,Van Wyck Expressway,T5,Business,False,False,,0,332.0
16887,8/1/25,1046.28,Van Wyck Expressway,T5,Short-Term,True,False,,0,62.0
16888,8/1/25,1046.3,Van Wyck Expressway,T5,Vacationer,False,False,,0,3799.0
16889,8/1/25,1046.31,Van Wyck Expressway,T5,Short-Term,False,False,,0,38.0
16890,8/1/25,1046.34,Van Wyck Expressway,T8,Business,False,False,,0,463.0
16891,8/1/25,1046.38,Van Wyck Expressway,T5,Business,False,False,,0,358.0
16892,8/1/25,1046.43,Van Wyck Expressway,T1,Staff,False,False,,0,480.0
16893,8/1/25,1046.43,Van Wyck Expressway,T1,Short-Term,False,False,,0,75.0
16894,8/1/25,1046.49,Van Wyck Expressway,T8,Business,False,False,,0,321.0
16895,8/1/25,1046.73,Van Wyck Expressway,T5,Vacationer,False,False,,0,3170.0
16896,8/1/25,1046.77,Van Wyck Expressway,T5,Short-Term,False,False,,0,103.0
16897,8/1/25,1046.82,Van Wyck Expressway,T5,Business,False,False,,0,305.0
16898,8/1/25,1047.05,Van Wyck Expressway,T8,Staff,False,False,,0,480.0
16899,8/1/25,1047.22,Van Wyck Expressway,T8,Business,False,False,,0,132.0
16900,8/1/25,1047.3,Van Wyck Expressway,T5,Short-Term,True,False,,0,71.0
16901,8/1/25,1047.33,Van Wyck Expressway,T1,Vacationer,False,False,,0,3436.0
16902,8/1/25,1047.35,Van Wyck Expressway,T5,Business,False,False,,0,237.0
16903,8/1/25,1047.43,Van Wyck Expressway,T8,Business,False,False,,0,474.0
16904,8/1/25,1047.48,Van Wyck Expressway,T8,Short-Term,False,False,,0,54.0
16905,8/1/25,1047.71,Van Wyck Expressway,T4,Staff,False,False,,0,480.0
16906,8/1/25,1047.75,Van Wyck Expressway,T4,Short-Term,False,False,,0,68.0
16907,8/1/25,1047.79,Van Wyck Expressway,T1,Vacationer,False,False,,0,3197.0
16908,8/1/25,1047.85,Van Wyck Expressway,T5,Vacationer,False,False,,0,604.0
16909,8/1/25,1048.03,Van Wyck Expressway,T8,Short-Term,False,False,,0,62.0
16910,8/1/25,1048.25,Van Wyck Expressway,T8,Short-Term,False,False,,0,52.0
16911,8/1/25,1048.27,Van Wyck Expressway,T5,Business,False,False,,0,237.0
16912,8/1/25,1048.36,Van Wyck Expressway,T1,Short-Term,False,False,,0,77.0
16913,8/1/25,1048.46,Van Wyck Expressway,T4,Short-Term,False,False,,0,99.0
16914,8/1/25,1048.63,Van Wyck Expressway,T8,Business,True,False,,0,235.0
16915,8/1/25,1048.65,Van Wyck Expressway,T8,Short-Term,False,False,,0,91.0
16916,8/1/25,1048.7,Van Wyck Expressway,T4,Vacationer,False,False,,0,2602.0
16917,8/1/25,1048.86,Van Wyck Expressway,T1,Short-Term,False,False,,0,48.0
16918,8/1/25,1048.87,Van Wyck Expressway,T5,Business,False,False,,0,316.0
16919,8/1/25,1048.92,Van Wyck Expressway,T1,Short-Term,False,False,,0,80.0
16920,8/1/25,1049.09,Van Wyck Expressway,T8,Short-Term,False,False,,0,74.0
16921,8/1/25,1049.33,Van Wyck Expressway,T1,Vacationer,False,False,,0,2352.0
16922,8/1/25,1049.35,Van Wyck Expressway,T4,Vacationer,False,False,,0,1382.0
16923,8/1/25,1049.41,Van Wyck Expressway,T5,Business,False,False,,0,459.0
16924,8/1/25,1049.43,Van Wyck Expressway,T8,Business,False,False,,0,274.0
16925,8/1/25,1049.54,Van Wyck Expressway,T4,Short-Term,False,False,,0,90.0
16926,8/1/25,1049.58,Van Wyck Expressway,T5,Short-Term,False,False,,0,41.0
16927,8/1/25,1049.66,Van Wyck Expressway,T5,Short-Term,False,False,,0,119.0
16928,8/1/25,1049.75,Van Wyck Expressway,T1,Business,False,False,,0,178.0
16929,8/1/25,1050.06,Van Wyck Expressway,T4,Vacationer,True,False,,0,1226.0
16930,8/1/25,1050.17,Van Wyck Expressway,T4,Short-Term,True,False,,0,114.0
16931,8/1/25,1050.26,Van Wyck Expressway,T5,Short-Term,False,False,,0,81.0
16932,8/1/25,1050.28,Van Wyck Expressway,T4,Vacationer,False,False,,0,3203.0
16933,8/1/25,1050.44,Van Wyck Expressway,T8,Short-Term,False,False,,0,80.0
16934,8/1/25,1050.47,Van Wyck Expressway,T1,Staff,True,False,,0,480.0
16935,8/1/25,1050.61,Van Wyck Expressway,T1,Short-Term,False,False,,0,75.0
16936,8/1/25,1050.64,Van Wyck Expressway,T8,Short-Term,True,False,,0,93.0
16937,8/1/25,1050.78,Van Wyck Expressway,T4,Business,True,False,,0,375.0
16938,8/1/25,1050.89,Van Wyck Expressway,T1,Short-Term,False,False,,0,55.0
16939,8/1/25,1050.9,Van Wyck Expressway,T1,Short-Term,False,False,,0,44.0
16940,8/1/25,1051.09,Van Wyck Expressway,T1,Short-Term,False,False,,0,93.0
16941,8/1/25,1051.11,Van Wyck Expressway,T1,Business,False,False,,0,147.0
16942,8/1/25,1051.24,Van Wyck Expressway,T4,Short-Term,False,False,,0,91.0
16943,8/1/25,1051.24,Van Wyck Expressway,T4,Short-Term,False,False,,0,81.0
16944,8/1/25,1051.25,Van Wyck Expressway,T1,Staff,False,False,,0,480.0
16945,8/1/25,1051.47,Van Wyck Expressway,T4,Business,False,False,,0,209.0
16946,8/1/25,1051.47,Van Wyck Expressway,T8,Business,False,False,,0,414.0
16947,8/1/25,1051.59,Van Wyck Expressway,T5,Short-Term,False,False,,0,105.0
16948,8/1/25,1051.6,Van Wyck Expressway,T5,Staff,False,False,,0,480.0
16949,8/1/25,1051.68,Van Wyck Expressway,T8,Staff,False,False,,0,480.0
16950,8/1/25,1051.72,Van Wyck Expressway,T4,Short-Term,False,False,,0,66.0
16951,8/1/25,1051.78,Van Wyck Expressway,T1,Staff,False,False,,0,480.0
16952,8/1/25,1052.0,Van Wyck Expressway,T8,Business,False,False,,0,341.0
16953,8/1/25,1052.08,Van Wyck Expressway,T8,Short-Term,False,False,,0,45.0
16954,8/1/25,1052.15,Van Wyck Expressway,T5,Short-Term,False,False,,0,85.0
16955,8/1/25,1052.21,Van Wyck Expressway,T1,Staff,False,False,,0,480.0
16956,8/1/25,1052.34,Van Wyck Expressway,T1,Vacationer,False,False,,0,1948.0
16957,8/1/25,1052.35,Van Wyck Expressway,T8,Vacationer,False,False,,0,3324.0
16958,8/1/25,1052.37,Van Wyck Expressway,T5,Short-Term,False,False,,0,84.0
16959,8/1/25,1052.4,Van Wyck Expressway,T4,Short-Term,False,False,,0,111.0
16960,8/1/25,1052.68,Van Wyck Expressway,T4,Vacationer,False,False,,0,2143.0
16961,8/1/25,1052.72,Van Wyck Expressway,T8,Vacationer,False,False,,0,2527.0
16962,8/1/25,1052.78,Van Wyck Expressway,T5,Business,False,False,,0,123.0
16963,8/1/25,1052.79,Van Wyck Expressway,T4,Short-Term,False,False,,0,96.0
16964,8/1/25,1052.84,Van Wyck Expressway,T1,Business,False,False,,0,162.0
16965,8/1/25,1052.87,Van Wyck Expressway,T4,Vacationer,False,False,,0,1480.0
16966,8/1/25,1052.9,Van Wyck Expressway,T1,Short-Term,False,False,,0,33.0
16967,8/1/25,1053.05,Van Wyck Expressway,T1,Business,False,False,,0,259.0
16968,8/1/25,1053.19,Van Wyck Expressway,T8,Short-Term,False,False,,0,95.0
16969,8/1/25,1053.2,Van Wyck Expressway,T8,Short-Term,False,False,,0,73.0
16970,8/1/25,1053.24,Van Wyck Expressway,T8,Short-Term,False,False,,0,114.0
16971,8/1/25,1053.3,Van Wyck Expressway,T8,Vacationer,False,False,,0,2721.0
16972,8/1/25,1053.32,Van Wyck Expressway,T5,Business,False,False,,0,263.0
16973,8/1/25,1053.33,Van Wyck Expressway,T5,Short-Term,False,False,,0,80.0
16974,8/1/25,1053.46,Van Wyck Expressway,T8,Business,False,False,,0,368.0
16975,8/1/25,1053.92,Van Wyck Expressway,T1,Business,False,False,,0,452.0
16976,8/1/25,1053.93,Van Wyck Expressway,T5,Business,False,False,,0,458.0
16977,8/1/25,1053.95,Van Wyck Expressway,T8,Business,False,False,,0,192.0
16978,8/1/25,1054.15,Van Wyck Expressway,T1,Short-Term,False,False,,0,89.0
16979,8/1/25,1054.19,Van Wyck Expressway,T5,Business,False,False,,0,287.0
16980,8/1/25,1054.45,Van Wyck Expressway,T5,Vacationer,False,False,,0,2739.0
16981,8/1/25,1054.45,Van Wyck Expressway,T1,Vacationer,False,False,,0,488.0
16982,8/1/25,1054.5,Van Wyck Expressway,T5,Short-Term,False,False,,0,112.0
16983,8/1/25,1054.59,Van Wyck Expressway,T8,Short-Term,False,False,,0,69.0
16984,8/1/25,1054.62,Van Wyck Expressway,T4,Staff,False,False,,0,480.0
16985,8/1/25,1054.65,Van Wyck Expressway,T4,Short-Term,False,False,,0,109.0
16986,8/1/25,1054.66,Van Wyck Expressway,T4,Short-Term,True,False,,0,56.0
16987,8/1/25,1054.95,Van Wyck Expressway,T4,Vacationer,False,False,,0,590.0
16988,8/1/25,1055.02,Van Wyck Expressway,T5,Staff,False,False,,0,480.0
16989,8/1/25,1055.48,Van Wyck Expressway,T8,Vacationer,False,False,,0,1477.0
16990,8/1/25,1055.56,Van Wyck Expressway,T4,Short-Term,False,False,,0,80.0
16991,8/1/25,1055.7,Van Wyck Expressway,T1,Short-Term,False,False,,0,63.0
16992,8/1/25,1055.71,Van Wyck Expressway,T5,Business,False,False,,0,401.0
16993,8/1/25,1055.85,Van Wyck Expressway,T1,Business,True,False,,0,180.0
16994,8/1/25,1055.85,Van Wyck Expressway,T8,Vacationer,False,False,,0,3247.0
16995,8/1/25,1055.93,Van Wyck Expressway,T8,Staff,True,False,,0,480.0
16996,8/1/25,1056.09,Van Wyck Expressway,T1,Short-Term,False,False,,0,82.0
16997,8/1/25,1056.2,Van Wyck Expressway,T8,Business,False,False,,0,257.0
16998,8/1/25,1056.37,Van Wyck Expressway,T8,Staff,False,False,,0,480.0
16999,8/1/25,1056.38,Van Wyck Expressway,T4,Short-Term,True,False,,0,73.0
17000,8/1/25,1056.41,Van Wyck Expressway,T1,Vacationer,False,False,,0,836.0
17001,8/1/25,1056.52,Van Wyck Expressway,T5,Business,False,False,,0,274.0
17002,8/1/25,1056.6,Van Wyck Expressway,T1,Short-Term,False,False,,0,43.0
17003,8/1/25,1056.67,Van Wyck Expressway,T4,Business,False,False,,0,147.0
17004,8/1/25,1056.69,Van Wyck Expressway,T5,Short-Term,False,False,,0,68.0
17005,8/1/25,1056.9,Van Wyck Expressway,T1,Vacationer,False,False,,0,3945.0
17006,8/1/25,1056.96,Van Wyck Expressway,T1,Vacationer,False,False,,0,3429.0
17007,8/1/25,1056.96,Van Wyck Expressway,T8,Business,False,False,,0,184.0
17008,8/1/25,1057.04,Van Wyck Expressway,T8,Business,False,False,,0,356.0
17009,8/1/25,1057.16,Van Wyck Expressway,T1,Short-Term,False,False,,0,77.0
17010,8/1/25,1057.23,Van Wyck Expressway,T5,Short-Term,False,False,,0,31.0
17011,8/1/25,1057.24,Van Wyck Expressway,T5,Vacationer,False,False,,0,4188.0
17012,8/1/25,1057.32,Van Wyck Expressway,T8,Business,False,False,,0,203.0
17013,8/1/25,1057.45,Van Wyck Expressway,T1,Short-Term,False,False,,0,46.0
17014,8/1/25,1057.5,Van Wyck Expressway,T4,Staff,False,False,,0,480.0
17015,8/1/25,1057.53,Van Wyck Expressway,T8,Short-Term,False,False,,0,39.0
17016,8/1/25,1057.56,Van Wyck Expressway,T8,Short-Term,False,False,,0,91.0
17017,8/1/25,1057.61,Van Wyck Expressway,T5,Staff,False,False,,0,480.0
17018,8/1/25,1057.64,Van Wyck Expressway,T8,Staff,False,False,,0,480.0
17019,8/1/25,1057.78,Van Wyck Expressway,T4,Short-Term,True,False,,0,40.0
17020,8/1/25,1057.9,Van Wyck Expressway,T1,Short-Term,False,False,,0,65.0
17021,8/1/25,1057.99,Van Wyck Expressway,T1,Short-Term,False,False,,0,44.0
17022,8/1/25,1058.01,Van Wyck Expressway,T5,Short-Term,False,False,,0,79.0
17023,8/1/25,1058.06,Van Wyck Expressway,T1,Business,True,False,,0,421.0
17024,8/1/25,1058.09,Van Wyck Expressway,T8,Business,False,False,,0,313.0
17025,8/1/25,1058.26,Van Wyck Expressway,T8,Vacationer,False,False,,0,1167.0
17026,8/1/25,1058.5,Van Wyck Expressway,T1,Staff,False,False,,0,480.0
17027,8/1/25,1058.56,Van Wyck Expressway,T8,Vacationer,False,False,,0,1663.0
17028,8/1/25,1058.58,Van Wyck Expressway,T1,Business,False,False,,0,185.0
17029,8/1/25,1058.73,Van Wyck Expressway,T1,Business,False,False,,0,126.0
17030,8/1/25,1058.77,Van Wyck Expressway,T1,Vacationer,False,False,,0,3002.0
17031,8/1/25,1058.95,Van Wyck Expressway,T5,Business,True,False,,0,150.0
17032,8/1/25,1059.13,Van Wyck Expressway,T4,Business,False,False,,0,351.0
17033,8/1/25,1059.35,Van Wyck Expressway,T8,Business,False,False,,0,132.0
17034,8/1/25,1059.44,Van Wyck Expressway,T1,Vacationer,False,False,,0,1138.0
17035,8/1/25,1059.45,Van Wyck Expressway,T4,Short-Term,False,False,,0,77.0
17036,8/1/25,1059.54,Van Wyck Expressway,T8,Vacationer,False,False,,0,1531.0
17037,8/1/25,1059.64,Van Wyck Expressway,T5,Short-Term,False,False,,0,46.0
17038,8/1/25,1059.67,Van Wyck Expressway,T4,Business,False,False,,0,403.0
17039,8/1/25,1059.73,Van Wyck Expressway,T8,Staff,False,False,,0,480.0
17040,8/1/25,1059.93,Van Wyck Expressway,T8,Business,False,False,,0,374.0
17041,8/1/25,1059.96,Van Wyck Expressway,T4,Short-Term,False,False,,0,94.0
17042,8/1/25,1059.97,Van Wyck Expressway,T1,Business,False,False,,0,125.0
17043,8/1/25,1060.21,Van Wyck Expressway,T8,Business,False,False,,0,267.0
17044,8/1/25,1060.3,Van Wyck Expressway,T1,Business,False,False,,0,395.0
17045,8/1/25,1060.51,Van Wyck Expressway,T5,Staff,False,False,,0,480.0
17046,8/1/25,1060.57,Van Wyck Expressway,T4,Staff,False,False,,0,480.0
17047,8/1/25,1060.8,Van Wyck Expressway,T1,Short-Term,False,False,,0,41.0
17048,8/1/25,1061.0,Van Wyck Expressway,T4,Short-Term,False,False,,0,109.0
17049,8/1/25,1061.12,Van Wyck Expressway,T1,Vacationer,False,False,,0,3448.0
17050,8/1/25,1061.16,Van Wyck Expressway,T4,Staff,False,False,,0,480.0
17051,8/1/25,1061.27,Van Wyck Expressway,T4,Short-Term,True,False,,0,77.0
17052,8/1/25,1061.33,Van Wyck Expressway,T4,Short-Term,True,False,,0,68.0
17053,8/1/25,1061.46,Van Wyck Expressway,T4,Vacationer,False,False,,0,1707.0
17054,8/1/25,1061.48,Van Wyck Expressway,T8,Short-Term,False,False,,0,79.0
17055,8/1/25,1061.59,Van Wyck Expressway,T1,Staff,False,False,,0,480.0
17056,8/1/25,1061.69,Van Wyck Expressway,T4,Short-Term,False,False,,0,107.0
17057,8/1/25,1061.85,Van Wyck Expressway,T1,Vacationer,False,False,,0,4314.0
17058,8/1/25,1062.0,Van Wyck Expressway,T1,Business,False,False,,0,220.0
17059,8/1/25,1062.09,Van Wyck Expressway,T8,Vacationer,False,False,,0,3222.0
17060,8/1/25,1062.13,Van Wyck Expressway,T4,Staff,False,False,,0,480.0
17061,8/1/25,1062.3,Van Wyck Expressway,T8,Short-Term,False,False,,0,89.0
17062,8/1/25,1062.41,Van Wyck Expressway,T4,Short-Term,False,False,,0,41.0
17063,8/1/25,1062.52,Van Wyck Expressway,T8,Vacationer,False,False,,0,1690.0
17064,8/1/25,1062.53,Van Wyck Expressway,T4,Vacationer,False,False,,0,3033.0
17065,8/1/25,1062.76,Van Wyck Expressway,T4,Vacationer,False,False,,0,3567.0
17066,8/1/25,1062.87,Van Wyck Expressway,T5,Short-Term,False,False,,0,87.0
17067,8/1/25,1063.18,Van Wyck Expressway,T4,Short-Term,True,False,,0,85.0
17068,8/1/25,1063.44,Van Wyck Expressway,T4,Vacationer,False,False,,0,4214.0
17069,8/1/25,1063.72,Van Wyck Expressway,T5,Short-Term,False,False,,0,77.0
17070,8/1/25,1063.77,Van Wyck Expressway,T8,Short-Term,True,False,,0,82.0
17071,8/1/25,1063.97,Van Wyck Expressway,T5,Business,False,False,,0,150.0
17072,8/1/25,1064.01,Van Wyck Expressway,T1,Business,True,False,,0,388.0
17073,8/1/25,1064.17,Van Wyck Expressway,T8,Short-Term,False,False,,0,53.0
17074,8/1/25,1064.19,Van Wyck Expressway,T8,Business,False,False,,0,254.0
17075,8/1/25,1064.21,Van Wyck Expressway,T1,Vacationer,False,False,,0,2279.0
17076,8/1/25,1064.33,Van Wyck Expressway,T4,Short-Term,True,False,,0,38.0
17077,8/1/25,1064.6,Van Wyck Expressway,T8,Short-Term,False,False,,0,56.0
17078,8/1/25,1064.63,Van Wyck Expressway,T8,Business,False,False,,0,407.0
17079,8/1/25,1064.7,Van Wyck Expressway,T1,Business,False,False,,0,413.0
17080,8/1/25,1064.72,Van Wyck Expressway,T5,Vacationer,False,False,,0,3169.0
17081,8/1/25,1064.77,Van Wyck Expressway,T5,Short-Term,False,False,,0,50.0
17082,8/1/25,1064.79,Van Wyck Expressway,T5,Staff,False,False,,0,480.0
17083,8/1/25,1065.1,Van Wyck Expressway,T1,Short-Term,False,False,,0,44.0
17084,8/1/25,1065.11,Van Wyck Expressway,T5,Business,False,False,,0,305.0
17085,8/1/25,1065.15,Van Wyck Expressway,T4,Vacationer,False,False,,0,2300.0
17086,8/1/25,1065.54,Van Wyck Expressway,T1,Vacationer,False,False,,0,810.0
17087,8/1/25,1065.97,Van Wyck Expressway,T4,Short-Term,False,False,,0,86.0
17088,8/1/25,1066.22,Van Wyck Expressway,T5,Short-Term,False,False,,0,104.0
17089,8/1/25,1066.48,Van Wyck Expressway,T8,Business,False,False,,0,197.0
17090,8/1/25,1066.6,Van Wyck Expressway,T5,Short-Term,False,False,,0,91.0
17091,8/1/25,1066.77,Van Wyck Expressway,T1,Short-Term,False,False,,0,110.0
17092,8/1/25,1066.8,Van Wyck Expressway,T1,Short-Term,False,False,,0,106.0
17093,8/1/25,1067.03,Van Wyck Expressway,T8,Vacationer,False,False,,0,988.0
17094,8/1/25,1067.21,Van Wyck Expressway,T1,Business,False,False,,0,440.0
17095,8/1/25,1067.44,Van Wyck Expressway,T4,Vacationer,False,False,,0,956.0
17096,8/1/25,1068.06,Van Wyck Expressway,T5,Vacationer,False,False,,0,2912.0
17097,8/1/25,1068.31,Van Wyck Expressway,T1,Business,False,False,,0,195.0
17098,8/1/25,1068.36,Van Wyck Expressway,T8,Short-Term,False,False,,0,106.0
17099,8/1/25,1068.52,Van Wyck Expressway,T4,Vacationer,False,False,,0,1412.0
17100,8/1/25,1068.88,Van Wyck Expressway,T5,Business,False,False,,0,212.0
17101,8/1/25,1068.89,Van Wyck Expressway,T5,Short-Term,False,False,,0,65.0
17102,8/1/25,1068.96,Van Wyck Expressway,T4,Business,True,False,,0,185.0
17103,8/1/25,1069.1,Van Wyck Expressway,T8,Business,False,False,,0,395.0
17104,8/1/25,1069.2,Van Wyck Expressway,T5,Short-Term,False,False,,0,41.0
17105,8/1/25,1069.36,Van Wyck Expressway,T5,Short-Term,False,False,,0,45.0
17106,8/1/25,1069.43,Van Wyck Expressway,T1,Short-Term,False,False,,0,113.0
17107,8/1/25,1069.44,Van Wyck Expressway,T4,Business,False,False,,0,417.0
17108,8/1/25,1069.46,Van Wyck Expressway,T1,Business,True,False,,0,386.0
17109,8/1/25,1069.63,Van Wyck Expressway,T4,Vacationer,False,False,,0,1441.0
17110,8/1/25,1069.86,Van Wyck Expressway,T5,Business,True,False,,0,151.0
17111,8/1/25,1069.96,Van Wyck Expressway,T8,Business,False,False,,0,290.0
17112,8/1/25,1069.98,Van Wyck Expressway,T4,Business,False,False,,0,392.0
17113,8/1/25,1070.47,Van Wyck Expressway,T4,Business,False,False,,0,318.0
17114,8/1/25,1070.63,Van Wyck Expressway,T8,Short-Term,False,False,,0,78.0
17115,8/1/25,1070.65,Van Wyck Expressway,T5,Vacationer,False,False,,0,1531.0
17116,8/1/25,1070.66,Van Wyck Expressway,T5,Short-Term,False,False,,0,30.0
17117,8/1/25,1070.69,Van Wyck Expressway,T5,Business,False,False,,0,158.0
17118,8/1/25,1070.71,Van Wyck Expressway,T8,Vacationer,False,False,,0,4138.0
17119,8/1/25,1070.79,Van Wyck Expressway,T8,Short-Term,False,False,,0,71.0
17120,8/1/25,1070.8,Van Wyck Expressway,T5,Vacationer,False,False,,0,2543.0
17121,8/1/25,1071.02,Van Wyck Expressway,T8,Short-Term,False,False,,0,44.0
17122,8/1/25,1071.25,Van Wyck Expressway,T5,Short-Term,False,False,,0,101.0
17123,8/1/25,1071.46,Van Wyck Expressway,T1,Vacationer,False,False,,0,3572.0
17124,8/1/25,1071.58,Van Wyck Expressway,T5,Short-Term,False,False,,0,49.0
17125,8/1/25,1071.61,Van Wyck Expressway,T5,Short-Term,False,False,,0,86.0
17126,8/1/25,1071.75,Van Wyck Expressway,T4,Business,False,False,,0,373.0
17127,8/1/25,1071.82,Van Wyck Expressway,T4,Business,False,False,,0,306.0
17128,8/1/25,1071.95,Van Wyck Expressway,T4,Business,False,False,,0,156.0
17129,8/1/25,1072.0,Van Wyck Expressway,T8,Vacationer,False,False,,0,2708.0
17130,8/1/25,1072.01,Van Wyck Expressway,T4,Short-Term,False,False,,0,36.0
17131,8/1/25,1072.04,Van Wyck Expressway,T4,Short-Term,False,False,,0,40.0
17132,8/1/25,1072.44,Van Wyck Expressway,T4,Vacationer,False,False,,0,2815.0
17133,8/1/25,1072.57,Van Wyck Expressway,T8,Staff,False,False,,0,480.0
17134,8/1/25,1072.65,Van Wyck Expressway,T4,Business,True,False,,0,137.0
17135,8/1/25,1072.65,Van Wyck Expressway,T4,Short-Term,False,False,,0,88.0
17136,8/1/25,1072.88,Van Wyck Expressway,T1,Vacationer,False,False,,0,2480.0
17137,8/1/25,1072.97,Van Wyck Expressway,T5,Business,False,False,,0,460.0
17138,8/1/25,1072.97,Van Wyck Expressway,T8,Short-Term,False,False,,0,92.0
17139,8/1/25,1073.04,Van Wyck Expressway,T8,Business,False,False,,0,145.0
17140,8/1/25,1073.34,Van Wyck Expressway,T5,Business,False,False,,0,352.0
17141,8/1/25,1073.37,Van Wyck Expressway,T5,Business,False,False,,0,311.0
17142,8/1/25,1073.39,Van Wyck Expressway,T8,Vacationer,False,False,,0,1714.0
17143,8/1/25,1073.4,Van Wyck Expressway,T4,Business,False,False,,0,293.0
17144,8/1/25,1073.41,Van Wyck Expressway,T4,Short-Term,False,False,,0,50.0
17145,8/1/25,1073.41,Van Wyck Expressway,T4,Business,False,False,,0,414.0
17146,8/1/25,1073.45,Van Wyck Expressway,T4,Business,False,False,,0,187.0
17147,8/1/25,1073.58,Van Wyck Expressway,T8,Short-Term,False,False,,0,92.0
17148,8/1/25,1073.65,Van Wyck Expressway,T5,Short-Term,False,False,,0,30.0
17149,8/1/25,1073.71,Van Wyck Expressway,T5,Vacationer,True,False,,0,3503.0
17150,8/1/25,1073.74,Van Wyck Expressway,T1,Business,False,False,,0,406.0
17151,8/1/25,1073.78,Van Wyck Expressway,T8,Vacationer,False,False,,0,4037.0
17152,8/1/25,1073.81,Van Wyck Expressway,T5,Short-Term,True,False,,0,100.0
17153,8/1/25,1073.82,Van Wyck Expressway,T8,Short-Term,False,False,,0,81.0
17154,8/1/25,1074.04,Van Wyck Expressway,T1,Short-Term,False,False,,0,51.0
17155,8/1/25,1074.16,Van Wyck Expressway,T1,Short-Term,False,False,,0,42.0
17156,8/1/25,1074.26,Van Wyck Expressway,T4,Business,False,False,,0,143.0
17157,8/1/25,1074.35,Van Wyck Expressway,T5,Short-Term,False,False,,0,83.0
17158,8/1/25,1074.36,Van Wyck Expressway,T4,Staff,False,False,,0,480.0
17159,8/1/25,1074.36,Van Wyck Expressway,T8,Short-Term,False,False,,0,116.0
17160,8/1/25,1074.52,Van Wyck Expressway,T4,Business,False,False,,0,471.0
17161,8/1/25,1074.67,Van Wyck Expressway,T8,Vacationer,False,False,,0,1115.0
17162,8/1/25,1074.92,Van Wyck Expressway,T4,Staff,True,False,,0,480.0
17163,8/1/25,1075.04,Van Wyck Expressway,T5,Vacationer,False,False,,0,4199.0
17164,8/1/25,1075.09,Van Wyck Expressway,T8,Short-Term,False,False,,0,75.0
17165,8/1/25,1075.13,Van Wyck Expressway,T1,Vacationer,False,False,,0,4046.0
17166,8/1/25,1075.16,Van Wyck Expressway,T8,Vacationer,False,False,,0,4181.0
17167,8/1/25,1075.24,Van Wyck Expressway,T4,Staff,True,False,,0,480.0
17168,8/1/25,1075.48,Van Wyck Expressway,T1,Business,True,False,,0,453.0
17169,8/1/25,1075.7,Van Wyck Expressway,T8,Staff,False,False,,0,480.0
17170,8/1/25,1075.79,Van Wyck Expressway,T1,Short-Term,False,False,,0,70.0
17171,8/1/25,1076.04,Van Wyck Expressway,T5,Business,False,False,,0,431.0
17172,8/1/25,1076.12,Van Wyck Expressway,T5,Business,False,False,,0,296.0
17173,8/1/25,1076.16,Van Wyck Expressway,T5,Vacationer,True,False,,0,3977.0
17174,8/1/25,1076.18,Van Wyck Expressway,T5,Business,False,False,,0,407.0
17175,8/1/25,1076.27,Van Wyck Expressway,T5,Business,False,False,,0,127.0
17176,8/1/25,1076.28,Van Wyck Expressway,T5,Short-Term,True,False,,0,57.0
17177,8/1/25,1076.35,Van Wyck Expressway,T8,Vacationer,False,False,,0,2635.0
17178,8/1/25,1076.36,Van Wyck Expressway,T5,Vacationer,False,False,,0,1202.0
17179,8/1/25,1076.58,Van Wyck Expressway,T4,Vacationer,False,False,,0,3514.0
17180,8/1/25,1076.6,Van Wyck Expressway,T1,Business,False,False,,0,204.0
17181,8/1/25,1076.95,Van Wyck Expressway,T1,Business,True,False,,0,123.0
17182,8/1/25,1077.01,Van Wyck Expressway,T4,Business,False,False,,0,175.0
17183,8/1/25,1077.02,Van Wyck Expressway,T8,Business,False,False,,0,362.0
17184,8/1/25,1077.07,Van Wyck Expressway,T1,Short-Term,False,False,,0,88.0
17185,8/1/25,1077.19,Van Wyck Expressway,T8,Business,False,False,,0,304.0
17186,8/1/25,1077.34,Van Wyck Expressway,T8,Short-Term,False,False,,0,87.0
17187,8/1/25,1077.42,Van Wyck Expressway,T5,Business,False,False,,0,400.0
17188,8/1/25,1077.46,Van Wyck Expressway,T8,Short-Term,False,False,,0,73.0
17189,8/1/25,1077.48,Van Wyck Expressway,T1,Business,False,False,,0,168.0
17190,8/1/25,1077.53,Van Wyck Expressway,T4,Business,False,False,,0,246.0
17191,8/1/25,1077.62,Van Wyck Expressway,T4,Vacationer,False,False,,0,1378.0
17192,8/1/25,1077.62,Van Wyck Expressway,T4,Business,False,False,,0,329.0
17193,8/1/25,1077.69,Van Wyck Expressway,T5,Staff,False,False,,0,480.0
17194,8/1/25,1077.7,Van Wyck Expressway,T8,Staff,False,False,,0,480.0
17195,8/1/25,1077.79,Van Wyck Expressway,T5,Vacationer,False,False,,0,1876.0
17196,8/1/25,1077.81,Van Wyck Expressway,T8,Short-Term,False,False,,0,78.0
17197,8/1/25,1077.84,Van Wyck Expressway,T1,Vacationer,False,False,,0,1894.0
17198,8/1/25,1078.07,Van Wyck Expressway,T8,Short-Term,False,False,,0,80.0
17199,8/1/25,1078.08,Van Wyck Expressway,T4,Business,False,False,,0,326.0
17200,8/1/25,1078.21,Van Wyck Expressway,T8,Short-Term,False,False,,0,32.0
